EGFR,PI3K_AKT,mTOR,MEK_ERK,PKC,TGFb-SMAD,STAT3,DPD_NC,DPD_LB
0,0.178168627193651,0.0536062562103275,-0.0305636499534533,-0.0579663517089123,0.235652870794309,0,0,0
0.1018088036605,0,0.0705058569903562,0.0497971322914352,0,0.229572325074974,0.110340177598164,0,0
0,0.0103169919944176,0,0.0134481903423091,0.391842223620909,0,0,0,0
0.0540404102287122,0.0983463956651416,0.0985808967917715,0,0,0.300658267436148,-0.00366718187505727,0,0
0.0545561745767908,0,0,0,0,0,0,0,0
0.119606021025831,0,0,0,0,0,0,0,0
2.11434685136541,0,0,0,0,0,0,0,0
0,-0.455027203549256,1.17292755151291,2.67224132838476,2.02488325723572,2.63831919182233,-2.52859585625944,0,0
0,0.14367981459131,-0.293951424057821,-0.22319052132232,0.0279948836176071,0.0366237845732043,0.0467522170832918,0,0
