EGFR,PI3K_AKT,mTOR,MEK_ERK,PKC,TGFb-SMAD,STAT3,DPD_NC,DPD_LB
0,0.499523442590191,0.491838436133393,0.487965578230522,0.494639464096174,0.492368012349752,0,0,0
0.500544751573288,0,0.505047822620368,0.497296915886928,0,0.512552975001055,0.494882219289132,0,0
0,0.386708119058809,0,0.127412432785761,0.393565624310803,0,0,0,0
0.487339347687233,0.479396830127569,0.4857581101823,0,0,0.484458609416427,0.488295650332318,0,0
0.0679999739212149,0,0,0,0,0,0,0,0
0.0891294825062178,0,0,0,0,0,0,0,0
0.0821465098845869,0,0,0,0,0,0,0,0
0,0.410180044975547,0.406057644752344,0.410298761078226,0.401743288741036,0.413433221741469,0.400707517790499,0,0
0,0.484553134590622,0.485974594606803,0.488402706128927,0.492362732902024,0.491251286620575,0.479189512106276,0,0
