EGFR,PI3K_AKT,mTOR,MEK_ERK,PKC,TGFb-SMAD,STAT3,DPD_NC,DPD_LB
0,0.126769183123763,0.0331193029371131,-0.0511268148168297,0.0666731136421333,0.143091038302637,0,0,0
0.151939508560294,0,0.573860824034262,0.145400067253751,0,0.495984187290105,0.0676244326451581,0,0
0,0.0161141942096592,0,0.0125839357031598,0.1604761681317,0,0,0,0
0.116325247859095,0.331782451187233,0.432281831429879,0,0,0.348906510342452,-0.135225957354473,0,0
1.20497388400151,0,0,0,0,0,0,0,0
0.932298019374402,0,0,0,0,0,0,0,0
1.82558538238691,0,0,0,0,0,0,0,0
0,-8.69795225345277,-19.8898681793936,-5.55630181056819,-12.5319329276167,-37.0814472265968,13.5784400011517,0,0
0,-0.60421840327115,-1.58294665936056,-0.265960751527153,-0.63179368638575,-0.0178382117838441,-0.228765998451775,0,0
