EGFR,PI3K_AKT,mTOR,MEK_ERK,PKC,TGFb-SMAD,STAT3,DPD_NC,DPD_LB
0,0.490622976528931,0.498192241072601,0.495895195406994,0.483800504780265,0.492655405340885,0,0,0
0.485634089674438,0,0.49164920078336,0.48603113896513,0,0.493079702817822,0.494920688470037,0,0
0,0.581097635809454,0,0.591429675317613,0.590767584650809,0,0,0,0
0.476539728933913,0.470337266612655,0.486962926741079,0,0,0.474892306158886,0.479980914951535,0,0
0.0638321389958976,0,0,0,0,0,0,0,0
0.0873103342400656,0,0,0,0,0,0,0,0
0.0830066734655222,0,0,0,0,0,0,0,0
0,0.407121651688709,0.408994905311851,0.408025140551336,0.407428481217426,0.40666163997705,0.400635312017631,0,0
0,0.462212421054491,0.455501052393329,0.45188405598824,0.453511915345715,0.451065708445287,0.451636293295695,0,0
