EGFR,PI3K_AKT,mTOR,MEK_ERK,PKC,TGFb-SMAD,STAT3,DPD_NC,DPD_LB
0,0.155613443663291,-0.150530984933646,0.0329252746066586,-0.0864666283135044,0.235321977031716,0,0,0
0.0317760697209855,0,-0.0104831524852104,0.148681534312823,0,-0.158331168948361,0.208220431022317,0,0
0,-0.117046437446022,0,0.227698564015711,0.211483694428533,0,0,0,0
0.0297599239230545,0.355058696453163,0.0649967290367192,0,0,0.0243718254497246,-0.0401962894401693,0,0
0.421938618609233,0,0,0,0,0,0,0,0
0.565903996939328,0,0,0,0,0,0,0,0
1.7935314050354,0,0,0,0,0,0,0,0
0,11.5614146021726,3.50259631289751,3.91012813701612,12.4943910388925,-10.7691265744268,-0.317806319113745,0,0
0,-0.551311396442753,-0.0156529600242518,-0.338149369886624,-1.08533290040607,-0.232273057435838,-0.529433682450865,0,0
