EGFR,PI3K_AKT,mTOR,MEK_ERK,PKC,TGFb-SMAD,STAT3,DPD_NC,DPD_LB
0,0.255293390924535,-0.106672608290145,0.132440471602421,-0.0913961509209977,0.255746961806327,0,0,0
0.121339513440713,0,0.0965747619837114,0.0568397567467988,0,0.322556464524226,0.24173891176749,0,0
0,-0.762288452111225,0,0.394597131105769,0.188832230006172,0,0,0,0
0.195718090130986,0.333490784345606,0.731070941086626,0,0,-0.245138551462389,0.30135527014325,0,0
0,0,0,0,0,0,0,0,0
1.07514867775453,0,0,0,0,0,0,0,0
1.63349469936693,0,0,0,0,0,0,0,0
0,0.760623767003915,0.927296902359989,0.331415130273277,-4.05400014966373,5.70950187758045,0.418664150944042,0,0
0,0.00113739893361681,0.409766663161419,0.861821134116369,-0.581697654381815,-2.2122490316827,0.857858951566185,0,0
