EGFR,PI3K_AKT,mTOR,MEK_ERK,PKC,TGFb-SMAD,STAT3,DPD_NC,DPD_LB
0,0.107811740467938,0.0100754436002566,-0.0422181382062651,-0.0186438122000203,0.311231986002206,0,0,0
0.00924697698577889,0,-0.0391089660512107,0.277864708214604,0,0.059289415780024,0.102282969559274,0,0
0,-0.338710549669343,0,0.175572383062493,0.308819422560004,0,0,0,0
0.00557986296675634,0.604985931816378,0.776497743273791,0,0,-0.0906232527620941,0.0336701263882117,0,0
0.355578869606251,0,0,0,0,0,0,0,0
0.837282744661043,0,0,0,0,0,0,0,0
1.13047244684795,0,0,0,0,0,0,0,0
0,1.17312757485649,0.983312703283694,-0.116358501121714,0.0485097317218317,3.29893119433157,-1.09123963107513,0,0
0,-0.791433080952326,0.270578056266261,0.622443678517449,-0.414690112117703,-0.261419697087124,-0.0372225654333361,0,0
