EGFR,PI3K_AKT,mTOR,MEK_ERK,PKC,TGFb-SMAD,STAT3,DPD_NC,DPD_LB
0,0.144210508314649,-0.0420490886728247,-0.0672962371905084,0.111180659187479,0.161953058378867,0,0,0
0.174924900603528,0,0.475942674795918,0.145423172600601,0,0.326031739606557,0.123609845995442,0,0
0,0.225680668468441,0,-0.0680908189325766,0.137216227532657,0,0,0,0
0.145543031914384,0.401101954189195,0.0355597251742147,0,0,0.382667756343951,-0.185115470690526,0,0
0.502112433561086,0,0,0,0,0,0,0,0
0.565026305425613,0,0,0.293689146524867,0,0,0,0,0
1.20017725790389,0,0,-0.562652357614437,0,0,0,0,0
0,1.06218057969854,1.12557214455556,0.414032709222852,0.0262291694044194,-0.726309913491387,0.157052843671169,0,0
0,-0.79896285157817,-0.341143247204292,0.201229671864892,-1.15639080291019,-0.577063548987439,0.199191055749297,0,0
