EGFR,PI3K_AKT,mTOR,MEK_ERK,PKC,TGFb-SMAD,STAT3,DPD_NC,DPD_LB
0,0.466643499910028,0.461989228883098,0.463604788170511,0.466158155602461,0.465883981246072,0,0,0
0.481741670208419,0,0.48058259271888,0.483126752571537,0,0.48109239258958,0.490783844348076,0,0
0,0.529240082460635,0,0.529662555879689,0.536598324334232,0,0,0,0
0.491964182381796,0.490452394983628,0.492893210474288,0,0,0.497486754608501,0.492814572171701,0,0
0.0737539282706943,0,0,0,0,0,0,0,0
0.349468372444431,0,0,0.347206128889025,0,0,0,0,0
0.349730435001154,0,0,0.346748730148079,0,0,0,0,0
0,0.444760532583469,0.440572693070738,0.450328615464916,0.44756258973454,0.451028953509699,0.443606101057606,0,0
0,0.446086244898523,0.444928302407103,0.450080465974013,0.445542401819664,0.447784117209682,0.448391129633069,0,0
