EGFR,PI3K_AKT,mTOR,MEK_ERK,PKC,TGFb-SMAD,STAT3,DPD_NC,DPD_LB
0,0.505012527520246,0.510870344149517,0.508909697672665,0.503622286918451,0.510968582154923,0,0,0
0.492498676639592,0,0.493665544350177,0.494021804519127,0,0.490724239004871,0.497529941899903,0,0
0,0.629059004683652,0,0.626761382744995,0.624330193390726,0,0,0,0
0.47043117543844,0.473237752694399,0.473060709784388,0,0,0.466668142893639,0.47294468149094,0,0
0,0,0,0,0,0,0,0,0
0.098379470923781,0,0,0,0,0,0,0,0
0.0825283145623744,0,0,0,0,0,0,0,0
0,0.413356508114891,0.42372946172179,0.420594997430011,0.416004039102707,0.4173351016475,0.418145337593898,0,0
0,0.438311377808123,0.440969605483187,0.436687915270565,0.442025617306732,0.436763400367151,0.441102175918167,0,0
