EGFR,PI3K_AKT,mTOR,MEK_ERK,PKC,TGFb-SMAD,STAT3,DPD_NC,DPD_LB
0,-0.0646480490903957,-0.0128480335644114,-0.0671288336779503,0.00265606965949958,-0.00670419719505425,0,0,0
0.334710354010873,0,-0.362739067355241,0.509661229453695,0,-0.0532473672939727,0.7821911471235,0,0
0,0,0,0,0,0,0,0,0
0.33570994143678,0.173983852595189,0.09786714828247,0,0,-0.154452395113341,0.343899916381296,0,0
0.929436486853851,0,0,0,0,0,0,0,0
0,0,0,0,0,0,0,0,0
1.72464422872138,0,0,-0.314609785006333,0,0,0,0,0
0,-1.01785483140491,-0.0346770876373367,-0.250425050633995,0.433270149241298,-0.491751928969083,-0.0652364666382449,0,0
0,-1.39414256559535,-1.53999972963294,1.47264413304925,-0.335035440150309,-0.366217930265965,0.552509576206651,0,0
