EGFR,PI3K_AKT,mTOR,MEK_ERK,PKC,TGFb-SMAD,STAT3,DPD_NC,DPD_LB
0,0.0582869994652779,0.0594609231665783,-0.0683750773517285,-0.0514528021592725,-0.0125856137234722,0,0,0
0.418668789186332,0,-0.375318077871033,0.324467828897755,0,-0.333737814708992,0.559047958606086,0,0
0,-0.0562660660456741,0,0.300056763335675,0.408434115479532,0,0,0,0
0.0806270216534993,0.0321534894498827,0.168259011493467,0,0,-0.0338864615508332,0.15434647304876,0,0
0,0,0,0,0,0,0,0,0
0,0,0,0,0,0,0,0,0
1.72286564829585,0,0,0,0,0,0,0,0
0,0.796704835338218,-1.01951771275487,-1.25770367402146,-1.00315461792294,-1.50400034817928,-1.29967851324695,0,0
0,0.0414411944682784,-1.16414288329243,0.0240096495703566,-0.47463831716136,-9.66630605793752e-05,-1.47965342676889,0,0
