EGFR,PI3K_AKT,mTOR,MEK_ERK,PKC,TGFb-SMAD,STAT3,DPD_NC,DPD_LB
0,2.22044604925031e-16,2.22044604925031e-16,2.22044604925031e-16,2.22044604925031e-16,2.22044604925031e-16,0,0,0
4.44089209850063e-16,0,4.44089209850063e-16,4.44089209850063e-16,0,4.44089209850063e-16,4.44089209850063e-16,0,0
0,0.435750666499099,0,0.445634471722807,2.22044604925031e-15,0,0,0,0
1.11022302462516e-16,1.11022302462516e-16,1.11022302462516e-16,0,0,1.11022302462516e-16,1.11022302462516e-16,0,0
6.66133814775094e-16,0,0,0,0,0,0,0,0
0,0,0,0,0,0,0,0,0
2.22044604925031e-16,0,0,0.499915540307577,0,0,0,0,0
0,3.33066907387547e-16,3.33066907387547e-16,3.33066907387547e-16,3.33066907387547e-16,3.33066907387547e-16,3.33066907387547e-16,0,0
0,4.44089209850063e-16,4.44089209850063e-16,4.44089209850063e-16,4.44089209850063e-16,4.44089209850063e-16,4.44089209850063e-16,0,0
