EGFR,PI3K_AKT,mTOR,MEK_ERK,PKC,TGFb-SMAD,STAT3,DPD_NC,DPD_LB
0,0.509895278320355,0.503979876376201,0.502895022866098,0.506553887568078,0.512931210124339,0,0,0
0.471635381343484,0,0.468381699764022,0.471258485641971,0,0.470623573244398,0.473791101374236,0,0
0,0,0,0,0,0,0,0,0
0.469868493235006,0.464005384558804,0.466306733259435,0,0,0.479774648847373,0.46325323814067,0,0
0.0762484506157373,0,0,0,0,0,0,0,0
0,0,0,0,0,0,0,0,0
0.362827777266812,0,0,0.36486880549067,0,0,0,0,0
0,0.450934514685794,0.449106785409429,0.44855256357387,0.456593929953437,0.453344889283172,0.457701246854143,0,0
0,0.432060719724212,0.435176098618037,0.437556619593201,0.43773343112604,0.436896996883189,0.435222951654878,0,0
