EGFR,PI3K_AKT,mTOR,MEK_ERK,PKC,TGFb-SMAD,STAT3,DPD_NC,DPD_LB
0,0.514712894008735,0.522697282867012,0.522370262963554,0.514929269171901,0.510989770263315,0,0,0
0.482457270494614,0,0.500160787313047,0.497059081296862,0,0.496059924190219,0.486266167874808,0,0
0,0.635567651312478,0,0.630327817528669,0.626984308063176,0,0,0,0
0.49098070406615,0.510175241545727,0.511820596582779,0,0,0.506544944641524,0.49782626108044,0,0
0,0,0,0,0,0,0,0,0
0,0,0,0,0,0,0,0,0
0.085985487416469,0,0,0,0,0,0,0,0
0,0.436114678880712,0.442981652301565,0.443451798988421,0.446467193750794,0.437540182194414,0.439062842596216,0,0
0,0.455101168295068,0.451927553146788,0.45615610935782,0.452387419771369,0.452475392250308,0.456795419973864,0,0
