EGFR,PI3K_AKT,mTOR,MEK_ERK,PKC,TGFb-SMAD,STAT3,DPD_NC,DPD_LB
0,0.503284160120961,0.512655414106216,0.509047594428534,0.510396567666817,0.515819158899317,0,0,0
0.51439304780158,0,0.521165410543517,0.510385899257882,0,0.516996357475078,0.511390270550208,0,0
0,0.355092614913888,0,0.286212568860184,0.355369841045342,0,0,0,0
0.503736964316721,0.494486148447508,0.49717773118982,0,0,0.496266940241689,0.499988228760049,0,0
0,0,0,0,0,0,0,0,0
0,0,0,0,0,0,0,0,0
0.0857966413189207,0,0,0,0,0,0,0,0
0,0.46628762024186,0.469736085640602,0.475050951940387,0.464516366581448,0.46971364148794,0.468555546867034,0,0
0,0.436968893676571,0.431496529154195,0.434272252758026,0.431919628334957,0.433046298453883,0.437692294185904,0,0
