EGFR,PI3K_AKT,mTOR,MEK_ERK,PKC,TGFb-SMAD,STAT3,DPD_NC,DPD_LB
0,-0.111476770314481,-0.0496688513896904,-0.071081565338211,-0.204219760081037,-0.0965824010341779,0,0,0
0.0213834619962314,0,-0.0275927082364098,0.0109156607532439,0,0.0222061433099569,0.0149368763803159,0,0
0,0.333748722838344,0,0.315033678596901,0.585953436765839,0,0,0,0
0.119206059234662,-0.0218026504706136,-0.0011990762905102,0,0,0.0764820752123418,0.0179107062708941,0,0
0,0,0,0,0,0,0,0,0
0,0,0,0,0,0,0,0,0
1.31900275808555,0,0,-0.565377316807316,0,0,0,0,0
0,-1.14224595062365,0.0127518615713282,0.498282900891713,0.247936430798388,-0.127654875069479,0.647939499808632,0,0
0,5.79147073459002,3.57356195807243,-2.24723024574395,10.244416638253,7.78732198055603,-2.28190298830992,0,0
