EGFR,PI3K_AKT,mTOR,MEK_ERK,PKC,TGFb-SMAD,STAT3,DPD_NC,DPD_LB
0,0.08005339523792,0.0569498692361197,-0.044102537811634,0.107138968130384,-0.00863408543135609,0,0,0
0.145609822496885,0,0.0730988699693889,-0.0359060052349931,0,0.0912409115638404,-0.0488183676855322,0,0
0,0.143719963285,0,0.313998154356354,0.464767356632284,0,0,0,0
0.116283638391522,-0.102720268962394,-0.17361352998945,0,0,0.0162649346387623,0.111383642897562,0,0
0,0,0,0,0,0,0,0,0
0,0,0,0,0,0,0,0,0
0.398725074833343,0,0,-0.874505025165934,0,0,0,0,0
0,0.626249298308317,1.73789961914561,0.270547015024851,2.29699608076952,-1.53562365003118,0.473125024070433,0,0
0,0.916391350615871,0.805656810633952,1.57692643942609,-2.24493242488877,-0.894634664214043,0.811247268327125,0,0
