EGFR,PI3K_AKT,mTOR,MEK_ERK,PKC,TGFb-SMAD,STAT3,DPD_NC,DPD_LB
0,0.508516030882679,0.504090133391957,0.510450748093977,0.507365882436795,0.511519883841008,0,0,0
0.537028603550659,0,0.528333284444566,0.53019416131085,0,0.530577206010907,0.53402623938305,0,0
0,0.547629159098331,0,0.553594702258879,0.560122013666345,0,0,0,0
0.508241555862474,0.510468607501294,0.507921078799955,0,0,0.512776276973141,0.508981414074238,0,0
0,0,0,0,0,0,0,0,0
0,0,0,0,0,0,0,0,0
0.352601038421411,0,0,0.34523576283612,0,0,0,0,0
0,0.472020711058425,0.470774939456773,0.465845504053199,0.46348836947931,0.466465278633512,0.471507357840518,0,0
0,0.416852095472004,0.416888140108239,0.415638468811449,0.414290959776436,0.421353416491083,0.412823577008233,0,0
