EGFR,PI3K_AKT,mTOR,MEK_ERK,PKC,TGFb-SMAD,STAT3,DPD_NC,DPD_LB
0,0.529373996130872,0.517981486768079,0.531711561338387,0.52604857413093,0.524668480979806,0,0,0
0.519569253698742,0,0.517952943004878,0.51246419561187,0,0.513766909661663,0.516470630229147,0,0
0,0.598160678054023,0,0.61350658844513,0.608464528930042,0,0,0,0
0.501515150655448,0.502775843365174,0.505214346546299,0,0,0.513174976025713,0.504793169641249,0,0
0,0,0,0,0,0,0,0,0
0,0,0,0,0,0,0,0,0
0.358727992452129,0,0,0.311471955545909,0,0,0,0,0
0,0.430942656598722,0.43358399404496,0.438113479579529,0.437748950300425,0.43596101793202,0.438090310282612,0,0
0,0.432283208122703,0.430553987886685,0.43226021849149,0.432512808020461,0.43169747678963,0.429117236807945,0,0
