EGFR,PI3K_AKT,mTOR,MEK_ERK,PKC,TGFb-SMAD,STAT3,DPD_NC,DPD_LB
0,-0.0113465889503739,0.0655658802515936,-0.095566733861309,-0.281330830623301,-0.0801217611399778,0,0,0
-0.0871809726006202,0,-0.00549860952302697,0.0146583804178646,0,-0.00697599284006337,0.0598421964986362,0,0
0,0.111315637154102,0,0.080826119768222,0.423867012065752,0,0,0,0
0.0251314458033146,-0.067025636507123,-0.00644185272023662,0,0,0.00831293397997757,0.042429771633595,0,0
0,0,0,0,0,0,0,0,0
0,0,0,0,0,0,0,0,0
1.51977611287289,0,0,0,0,0,0,0,0
0,0.374089759471646,1.40193376449593,-0.133872888936845,0.348384559965786,-0.388730439166167,0.194755749877375,0,0
0,0.391489411794161,1.80346119473245,-2.66700072688194,10.9544887440184,-0.205802448567225,0.664363794701865,0,0
