EGFR,PI3K_AKT,mTOR,MEK_ERK,PKC,TGFb-SMAD,STAT3,DPD_NC,DPD_LB
0,0.576119596893941,0.573483692452685,0.584527466152271,0.58364736228799,0.568751752811075,0,0,0
0.508681805712154,0,0.501809000874471,0.50147019832819,0,0.498089634813984,0.495622530453196,0,0
0,0.400031608596713,0,0.334325904720342,0.401146101792629,0,0,0,0
0.497348002958134,0.490346373149534,0.487964599684306,0,0,0.492359096779862,0.500141509052468,0,0
0.0691531440379802,0,0,0,0,0,0,0,0
0.0812705073261063,0,0,0,0,0,0,0,0
0.0778759525765917,0,0,0,0,0,0,0,0
0,0.430016603786976,0.43933748284941,0.426705170963612,0.428403336262994,0.426463680199477,0.433426184229509,0,0
0,0.504318101782914,0.510501142020088,0.508521715591422,0.505746405014153,0.508967099460973,0.499608403585994,0,0
