EGFR,PI3K_AKT,mTOR,MEK_ERK,PKC,TGFb-SMAD,STAT3,DPD_NC,DPD_LB
0,0.00145678737239231,-0.157218752760442,-0.0235192247088389,0.0750165227850686,0.101897791128401,0,0,0
1.08217296327522,0,0.605728647671754,0.187177432323327,0,0.63456770280296,-0.777903026092151,0,0
0,0.469266239466776,0,0.0504817992665425,0.176704588523547,0,0,0,0
0.420133674721092,0.339346187799493,0.0456443981428672,0,0,-0.0808290179044352,-0.0131958623665203,0,0
-0.273127637697103,0,0,0,0,0,0,0,0
0.325726511349295,0,0,0,0,0,0,0,0
0.235872918120742,0,0,0,0,0,0,0,0
0,-1.66083349950955,-0.244778019816333,1.01673182721491,0.869346440340838,-1.6091882856624,-1.16326816091188,0,0
0,0.239252609772643,0.130450719711481,-0.107473827666737,0.0456534460280996,-0.0778450480599475,0.00571755452891039,0,0
