EGFR,PI3K_AKT,mTOR,MEK_ERK,PKC,TGFb-SMAD,STAT3,DPD_NC,DPD_LB
0,-0.00830620642526564,0.0564200777750249,0.0126514357638759,0.0831232413803343,0.101967601643452,0,0,0
0.371046709982859,0,0.0478219301645509,0.136620770005982,0,0.0466192091016674,-0.429922534846217,0,0
0,0,0,0,0,0,0,0,0
0.10001037308325,0.116998336590731,0.0431518079827443,0,0,0.0227959662097884,0.0409859311698675,0,0
0.231877733509947,0,0,0,0,0,0,0,0
0.679450711173499,0,0,0,0,0,0,0,0
0.769706286553584,0,0,0,0,0,0,0,0
0,-1.7014510039537,0.503217926545557,-0.107298389024136,-0.481630130460771,-1.50915157655572,-0.772155348802734,0,0
0,0.149582902755067,-0.0141130954554203,0.0141614355305031,0.112688976887975,0.198603140171031,0.104748795748145,0,0
