EGFR,PI3K_AKT,mTOR,MEK_ERK,PKC,TGFb-SMAD,STAT3,DPD_NC,DPD_LB
0,0.540951803438923,0.535319691762868,0.53605847627193,0.55369377259623,0.548997032584672,0,0,0
0.492923454138074,0,0.498713107473661,0.491420950132287,0,0.493601927155189,0.496918892905392,0,0
0,0,0,0,0,0,0,0,0
0.506485976049618,0.505312908788116,0.50150512138875,0,0,0.49770688401391,0.495231897024598,0,0
0.061513761813671,0,0,0,0,0,0,0,0
0.0848744482569079,0,0,0,0,0,0,0,0
0.0859133118480674,0,0,0,0,0,0,0,0
0,0.448013387979908,0.442912281150703,0.447066037917402,0.446995351892486,0.444522173893383,0.450277223877604,0,0
0,0.477140079842815,0.472321753685604,0.477549432253059,0.485898693254629,0.484678689889739,0.484465791575137,0,0
