EGFR,PI3K_AKT,mTOR,MEK_ERK,PKC,TGFb-SMAD,STAT3,DPD_NC,DPD_LB
0,-0.0156830746691661,-0.0200890333015359,-0.0345069935967704,-0.0521477036804424,0.155795980709235,0,0,0
0.396851753531869,0,-0.00762611062208085,-0.00259400426395958,0,-0.0473395917527738,0.179921296177401,0,0
0,0.139084556605432,0,0.217884641190828,0.281124305037838,0,0,0,0
0.0760619444360769,0.151849707486977,0.0585022089060324,0,0,0.0980715958162418,0.115743169643949,0,0
0.25835351006067,0,0,0,0,0,0,0,0
1.86521006847121,0,0,0,0,0,0,0,0
2.1003385487715,0,0,0,0,0,0,0,0
0,-0.464027832196283,0.313831839407222,-0.0926177625691122,1.10273288161194,-0.924510527486539,-0.650425754740749,0,0
0,0.108523798994528,0.0881930640317563,0.03016786822203,0.34783441545843,0.043045779990561,0.256824491925524,0,0
