EGFR,PI3K_AKT,mTOR,MEK_ERK,PKC,TGFb-SMAD,STAT3,DPD_NC,DPD_LB
0,0.0013549575274047,0.0111777081159215,0.00194335860251414,-0.000159652001361834,-0.00943532891763163,0,0,0
-0.0024641939285353,0,-0.0571008430851308,0.00791642853948643,0,0.0155716467634641,0.0223616417353966,0,0
0,0,0,0,0,0,0,0,0
0.00177701723763574,0.251714155129915,0.0958603442191434,0,0,0.142532144134361,0.215669409653639,0,0
-0.000886207403094227,0,0,0,0,0,0,0,0
-0.00206065106464563,0,0,0,0,0,0,0,0
-0.00148491528034703,0,0,0,0,0,0,0,0
0,0.525460794385999,-1.22626290903317,0.665109502473878,1.1729785659688,-0.0521549933160672,-1.35672496002059,0,0
0,-0.0996748652859586,-1.00288256506134,0.635088120093503,0.845270516231231,-1.77183703773999,-2.24976296237468,0,0
