EGFR,PI3K_AKT,mTOR,MEK_ERK,PKC,TGFb-SMAD,STAT3,DPD_NC,DPD_LB
0,0.000600820606700472,-0.00073915772969764,0.0138879458199604,0.00981845321435248,0.00900464452070565,0,0,0
0.00672155643945462,0,0.00785664375791831,0.00951164199062546,0,0.0219846244439359,0.106485641163762,0,0
0,0.00451730875384366,0,0.038171281647303,0.994883140407622,0,0,0,0
0.0038038027170405,0.159384764015951,-0.146708465485958,0,0,0.129960019599857,0.258798296728195,0,0
0.000332874065117316,0,0,0,0,0,0,0,0
0.000232601764844036,0,0,0,0,0,0,0,0
0.000856541522815892,0,0,0,0,0,0,0,0
0,0.552773108879797,-0.0661216355856685,0.492121828177889,0.0402831817573348,-0.606510184017285,-0.566010186181302,0,0
0,0.0924618834465472,0.198376823235243,0.400477734069191,-0.550923778232511,-0.184622988206972,-1.40717001266778,0,0
