EGFR,PI3K_AKT,mTOR,MEK_ERK,PKC,TGFb-SMAD,STAT3,DPD_NC,DPD_LB
0,0.566290599729047,0.568673327282055,0.572853805506885,0.569721132333306,0.576462227271503,0,0,0
0.543374405569736,0,0.551949269136009,0.545254634616288,0,0.541766226368955,0.544195713794739,0,0
0,0.432499032793454,0,0.413940706997675,0.440664222694161,0,0,0,0
0.537231084229536,0.53927683851574,0.540205467064666,0,0,0.532764005190123,0.532844054078289,0,0
0.0553883014879176,0,0,0,0,0,0,0,0
0.0772587748991072,0,0,0,0,0,0,0,0
0.0718280762182432,0,0,0,0,0,0,0,0
0,0.42704252379472,0.432588843624373,0.423087714987572,0.432763596555143,0.429177929935505,0.428624728115057,0,0
0,0.45697433152962,0.451565037783296,0.463642069834826,0.458050813215909,0.453077003712911,0.457053427881361,0,0
