EGFR,PI3K_AKT,mTOR,MEK_ERK,PKC,TGFb-SMAD,STAT3,DPD_NC,DPD_LB
0,0.572569947254878,0.570441316861196,0.57638552929666,0.574121662352203,0.570566064306915,0,0,0
0.518347986992824,0,0.518553099232466,0.51655032695513,0,0.512296162977467,0.514083610042747,0,0
0,0.11480168033956,0,0.15052832835902,0.16870393663621,0,0,0,0
0.517535481595476,0.516045027140827,0.516878578788793,0,0,0.516205256946733,0.511688122898189,0,0
0.0558009403765002,0,0,0,0,0,0,0,0
0.0698691782097303,0,0,0,0,0,0,0,0
0.0693035134331054,0,0,0,0,0,0,0,0
0,0.483850353849069,0.482523022080124,0.484031484396562,0.478742057769775,0.476013166228104,0.477330100336672,0,0
0,0.481980407540275,0.485916177350292,0.484746648427486,0.48156239266698,0.492106123030791,0.48513603866831,0,0
