EGFR,PI3K_AKT,mTOR,MEK_ERK,PKC,TGFb-SMAD,STAT3,DPD_NC,DPD_LB
0,-0.00708006056985653,0.00577617749585502,-0.00273730459769924,-0.00292557392044358,-0.00390237021410267,0,0,0
0.00398213923021289,0,-0.0667031575440413,-0.0295309092176763,0,-0.0495049070405771,0.164978843501424,0,0
0,0.297443062002079,0,0.126486036915731,0.558867421124289,0,0,0,0
0.00311187643270019,0.121311900058129,-0.138338942405954,0,0,0.257883149769924,0.0202282967664015,0,0
-0.000380940095211105,0,0,0,0,0,0,0,0
-0.00083306325785237,0,0,0,0,0,0,0,0
-0.00109629531830755,0,0,0,0,0,0,0,0
0,2.24359431899252,-0.44987414058051,1.90502109304129,0.98121010434313,0.406027859458736,-0.770872765622102,0,0
0,0.628379956720221,0.635943323754688,0.910686153280907,-0.152013691481738,0.489677998278543,-0.486874600906212,0,0
