EGFR,PI3K_AKT,mTOR,MEK_ERK,PKC,TGFb-SMAD,STAT3,DPD_NC,DPD_LB
0,0.589503158566646,0.590574122473417,0.588772352238554,0.587359272003177,0.592896694548491,0,0,0
0.500305908447534,0,0.504783873613033,0.504753420352031,0,0.50612557357283,0.496278052999076,0,0
0,0,0,0,0,0,0,0,0
0.494078168130037,0.505718305065124,0.506093173309835,0,0,0.504473481479698,0.50425799470144,0,0
0.0573362892795393,0,0,0,0,0,0,0,0
0.0716075996058435,0,0,0,0,0,0,0,0
0.071821151092905,0,0,0,0,0,0,0,0
0,0.46534124451659,0.466057321431833,0.459646273361568,0.465727567800678,0.465895986626181,0.464495915201726,0,0
0,0.457988483053484,0.458602114084485,0.463478917572302,0.453287821617721,0.457609077337657,0.461422729080522,0,0
