EGFR,PI3K_AKT,mTOR,MEK_ERK,PKC,TGFb-SMAD,STAT3,DPD_NC,DPD_LB
0,0.548518872190651,0.545745259982788,0.54267462837225,0.540765607733215,0.541952402299711,0,0,0
0.490777696802537,0,0.488365823866551,0.498624749834888,0,0.490674540785303,0.485687230120348,0,0
0,0,0,0,0,0,0,0,0
0.48798963545477,0.485439425045269,0.485773361892613,0,0,0.484955691624257,0.486879901534437,0,0
0.070692424035267,0,0,0,0,0,0,0,0
0.282647071718852,0,0,0.164478212153659,0,0,0,0,0
0.0883324208694937,0,0,0,0,0,0,0,0
0,0.433412601290927,0.439446291967211,0.434491334953266,0.440568426428256,0.434320908350057,0.442775696510591,0,0
0,0.482515994895933,0.485400251497366,0.481291730323549,0.485443973741695,0.470281099156274,0.477467974431675,0,0
