EGFR,PI3K_AKT,mTOR,MEK_ERK,PKC,TGFb-SMAD,STAT3,DPD_NC,DPD_LB
0,0.563754861946658,0.573291319095852,0.564389708526577,0.570244482163831,0.572783441480373,0,0,0
0.488464807366125,0,0.499432670389346,0.504845324322152,0,0.494781604282129,0.487436917118022,0,0
0,0,0,0,0,0,0,0,0
0.490678441192634,0.49405959725959,0.48409214220039,0,0,0.488788332237588,0.48021983060748,0,0
0.0634062054291985,0,0,0,0,0,0,0,0
0.0833301107784574,0,0,0,0,0,0,0,0
0.0793461091833619,0,0,0,0,0,0,0,0
0,0.451342266032998,0.447056647601636,0.44265108880976,0.451292174460597,0.449653919969151,0.450357849747813,0,0
0,0.49499297080717,0.499641274699515,0.492516246988256,0.4880171291599,0.49624729725174,0.488382292159936,0,0
