EGFR,PI3K_AKT,mTOR,MEK_ERK,PKC,TGFb-SMAD,STAT3,DPD_NC,DPD_LB
0,1,1,1,1,1,0,0,0
0.999999999999999,0,0.999999999999999,0.999999999999999,0,0.999999999999999,0.999999999999999,0,0
0,0,0,0,0,0,0,0,0
1,1,1,0,0,1,1,0,0
1,0,0,0,0,0,0,0,0
0.708865742945463,0,0,0.190536457480216,0,0,0,0,0
1,0,0,0,0,0,0,0,0
0,1,1,1,1,1,1,0,0
0,1,1,1,1,1,1,0,0
