EGFR,PI3K_AKT,mTOR,MEK_ERK,PKC,TGFb-SMAD,STAT3,DPD_NC,DPD_LB
0,0.00192420898891549,0.0773622467578917,0.0253203662903563,0.00885784808169815,0.0284358370299423,0,0,0
-0.0143389546509427,0,0.0388636878254588,-0.0544544225857898,0,-0.0445572683295331,0.00857834397126602,0,0
0,0,0,0,0,0,0,0,0
0.335464937677579,0.202930536335803,-0.18234167785028,0,0,0.260537576597688,0.477180455965597,0,0
0.320300795001144,0,0,0,0,0,0,0,0
0.332313217718412,0,0,0.0721885497313503,0,0,0,0,0
0.936167308470111,0,0,0,0,0,0,0,0
0,-1.17362791252104,-0.536832385909697,0.726312792732827,0.700791112270084,-0.694585378960602,-2.47032930017329,0,0
0,0.583717375423857,0.130987816342018,-0.121968779805389,-0.851703118136433,-0.191385941244179,0.0433848027568948,0,0
