EGFR,PI3K_AKT,mTOR,MEK_ERK,PKC,TGFb-SMAD,STAT3,DPD_NC,DPD_LB
0,0.553107840517293,0.544382810849814,0.538398912735915,0.543879193679898,0.543612091597963,0,0,0
0.517752782508742,0,0.519539276435105,0.523180638864933,0,0.516668024084481,0.524534923355333,0,0
0,0.626587718599155,0,0.627555932785281,0.624159606411627,0,0,0,0
0.513105328899705,0.520657069655874,0.520395537873302,0,0,0.51399134709809,0.519718443102471,0,0
0.0670607972462879,0,0,0,0,0,0,0,0
0.093087167709455,0,0,0,0,0,0,0,0
0.0931544855328242,0,0,0,0,0,0,0,0
0,0.448965227324516,0.451410256513367,0.449776196533989,0.452318694337346,0.447035563510845,0.451058600282329,0,0
0,0.485212572883615,0.481401861646393,0.48344737284961,0.478691746153638,0.483332934474508,0.481008507184303,0,0
