EGFR,PI3K_AKT,mTOR,MEK_ERK,PKC,TGFb-SMAD,STAT3,DPD_NC,DPD_LB
0,0.0495909883426349,0.00864566064843678,-0.0136487538614736,0.016221485634733,0.0838160470136336,0,0,0
0.0251844940807061,0,-0.251320567280416,-0.051551686301754,0,0.171700306426134,0.196824949025303,0,0
0,0,0,0,0,0,0,0,0
0.0107931806269662,0.22108207137042,0.0902929470745191,0,0,0.183242780837869,0.0514925305606032,0,0
0.21153225564027,0,0,0,0,0,0,0,0
0.543523820209917,0,0,0,0,0,0,0,0
0.693109229801392,0,0,0,0,0,0,0,0
0,-0.645105219602224,-1.04983154016994,0.775419942033256,-0.0959523612065033,-1.89123175666557,-2.43601048906455,0,0
0,0.516210960256481,-0.134566684484835,-0.272353829832117,-0.225679098742422,0.864782816550033,-0.045770907119428,0,0
