EGFR,PI3K_AKT,mTOR,MEK_ERK,PKC,TGFb-SMAD,STAT3,DPD_NC,DPD_LB
0,0.556279590412834,0.55595767895584,0.572519022699737,0.549987887785327,0.559950729203393,0,0,0
0.477798269566575,0,0.486709414087057,0.492157653616748,0,0.484279652833936,0.477638271747365,0,0
0,0,0,0,0,0,0,0,0
0.471501281475635,0.473795286580178,0.475481712324459,0,0,0.474191665864387,0.470449878225399,0,0
0,0,0,0,0,0,0,0,0
0.0848981345784192,0,0,0,0,0,0,0,0
0,0,0,0,0,0,0,0,0
0,0.427181342355301,0.425473934000047,0.41707136722851,0.424004716952628,0.424203548791655,0.418258782117954,0,0
0,0.477324515114649,0.482104084748022,0.476894960501099,0.47826275580909,0.483172948650145,0.481932689129072,0,0
