EGFR,PI3K_AKT,mTOR,MEK_ERK,PKC,TGFb-SMAD,STAT3,DPD_NC,DPD_LB
0,0.508763571651542,0.51131771280075,0.509252286789295,0.514467172138208,0.509418738673799,0,0,0
0.48142995669976,0,0.479300273551223,0.477234808399056,0,0.485030294359127,0.481479954460524,0,0
0,0.541914820078973,0,0.533815838805889,0.534571539438447,0,0,0,0
0.474167411568631,0.490006471953619,0.480720594841844,0,0,0.482865813452376,0.48944238171727,0,0
0.0664883461442452,0,0,0,0,0,0,0,0
0.342751451753232,0,0,0.343609044975448,0,0,0,0,0
0.333881177820084,0,0,0.336856889844446,0,0,0,0,0
0,0.469874234760425,0.463490135232183,0.459335155621462,0.465237482926018,0.467195361406528,0.464610420233288,0,0
0,0.428952209885504,0.434267044429884,0.427637484669073,0.434371311177521,0.429636990718646,0.430358577771861,0,0
