EGFR,PI3K_AKT,mTOR,MEK_ERK,PKC,TGFb-SMAD,STAT3,DPD_NC,DPD_LB
0,-0.0245734845952981,-0.00603042870319117,-0.04228122595544,-0.119152459953643,0.14286183670912,0,0,0
0.0482894229891293,0,-0.103278443054337,-0.0755143423057776,0,-0.108598033933362,0.0890372087671128,0,0
0,0,0,0,0,0,0,0,0
0.022172652176844,0.0898316370799321,0.0279476508249536,0,0,0.0466614490893839,0.0284228842230944,0,0
-0.0514275049696376,0,0,0,0,0,0,0,0
0.929845990173608,0,0,0,0,0,0,0,0
0.724635894366895,0,0,0,0,0,0,0,0
0,-0.806559050500624,-2.22950504015353,4.24150466700045,-2.62779273025348,-5.97086868494232,-4.89023298359656,0,0
0,-0.601831546147605,0.277709419898513,0.0741919186655606,-0.129025162322597,0.154596925613174,0.238207532326,0,0
