EGFR,PI3K_AKT,mTOR,MEK_ERK,PKC,TGFb-SMAD,STAT3,DPD_NC,DPD_LB
0,0.470368811451119,0.472908817052936,0.471028750460476,0.473216090666732,0.473339937935586,0,0,0
0.481425849954303,0,0.486806331828444,0.491159181178913,0,0.482113102595504,0.478688689363747,0,0
0,0.471151033378078,0,0.473554237456405,0.465545804491822,0,0,0,0
0.490703683491718,0.486026991036611,0.48320849171666,0,0,0.478592758348478,0.481658102888296,0,0
0.077952404054344,0,0,0,0,0,0,0,0
0.341667102887494,0,0,0.338908013345806,0,0,0,0,0
0.343810171410018,0,0,0.33920634263486,0,0,0,0,0
0,0.440537483511903,0.441311400817851,0.44243812431118,0.442897399918146,0.443973833240789,0.441019527837154,0,0
0,0.442874095182758,0.441845349959308,0.435016404104909,0.436546214995782,0.43836623662798,0.434099283276375,0,0
