EGFR,PI3K_AKT,mTOR,MEK_ERK,PKC,TGFb-SMAD,STAT3,DPD_NC,DPD_LB
0,1.11022302462516e-16,1.11022302462516e-16,1.11022302462516e-16,1.11022302462516e-16,1.11022302462516e-16,0,0,0
1.11022302462516e-16,0,1.11022302462516e-16,1.11022302462516e-16,0,1.11022302462516e-16,1.11022302462516e-16,0,0
0,2.22044604925031e-16,0,0.478410945825403,2.22044604925031e-16,0,0,0,0
5.55111512312578e-16,5.55111512312578e-16,5.55111512312578e-16,0,0,5.55111512312578e-16,5.55111512312578e-16,0,0
4.44089209850063e-16,0,0,0,0,0,0,0,0
5.55111512312578e-16,0,0,0,0,0,0,0,0
6.66133814775094e-16,0,0,0,0,0,0,0,0
0,1.11022302462516e-15,1.11022302462516e-15,1.11022302462516e-15,1.11022302462516e-15,1.11022302462516e-15,1.11022302462516e-15,0,0
0,7.77156117237609e-16,7.77156117237609e-16,7.77156117237609e-16,7.77156117237609e-16,7.77156117237609e-16,7.77156117237609e-16,0,0
