EGFR,PI3K_AKT,mTOR,MEK_ERK,PKC,TGFb-SMAD,STAT3,DPD_NC,DPD_LB
0,0.597799950756631,0.591385539176119,0.583136073844746,0.59176943559953,0.592388810522915,0,0,0
0.517582797975481,0,0.51444492818269,0.513485922055363,0,0.520502194043249,0.527815567725824,0,0
0,0,0,0,0,0,0,0,0
0.510353036364885,0.510207700118193,0.508955547058503,0,0,0.508278529892344,0.514881852671575,0,0
0.0633222543613344,0,0,0,0,0,0,0,0
0.0788168948414487,0,0,0,0,0,0,0,0
0.0812033447190978,0,0,0,0,0,0,0,0
0,0.411626567347743,0.413973889423877,0.409907372036741,0.413776413396318,0.413697795553542,0.416661334902961,0,0
0,0.506055274268448,0.501328717917044,0.503875753807587,0.501252709768199,0.494835525397833,0.504922954247195,0,0
