EGFR,PI3K_AKT,mTOR,MEK_ERK,PKC,TGFb-SMAD,STAT3,DPD_NC,DPD_LB
0,0.0773076447742148,0.0559912722186273,0.0545454344819177,0.184355774258989,0.0417068323309819,0,0,0
0.0748585342300375,0,-0.0545208969407862,-0.0449705388369942,0,-0.171038317047753,0.158667404951743,0,0
0,-0.0462300944788793,0,0.00494308355822221,0.114402926380141,0,0,0,0
0.0329355752733547,-0.0218850550499901,-0.000696006864411959,0,0,0.0671803913819797,0.117948467291794,0,0
0.278129138691268,0,0,0,0,0,0,0,0
0.438778434036941,0,0,0.715799865733882,0,0,0,0,0
0.958016518750099,0,0,0.580491543910891,0,0,0,0,0
0,0.340158335610817,-0.0707047020268136,-0.0937843104323445,0.253930470555187,-0.725846403221639,0.249819724922861,0,0
0,-0.750214612981082,0.376928867132602,0.0635447663181674,-0.0979258393356377,0.708598479026948,-1.59970618426864,0,0
