EGFR,PI3K_AKT,mTOR,MEK_ERK,PKC,TGFb-SMAD,STAT3,DPD_NC,DPD_LB
0,-0.10150993914453,-0.0317122545391102,-0.041482677757615,0.0815088574759023,0.0862075105100618,0,0,0
0.00920235965799028,0,-0.057097582777971,-0.126113331572996,0,-0.0577148265408945,-0.0132562036868489,0,0
0,0.165402418196152,0,-0.351701598191041,0.422735120962169,0,0,0,0
0.00904517309634329,-0.197791343411492,-0.243553786638285,0,0,-0.0368126774763859,-0.0415385717990382,0,0
0.271148315101279,0,0,0,0,0,0,0,0
1.06539105068423,0,0,0.309287418232276,0,0,0,0,0
0.81673725106982,0,0,-0.0107979083949322,0,0,0,0,0
0,0.251894522916329,0.290825631817509,0.420501395726404,0.348877889382168,-0.270701778815405,-0.300803228111969,0,0
0,0.58948665962649,1.52520044701256,1.07365484668681,1.48403093181448,-2.14746454071693,-1.15566319821249,0,0
