EGFR,PI3K_AKT,mTOR,MEK_ERK,PKC,TGFb-SMAD,STAT3,DPD_NC,DPD_LB
0,0.55319928264337,0.560893047135784,0.548301752526968,0.544080581145958,0.548397004806357,0,0,0
0.507935314692391,0,0.516188285053732,0.51973963456955,0,0.519598728147258,0.520656673049617,0,0
0,0.458889157965398,0,0.433311752603958,0.450581897579384,0,0,0,0
0.509169574809223,0.50989743663111,0.502919604476952,0,0,0.514792616498583,0.51133593406894,0,0
0.0668029222035122,0,0,0,0,0,0,0,0
0.0875717564634619,0,0,0,0,0,0,0,0
0.084789998093988,0,0,0,0,0,0,0,0
0,0.432526388655946,0.43169220566625,0.427205225460795,0.425859230621954,0.425356902635638,0.423627753653274,0,0
0,0.485283210827947,0.487708513555852,0.480377594907706,0.491512901180235,0.483938887219782,0.487025343348481,0,0
