EGFR,PI3K_AKT,mTOR,MEK_ERK,PKC,TGFb-SMAD,STAT3,DPD_NC,DPD_LB
0,0.462604335626943,0.46325100010875,0.470828016711694,0.479233451318165,0.4667312087133,0,0,0
0.476431144085923,0,0.484581162541553,0.484667670289235,0,0.482270739466356,0.471570684036466,0,0
0,0.470811040536925,0,0.46738912492462,0.463116067622668,0,0,0,0
0.481250431743374,0.488253159910596,0.475893758502983,0,0,0.487954090340086,0.481222029727301,0,0
0.0752194474304139,0,0,0,0,0,0,0,0
0.314647665945646,0,0,0.315871899996449,0,0,0,0,0
0.317374779408695,0,0,0.317383122529726,0,0,0,0,0
0,0.452871959375092,0.453473874658254,0.451687069366791,0.446682522565429,0.451424316704646,0.450009256230136,0,0
0,0.436689970295904,0.442618139908828,0.437056333821394,0.437623965202625,0.438958016346189,0.439000113063736,0,0
