EGFR,PI3K_AKT,mTOR,MEK_ERK,PKC,TGFb-SMAD,STAT3,DPD_NC,DPD_LB
0,0.0378185832966107,0.0286279535894669,0.0689222141195626,-0.0774815477421452,0.077784902244724,0,0,0
0.0205346346122578,0,-0.00145326238339427,-0.0311793612103953,0,0.00619961651019606,0.125162095348889,0,0
0,-0.0705134984381836,0,0.353111279488389,0.149808588416714,0,0,0,0
0.149542412983112,0.0635024279457622,0.0983324560504074,0,0,0.0382115711363851,0.0935247347258757,0,0
0.0683093399192524,0,0,0,0,0,0,0,0
0.349995746446103,0,0,0.0749826742661869,0,0,0,0,0
0.586182607008256,0,0,0.0220923055076223,0,0,0,0,0
0,0.479713171169217,-0.028440939910301,-0.640284297534703,-0.198990546631474,-0.446109604935958,0.476772290947843,0,0
0,-0.357984810914398,-0.303075703174661,-0.696423478850762,0.478249421437128,-0.794214120319297,-1.4640161781093,0,0
