EGFR,PI3K_AKT,mTOR,MEK_ERK,PKC,TGFb-SMAD,STAT3,DPD_NC,DPD_LB
0,0.0165310422590724,0.0611432892183121,0.0145048327230176,-0.00690375677818777,0.332422366881825,0,0,0
0.10965714304634,0,-0.149369236553618,-0.00616642972134242,0,0.101975797401006,0.0925896375526213,0,0
0,0,0,0,0,0,0,0,0
0.083157774353779,0.0116381057458827,0.0573555152090732,0,0,0.18145031327164,0.138062827431149,0,0
0,0,0,0,0,0,0,0,0
1.39928749237292,0,0,0,0,0,0,0,0
0,0,0,0,0,0,0,0,0
0,5.954827163946,2.18362775922912,19.304611390902,-10.4374840227352,-40.1354899686119,-19.1898403495034,0,0
0,-0.0885221818846399,0.215208032008997,0.290188167932376,0.144771212622684,0.531724375630816,0.359527281661782,0,0
