EGFR,PI3K_AKT,mTOR,MEK_ERK,PKC,TGFb-SMAD,STAT3,DPD_NC,DPD_LB
0,-0.107005549360426,0.0686274732417171,-0.0166754401272634,-0.14401867491204,0.234991813499452,0,0,0
0.107361903751288,0,-0.0436680113905747,-0.0018484077915639,0,0.185314816559184,0.313546912924564,0,0
0,0.551318726507141,0,0.13436810972185,0.529459169943306,0,0,0,0
0.0471581880963358,0.033585528134914,0.0154582675933533,0,0,0.0843082034088923,0.0912560950329586,0,0
-0.109855492013773,0,0,0,0,0,0,0,0
0.706280327757671,0,0,0,0,0,0,0,0
0.38537576217775,0,0,0,0,0,0,0,0
0,1.54572479240525,-0.0553484127365434,2.65601078583674,-0.104146956747407,-1.08844949114685,0.197101471849596,0,0
0,-0.116543649921473,0.1365274592079,0.216052421616502,-0.112216613903306,0.171747742294291,0.186207767431634,0,0
