EGFR,PI3K_AKT,mTOR,MEK_ERK,PKC,TGFb-SMAD,STAT3,DPD_NC,DPD_LB
0,0.0239699353256618,-0.00213202249851701,0.0125763544822464,0.0254592339298095,-0.00322186701459299,0,0,0
0.0374533895583215,0,0.0296622193459524,0.0388337113603488,0,-0.0399478402030846,-0.0554805774853874,0,0
0,0,0,0,0,0,0,0,0
0.0494496044237226,0.121686369978011,0.0507536035351044,0,0,-0.14857454312082,-0.149437050271927,0,0
0.104021721831942,0,0,0,0,0,0,0,0
-0.0767514036926265,0,0,0,0,0,0,0,0
-0.00205547160213497,0,0,0,0,0,0,0,0
0,-0.136693709544018,2.71505196829663,2.98804071763257,-1.12214659390901,0.0430088107787976,1.59942729678793,0,0
0,0.151480587796738,-0.220506437004383,-0.0460155193094604,-0.0132246679767767,-0.13238717152074,-0.303518794991363,0,0
