EGFR,PI3K_AKT,mTOR,MEK_ERK,PKC,TGFb-SMAD,STAT3,DPD_NC,DPD_LB
0,0.534801925315946,0.536919367241972,0.536269603485815,0.530501534567549,0.542143397786866,0,0,0
0.479026205235736,0,0.473386562604019,0.472066714722722,0,0.465682154756052,0.47840407908733,0,0
0,0,0,0,0,0,0,0,0
0.473830062587778,0.468417570634079,0.469588741104141,0,0,0.466777661919635,0.457705610228943,0,0
0.0658523261049834,0,0,0,0,0,0,0,0
0.084607499779504,0,0,0,0,0,0,0,0
0.0835817603812143,0,0,0,0,0,0,0,0
0,0.436073811022154,0.440146448204092,0.431612498031406,0.442428029171552,0.44362962079186,0.440964409166653,0,0
0,0.482377469094479,0.481625157896961,0.486143609433777,0.473037304816241,0.473712665868779,0.472095884463934,0,0
