EGFR,PI3K_AKT,mTOR,MEK_ERK,PKC,TGFb-SMAD,STAT3,DPD_NC,DPD_LB
0,-0.0153248530742827,0.0257872737329878,0.0417862341212664,0.138980868926136,-0.000180069134048844,0,0,0
0.0569546991052371,0,-0.0350360084420583,-0.000239910043288129,0,0.0218970024033398,0.0595272461654811,0,0
0,0,0,0,0,0,0,0,0
0.182513946765078,0.116140902272164,-0.0118815910282112,0,0,0.0261528692004305,0.12280138255164,0,0
0.165878966126573,0,0,0,0,0,0,0,0
0.218623240381234,0,0,0,0,0,0,0,0
0.60492296184435,0,0,0,0,0,0,0,0
0,0.467422535367263,0.237942944308425,1.83309983143412,0.419546763459007,0.392963115181734,0.36362687617418,0,0
0,0.225422754633964,-0.11797420151048,-0.2260427743421,-0.19979231275546,0.102116679237584,0.187606099157304,0,0
