EGFR,PI3K_AKT,mTOR,MEK_ERK,PKC,TGFb-SMAD,STAT3,DPD_NC,DPD_LB
0,0.0307707871312104,-0.0327278757767531,0.0130563653508645,0.033940003033808,0.041812731993163,0,0,0
0.0803270846084395,0,-0.0475689870434821,0.0270636549459567,0,0.049154588786854,0.0421504329342365,0,0
0,0,0,0,0,0,0,0,0
0.357587306475109,0.0736094985369001,-0.0774241339277318,0,0,0.0569999461030787,-0.119479490623697,0,0
0.0385668542662593,0,0,0,0,0,0,0,0
-0.0668089438784546,0,0,0,0,0,0,0,0
-0.146399093910047,0,0,0,0,0,0,0,0
0,-0.413354034359886,0.800150460346638,1.90811840789869,-0.141072897705347,-0.842896686360552,-0.550039387688716,0,0
0,0.288488107481445,-0.100939873360429,-0.0156710379698215,-0.276084929030252,0.280990630962872,0.34900549494633,0,0
