EGFR,PI3K_AKT,mTOR,MEK_ERK,PKC,TGFb-SMAD,STAT3,DPD_NC,DPD_LB
0,0.546447922794163,0.55058194644863,0.54583992242046,0.550975436239778,0.554664620997311,0,0,0
0.465157565157931,0,0.465961156195197,0.473116414816426,0,0.469148975821913,0.462439753299173,0,0
0,0,0,0,0,0,0,0,0
0.465576261087862,0.464142143883155,0.466651911160023,0,0,0.457343895084484,0.455497330308688,0,0
0.0653063720630624,0,0,0,0,0,0,0,0
0.0824753263219846,0,0,0,0,0,0,0,0
0.0814636319566222,0,0,0,0,0,0,0,0
0,0.42721115198301,0.423257069044705,0.431759549822402,0.43076367382563,0.433341118994806,0.423380872519392,0,0
0,0.480464705536103,0.477768256472184,0.487121992975961,0.484319323585686,0.484206298850323,0.492858895334998,0,0
