EGFR,PI3K_AKT,mTOR,MEK_ERK,PKC,TGFb-SMAD,STAT3,DPD_NC,DPD_LB
0,0.536240974322318,0.544113957620377,0.54043888562631,0.545183399578557,0.533608336493516,0,0,0
0.497427959107656,0,0.497321967410963,0.498361932136425,0,0.500251529096308,0.495312448077046,0,0
0,0,0,0,0,0,0,0,0
0.501463625801279,0.500079458087004,0.506310387851071,0,0,0.496290971121335,0.492802377720592,0,0
0,0,0,0,0,0,0,0,0
0,0,0,0,0,0,0,0,0
0.0882979498978374,0,0,0,0,0,0,0,0
0,0.455588187953826,0.451481100256306,0.455026242433176,0.450610752969732,0.445469102185367,0.446053159728246,0,0
0,0.466583121570415,0.471237968756798,0.472579642641619,0.469472136134715,0.465543964786935,0.464992192575117,0,0
