EGFR,PI3K_AKT,mTOR,MEK_ERK,PKC,TGFb-SMAD,STAT3,DPD_NC,DPD_LB
0,0.0112574926034315,-0.155651112061856,-0.0262093260158376,-0.0541655085281189,0.217569816936259,0,0,0
0.625174298468341,0,0.0300193366543435,-0.0294497469578502,0,0.0474141455724555,0.597848406410072,0,0
0,0.00228433761856525,0,0.00587434712078078,0.0129697420734637,0,0,0,0
0.310428683786319,0.33446036537833,0.0229839868505448,0,0,0.0544708156803665,0.352638282513872,0,0
0.262708624423078,0,0,0,0,0,0,0,0
0.475051312799937,0,0,0,0,0,0,0,0
0.674827430526667,0,0,0,0,0,0,0,0
0,-1.0876711717348,0.289995968513694,1.49461649174818,1.25605706971615,-1.4786123300125,-0.436648633383836,0,0
0,-0.0450983070622226,-0.164383289780967,0.100234698011957,-0.944152563168128,0.632573101546615,1.36666876518159,0,0
