EGFR,PI3K_AKT,mTOR,MEK_ERK,PKC,TGFb-SMAD,STAT3,DPD_NC,DPD_LB
0,0.0560577705575251,0.0221042003646871,-0.0232803365196968,0.0589668042827387,0.199308585634353,0,0,0
0.342649878609271,0,-0.247863870763275,0.0891861598758246,0,-0.29419528986894,0.504793295369177,0,0
0,0,0,0,0,0,0,0,0
0.0642478913972869,0.0461515267140664,0.12639442025085,0,0,0.146478176805102,0.118752189964964,0,0
0,0,0,0,0,0,0,0,0
0,0,0,0,0,0,0,0,0
1.01498159378936,0,0,0,0,0,0,0,0
0,0.779572660021615,-0.139363768983452,0.650659742446579,-0.249153642010205,-0.954492651484759,-1.5691100584964,0,0
0,0.408822599935167,0.260448991293154,0.666128986719658,-0.167804176863693,0.509437233652808,0.403808105497427,0,0
