EGFR,PI3K_AKT,mTOR,MEK_ERK,PKC,TGFb-SMAD,STAT3,DPD_NC,DPD_LB
0,0.525013096898601,0.525587577510424,0.526484180463157,0.523433348742454,0.531359693266008,0,0,0
0.480089532671833,0,0.475120299055174,0.479650220761914,0,0.483263691372356,0.480189147853971,0,0
0,0.0511874968277056,0,0.0540961667029177,0.163880244103621,0,0,0,0
0.479051638621683,0.480894835301689,0.473561865942472,0,0,0.470499391417341,0.475872258483004,0,0
0.0703020174632953,0,0,0,0,0,0,0,0
0.0973840405964069,0,0,0,0,0,0,0,0
0.0956957588113752,0,0,0,0,0,0,0,0
0,0.454761904862865,0.459885581589409,0.452497161212647,0.454786832788219,0.461768305842,0.453998783755516,0,0
0,0.459848661931968,0.458105722697112,0.448570857582411,0.460853343659044,0.456505865340715,0.456893120588627,0,0
