EGFR,PI3K_AKT,mTOR,MEK_ERK,PKC,TGFb-SMAD,STAT3,DPD_NC,DPD_LB
0,0.527741135122803,0.512921993412451,0.521698529893695,0.521737288051916,0.526319526490369,0,0,0
0.473556693331129,0,0.478239131861459,0.474676109259952,0,0.474858635867322,0.478634592697334,0,0
0,0.073172657682096,0,0.0758956635227326,0.082150536587487,0,0,0,0
0.472300786299299,0.47727418966335,0.478991402434366,0,0,0.467243461414362,0.466737393803849,0,0
0.0672489101080942,0,0,0,0,0,0,0,0
0.0929967856739629,0,0,0,0,0,0,0,0
0.094595878904353,0,0,0,0,0,0,0,0
0,0.431550117096674,0.432171875091774,0.431735069076356,0.429499159013861,0.431884721714804,0.427727449728458,0,0
0,0.466995313412814,0.457830851324639,0.468932195711522,0.465416903881263,0.471668022741443,0.463718021211533,0,0
