EGFR,PI3K_AKT,mTOR,MEK_ERK,PKC,TGFb-SMAD,STAT3,DPD_NC,DPD_LB
0,0.0420165028010064,0.0396916090890737,0.131836622114859,-0.102899433694403,0.126465580957379,0,0,0
-0.00127413756981337,0,-0.0918814996052429,-0.091037907067711,0,0.0450257356573189,0.197258774625666,0,0
0,0,0,0,0,0,0,0,0
-0.0600361976789414,-0.0902629671131163,-0.0423635139283349,0,0,0.221367798105201,0.61756410328346,0,0
0,0,0,0,0,0,0,0,0
0.618545653758477,0,0,0.318891558239171,0,0,0,0,0
0.537387545749149,0,0,0.371367457201864,0,0,0,0,0
0,-0.274325724669851,-0.223771505554417,-0.201892013151322,0.409411270320369,-0.295909566989474,-0.0850525760661442,0,0
0,-0.18246356531951,-0.0407785220218465,-0.422627523302894,-0.156596676728291,0.1860632649998,-0.146193223204399,0,0
