EGFR,PI3K_AKT,mTOR,MEK_ERK,PKC,TGFb-SMAD,STAT3,DPD_NC,DPD_LB
0,0.56339709834066,0.565693814787044,0.561920603266508,0.556512778448219,0.558583773691647,0,0,0
0.505400640223185,0,0.501121260907666,0.49515933728239,0,0.501680721682749,0.501871983785643,0,0
0,0.607739269675959,0,0.606453965146163,0.609496123514341,0,0,0,0
0.499606843579688,0.497429833570531,0.495885543127925,0,0,0.501342839948991,0.502037905941726,0,0
0.0678846101676959,0,0,0,0,0,0,0,0
0.0824092903756335,0,0,0,0,0,0,0,0
0.084420513396286,0,0,0,0,0,0,0,0
0,0.484179103560916,0.489601050588061,0.491370146106701,0.490087173598447,0.501426076123357,0.503084255617425,0,0
0,0.484142832589441,0.4899367346264,0.49013336266062,0.478684882215576,0.496259242551698,0.497607558864719,0,0
