EGFR,PI3K_AKT,mTOR,MEK_ERK,PKC,TGFb-SMAD,STAT3,DPD_NC,DPD_LB
0,-0.0751674168415587,-0.0318031881151289,0.0534941363238394,-0.0569048488157443,0.116427180880766,0,0,0
-0.082823108890412,0,-0.0982789473516813,-0.0110957824190941,0,0.0808044213428484,0.15155329089689,0,0
0,0.583458279058617,0,-0.0442156778900664,1.11966100812768,0,0,0,0
0.0710053592957539,0.0739275330845816,-0.157152584082142,0,0,0.196880211401714,0.221667511677183,0,0
0.0480289468202357,0,0,0,0,0,0,0,0
1.27997675449763,0,0,0,0,0,0,0,0
1.13576239144935,0,0,0,0,0,0,0,0
0,-0.525764719878193,-0.125422120871372,0.104965745451226,-0.162841334679839,-0.696641646703063,-0.446932079940049,0,0
0,0.587563041852289,-0.0725438389355841,-0.0862529608338287,-0.624129537665654,-0.523127999087611,-0.565314245755377,0,0
