EGFR,PI3K_AKT,mTOR,MEK_ERK,PKC,TGFb-SMAD,STAT3,DPD_NC,DPD_LB
0,0.560811357769539,0.569695626242916,0.566990239904495,0.5667445484754,0.566655143105546,0,0,0
0.516710816881142,0,0.518061282131431,0.519204499958792,0,0.52103270456118,0.516141564518794,0,0
0,0.471538713036515,0,0.435508174681469,0.462228958355561,0,0,0,0
0.502024810714719,0.493839205897361,0.499317470834451,0,0,0.497858772538958,0.501184655421428,0,0
0.0620519248962454,0,0,0,0,0,0,0,0
0.076723746254389,0,0,0,0,0,0,0,0
0.0795848927697507,0,0,0,0,0,0,0,0
0,0.489851640060386,0.475533157050526,0.481434781903252,0.477761727196941,0.483785472565279,0.476080981695034,0,0
0,0.446382946251468,0.441501642214824,0.333806392255131,0.441849850228979,0.4448323967471,0.444329604884308,0,0
