EGFR,PI3K_AKT,mTOR,MEK_ERK,PKC,TGFb-SMAD,STAT3,DPD_NC,DPD_LB
0,-0.0448540193388091,0.0615385142239742,0.0797266220667142,0.0365148609212446,0.170008520615783,0,0,0
-0.0431775422380228,0,-0.241362506368526,0.188715079877952,0,0.0595430977863438,0.389804175911098,0,0
0,-0.869828020196455,0,0.0732733926536766,0.438764594557855,0,0,0,0
0.139759613561978,0.209229192606812,0.497975687482779,0,0,0.195389958716562,0.127916448116901,0,0
0.926378775962218,0,0,0,0,0,0,0,0
2.16378586283116,0,0,0.876310867536451,0,0,0,0,0
1.55795300539857,0,0,0.969643535229118,0,0,0,0,0
0,-0.262071297509226,0.272378145128323,0.155967747392605,-0.032585220706509,-0.113060876637202,-0.206931841021008,0,0
0,-1.70679561882392,1.39156660398785,0.310028241745123,0.422282204043184,0.350055953649846,0.849543396391381,0,0
