EGFR,PI3K_AKT,mTOR,MEK_ERK,PKC,TGFb-SMAD,STAT3,DPD_NC,DPD_LB
0,-0.0207974192304464,0.0130978814155279,0.00320857304056956,0.0332946764177327,0.0628090956629205,0,0,0
-0.0314205821067817,0,-0.139069782104252,0.297520618583851,0,0.0269176810907577,0.0230517617151047,0,0
0,-0.689338341220404,0,0.433536461861994,0.291833199338773,0,0,0,0
-0.0321906212364669,0.698613166778929,0.374574007863956,0,0,0.147318126053081,0.21220475345837,0,0
0.629594042756113,0,0,0,0,0,0,0,0
0.800607377694563,0,0,0.0789114129653761,0,0,0,0,0
0.606101997147725,0,0,0.336778375884358,0,0,0,0,0
0,0.0891624440432732,-0.0942964261677997,0.0943383581288878,-0.0411986542499932,-0.385201833895917,-0.332402364004036,0,0
0,-2.84701875782091,0.00977906603022269,-3.24867657157045,-0.0594616258147924,1.61852708404412,0.934219955107292,0,0
