EGFR,PI3K_AKT,mTOR,MEK_ERK,PKC,TGFb-SMAD,STAT3,DPD_NC,DPD_LB
0,-0.00166752696257517,0.00138492605580283,-0.015473311246313,0.0193576038539022,0.183829652932646,0,0,0
-0.046869016786782,0,-0.210568870543743,0.210759170423035,0,0.0616770230013873,0.283943343133075,0,0
0,-1.02941991119494,0,0.319809980865368,0.415559769184172,0,0,0,0
-0.0140753031149806,0.435177743587277,0.370831960588857,0,0,-0.0789829060539373,-0.0191561132273506,0,0
0.297991500832118,0,0,0,0,0,0,0,0
1.7024188920724,0,0,0.0456175864547406,0,0,0,0,0
1.85591326718141,0,0,-0.0100379305069546,0,0,0,0,0
0,-0.0883774440275031,-0.0797311562224406,0.185833064929279,0.00358006164168749,-0.344479921197555,-0.310104880451926,0,0
0,-2.29325613391891,2.36376378883416,-2.23905074291333,-0.182394866875865,3.41053338512658,0.911161943937195,0,0
