EGFR,PI3K_AKT,mTOR,MEK_ERK,PKC,TGFb-SMAD,STAT3,DPD_NC,DPD_LB
0,0.507924882568473,0.502994556025161,0.505394314197596,0.499716680418159,0.497921667906702,0,0,0
0.455464093006309,0,0.456436887839565,0.45644532098795,0,0.46173428464145,0.462389708502265,0,0
0,0.519470375999246,0,0.508202055211317,0.507485326196968,0,0,0,0
0.47152295482015,0.465691401397406,0.468154313660328,0,0,0.468494588371768,0.466874039972027,0,0
0.0624500092659193,0,0,0,0,0,0,0,0
0.340481069405462,0,0,0.339200804115632,0,0,0,0,0
0.35024612436102,0,0,0.349541766122238,0,0,0,0,0
0,0.458539566990378,0.46155440459331,0.460287956503292,0.460092563184167,0.452823141186834,0.455571384389112,0,0
0,0.412604504179049,0.418565483100882,0.423563661857841,0.417202657375807,0.42817675668303,0.421340789105929,0,0
