EGFR,PI3K_AKT,mTOR,MEK_ERK,PKC,TGFb-SMAD,STAT3,DPD_NC,DPD_LB
0,0.503899388667499,0.495045865013509,0.508667462219154,0.497375822432502,0.499886938816715,0,0,0
0.459068419575231,0,0.45541716189247,0.467088453326761,0,0.459855934621597,0.461570325076027,0,0
0,0.535247072925545,0,0.534993439402015,0.543274289480783,0,0,0,0
0.468494498851468,0.471794552055007,0.474402531791008,0,0,0.477108283017712,0.475403968718469,0,0
0.0648513295132504,0,0,0,0,0,0,0,0
0.335385242397011,0,0,0.339299760019071,0,0,0,0,0
0.346529846797561,0,0,0.347209541368484,0,0,0,0,0
0,0.454471572802261,0.455252726186827,0.450038702340266,0.45582099338067,0.444858792436822,0.457573754126037,0,0
0,0.44333324967575,0.435614684826454,0.441294407177652,0.437757207581459,0.440429795872922,0.438425833527913,0,0
