EGFR,PI3K_AKT,mTOR,MEK_ERK,PKC,TGFb-SMAD,STAT3,DPD_NC,DPD_LB
0,-0.00590400333603853,0.0345067733305219,0.0208975520297313,0.153558087218719,0.0800027223565485,0,0,0
0.393139860823172,0,0.114207584853014,0.0858196289962983,0,-0.527140984748718,-0.593106198346214,0,0
0,0,0,0,0,0,0,0,0
0.738604289507619,0.464190755425352,0.146006168763283,0,0,-0.387286732457554,-0.379397642051065,0,0
1.29149829430033,0,0,0,0,0,0,0,0
0.387269459570907,0,0,0,0,0,0,0,0
1.02851032126907,0,0,0,0,0,0,0,0
0,0.20086385498673,0.221724504297665,0.313039628867875,-0.844213795151279,-0.188295568642467,0.292052406220648,0,0
0,-1.22504596177977,4.43277735382724,-2.60883297597485,-3.61809935992668,5.66513832959193,6.73806588638742,0,0
