EGFR,PI3K_AKT,mTOR,MEK_ERK,PKC,TGFb-SMAD,STAT3,DPD_NC,DPD_LB
0,-0.0480673512457656,-0.133792732202551,0.00476834850332441,-0.0114941589954735,0.0954410128231546,0,0,0
0.0979665069197862,0,0.0490375777546727,-0.25377913702377,0,0.209266477138143,0.273871063496013,0,0
0,0.117825487526867,0,0.201157837936513,0.649951804044476,0,0,0,0
0.0903697472587448,-0.0350481475203505,-0.0729874015575635,0,0,0.126835771605777,0.0934516036442921,0,0
-0.0559639161850071,0,0,0,0,0,0,0,0
0.943450934376452,0,0,0,0,0,0,0,0
0.896774534648498,0,0,0,0,0,0,0,0
0,-0.35162261309073,0.279163891410387,-0.180868775958382,0.162841289105329,0.0799248098889343,0.169434534411643,0,0
0,-0.192819515256935,-0.275955476636195,-0.181268059894188,0.0466712471811903,-0.208570205232088,-0.53841443097088,0,0
