EGFR,PI3K_AKT,mTOR,MEK_ERK,PKC,TGFb-SMAD,STAT3,DPD_NC,DPD_LB
0,0.525238998207934,0.527592331004247,0.528455587194101,0.531393445535161,0.530317324442273,0,0,0
0.478290303982455,0,0.480699203072067,0.478382376401509,0,0.466306171920762,0.468029289125254,0,0
0,0,0,0,0,0,0,0,0
0.462710309061702,0.458127065093814,0.459475993868896,0,0,0.463255904442977,0.462041662047996,0,0
0.073144687269571,0,0,0,0,0,0,0,0
0.230451111811825,0,0,0.227536913288592,0,0,0,0,0
0.213784306070081,0,0,0.213210178805786,0,0,0,0,0
0,0.46662986312091,0.469534602160589,0.468586535344537,0.467748831518507,0.465845847363887,0.468844275306059,0,0
0,0.471516079805336,0.468062283930102,0.472495752046945,0.466920230510268,0.470234303475058,0.470363678590305,0,0
