EGFR,PI3K_AKT,mTOR,MEK_ERK,PKC,TGFb-SMAD,STAT3,DPD_NC,DPD_LB
0,0.567446254013632,0.576759038782297,0.570896638287843,0.572820786140693,0.567175107477356,0,0,0
0.499566407392042,0,0.502574040117664,0.501694084757777,0,0.502533060649479,0.494559948723644,0,0
0,0,0,0,0,0,0,0,0
0.496647309039391,0.495437637246699,0.492748854975545,0,0,0.496923612995969,0.491875716785535,0,0
0.0625626310939158,0,0,0,0,0,0,0,0
0.0837340243435382,0,0,0,0,0,0,0,0
0.082793666952388,0,0,0,0,0,0,0,0
0,0.487036225267358,0.476116891002596,0.483595926652254,0.490069119019125,0.485648400049719,0.490638787275745,0,0
0,0.408927487035538,0.395802902262947,0.401946506144529,0.412374277065121,0.404186223453145,0.405309874993697,0,0
