EGFR,PI3K_AKT,mTOR,MEK_ERK,PKC,TGFb-SMAD,STAT3,DPD_NC,DPD_LB
0,0.524335499974337,0.504959939312042,0.515783177185642,0.523254760863686,0.508061060243389,0,0,0
0.472372827789373,0,0.47859032857195,0.483287986819592,0,0.479863599062116,0.478661522461367,0,0
0,0.615172422857655,0,0.609153606815203,0.618509711798647,0,0,0,0
0.481652750147405,0.475384545328013,0.482359509583567,0,0,0.47642295966269,0.480558538033161,0,0
0.0674418758791447,0,0,0,0,0,0,0,0
0.0895913746074555,0,0,0,0,0,0,0,0
0.0895829938635487,0,0,0,0,0,0,0,0
0,0.472029647500329,0.481709983609373,0.473434780682612,0.485711591353558,0.481741298725279,0.48233715064399,0,0
0,0.483903133840217,0.473206098526929,0.480082578388681,0.48143290278513,0.472757675088794,0.474596119809579,0,0
