EGFR,PI3K_AKT,mTOR,MEK_ERK,PKC,TGFb-SMAD,STAT3,DPD_NC,DPD_LB
0,0.546774025356809,0.552395357016507,0.539531147872606,0.555169054008633,0.558184670889628,0,0,0
0.476640776785759,0,0.477964552264771,0.484735855897038,0,0.475546837003324,0.472189447761829,0,0
0,0,0,0,0,0,0,0,0
0.464858157610697,0.464288286963596,0.470922620020401,0,0,0.46445639304275,0.460191935313808,0,0
0.0684614480061207,0,0,0,0,0,0,0,0
0.091109123445193,0,0,0,0,0,0,0,0
0.0856203266625046,0,0,0,0,0,0,0,0
0,0.466401559198979,0.473173789971981,0.464499928370306,0.468144470439765,0.472053691828407,0.470866400576647,0,0
0,0.438204562937346,0.443385310866747,0.43880887297879,0.435875407819328,0.437239296022862,0.442072745068943,0,0
