EGFR,PI3K_AKT,mTOR,MEK_ERK,PKC,TGFb-SMAD,STAT3,DPD_NC,DPD_LB
0,0.0986502223872792,0.122279120127482,0.132635985904208,0.0290307883202047,0.162833974541917,0,0,0
0.0675989190143205,0,-0.255629982526553,-0.26181080331326,0,0.19654980043576,0.149300215329556,0,0
0,0,0,0,0,0,0,0,0
0.0846978163537435,-0.072358862515834,-0.315940895072385,0,0,0.355063479784207,-0.0370796655184647,0,0
1.07413546182153,0,0,0,0,0,0,0,0
1.39024982697159,0,0,0.102858444869613,0,0,0,0,0
1.61354472326319,0,0,0.0886070158048923,0,0,0,0,0
0,-0.416983248744598,0.0908740899240426,-0.139354947008119,0.282811308668618,0.00609012576450451,0.188994629972551,0,0
0,0.212122810043022,-0.443953494100369,0.201361480460503,0.141491794638102,0.20617925995228,-0.716995473826863,0,0
