EGFR,PI3K_AKT,mTOR,MEK_ERK,PKC,TGFb-SMAD,STAT3,DPD_NC,DPD_LB
0,8.88178419700125e-16,8.88178419700125e-16,8.88178419700125e-16,8.88178419700125e-16,8.88178419700125e-16,0,0,0
3.33066907387547e-16,0,3.33066907387547e-16,3.33066907387547e-16,0,3.33066907387547e-16,3.33066907387547e-16,0,0
0,0,0,0,0,0,0,0,0
3.33066907387547e-16,3.33066907387547e-16,3.33066907387547e-16,0,0,3.33066907387547e-16,3.33066907387547e-16,0,0
3.33066907387547e-16,0,0,0,0,0,0,0,0
3.33066907387547e-16,0,0,0,0,0,0,0,0
8.88178419700126e-16,0,0,0,0,0,0,0,0
0,4.44089209850063e-16,4.44089209850063e-16,4.44089209850063e-16,4.44089209850063e-16,4.44089209850063e-16,4.44089209850063e-16,0,0
0,8.88178419700126e-16,8.88178419700126e-16,8.88178419700126e-16,8.88178419700126e-16,8.88178419700126e-16,8.88178419700126e-16,0,0
