EGFR,PI3K_AKT,mTOR,MEK_ERK,PKC,TGFb-SMAD,STAT3,DPD_NC,DPD_LB
0,0.0387829788820366,0.029479046610409,0.00562253071146844,0.0522006499592135,0.0278637156468342,0,0,0
1.02034499020191,0,0.109901091100669,0.330455033268156,0,0.901112575482506,0.635002194685494,0,0
0,0.49183351192345,0,0.00242521572086881,0.337841230669901,0,0,0,0
0.223500489107092,0.58040717330375,0.0198429313622868,0,0,-0.435643360093613,-0.687461542920883,0,0
1.97978574011137,0,0,0,0,0,0,0,0
0.24357734728616,0,0,0,0,0,0,0,0
0.636117177465789,0,0,0,0,0,0,0,0
0,-0.759183512722513,0.290324238918263,0.754238410765552,0.686824763587591,-0.260208854406646,0.9536620217197,0,0
0,-21.7385038702619,7.10242362969606,14.1443158810899,26.0015004393041,-4.4844594733214,-0.604849802598194,0,0
