EGFR,PI3K_AKT,mTOR,MEK_ERK,PKC,TGFb-SMAD,STAT3,DPD_NC,DPD_LB
0,0.519576951400125,0.513262202469287,0.522748220187556,0.514159941492736,0.513463321430725,0,0,0
0.447139255700886,0,0.453460001511405,0.446266104816431,0,0.45176513818758,0.452898746892221,0,0
0,0.608591623873063,0,0.604291838195019,0.60687410994627,0,0,0,0
0.459314349576448,0.458751888498563,0.454982092966603,0,0,0.452617410409415,0.456820654468607,0,0
0.0743416169042189,0,0,0,0,0,0,0,0
0.34246031505192,0,0,0.344441279476697,0,0,0,0,0
0.344418857405001,0,0,0.343485409484929,0,0,0,0,0
0,0.408443522272999,0.414949475290252,0.412851575890604,0.413544906155569,0.414508109655361,0.409697457083676,0,0
0,0.424145456733546,0.421003007204994,0.416523824251412,0.420730718097953,0.421358150186895,0.42178489955039,0,0
