EGFR,PI3K_AKT,mTOR,MEK_ERK,PKC,TGFb-SMAD,STAT3,DPD_NC,DPD_LB
0,-0.144942845019466,0.00687672889093179,0.116651608784334,0.00512671468852558,0.15780036913039,0,0,0
0.00754918742884423,0,0.225468858098501,0.257953106001677,0,-0.0945136628650862,-0.167934038153598,0,0
0,0.0226343012795471,0,0.189459387557738,0.331142482476176,0,0,0,0
0.187206448410813,0.0226428276660335,-0.0991186290014153,0,0,0.190043363147707,0.141337261262862,0,0
0.210222208325794,0,0,0,0,0,0,0,0
1.05205328169245,0,0,0.217154079104311,0,0,0,0,0
1.21350421284109,0,0,0.207555064010966,0,0,0,0,0
0,2.95852363543079,-0.774961382886511,-0.570706426336134,-3.81569418484542,-1.43572903659717,-1.49830928137088,0,0
0,-0.0310691435534112,-1.85595650355107,2.70329475021747,2.68390479892639,-3.23426072695294,-3.55140567079862,0,0
