EGFR,PI3K_AKT,mTOR,MEK_ERK,PKC,TGFb-SMAD,STAT3,DPD_NC,DPD_LB
0,-0.0534616083555309,0.0221402138037941,-0.0130785379597032,-0.0246022080263272,0.365483719837021,0,0,0
0.0209770206765187,0,-0.114846437365591,0.0428175752139002,0,0.0209951656249329,-0.0227083519086885,0,0
0,0.196454905622752,0,0.036850665059806,-0.0374675372406707,0,0,0,0
0.0250062623767013,0.066861029809506,-0.192504528657048,0,0,0.255554120439626,0.2273004206865,0,0
0,0,0,0,0,0,0,0,0
1.00492702464403,0,0,0.612707857816732,0,0,0,0,0
0.758246019592081,0,0,0.695871936275345,0,0,0,0,0
0,3.25329008607437,2.67916646288233,4.9493732177349,-1.70645812057172,-11.6027670563668,-3.26629874128493,0,0
0,-3.28314677102801,-8.54157677924441,-6.14257425866539,0.623119278831728,1.46214143541389,-3.88447776860597,0,0
