EGFR,PI3K_AKT,mTOR,MEK_ERK,PKC,TGFb-SMAD,STAT3,DPD_NC,DPD_LB
0,0.0130541657622904,0.0303697280794789,0.0747963612675506,0.00789651202840035,0.307523727280239,0,0,0
-0.0120716110334526,0,0.349414443054304,0.0931322692450419,0,0.0228865373027863,0.0609818558570032,0,0
0,0.137633715111424,0,0.346775395103663,0.0316534169850122,0,0,0,0
0.1188823801335,0.156517947258217,0.162347429911663,0,0,0.176015645545695,0.151478390838693,0,0
1.06525020106004,0,0,0,0,0,0,0,0
1.13182091451208,0,0,0.289296433262962,0,0,0,0,0
1.17523498995044,0,0,0.205190734433434,0,0,0,0,0
0,-9.14764948080237,-6.98652354708796,-2.08424626135541,5.25479993889761,5.05025236473731,3.33199724866146,0,0
0,9.63210021790314,7.70688133938925,-0.139974336388494,-4.52519010516477,1.20762159252936,2.09665153517883,0,0
