EGFR,PI3K_AKT,mTOR,MEK_ERK,PKC,TGFb-SMAD,STAT3,DPD_NC,DPD_LB
0,0.506847409136517,0.509711156235881,0.507319161410581,0.497173630086617,0.509752001226931,0,0,0
0.47685047262336,0,0.484565942108521,0.48218205764737,0,0.483258037143665,0.474623050454996,0,0
0,0.63074166572445,0,0.64168250450097,0.626138200874417,0,0,0,0
0.477758187019269,0.473678926366642,0.475903205632603,0,0,0.472375624086443,0.468849841118464,0,0
0.0724732331717744,0,0,0,0,0,0,0,0
0.363597221878992,0,0,0.359317066483736,0,0,0,0,0
0.365545342297445,0,0,0.36227071690074,0,0,0,0,0
0,0.414428165070874,0.4279585187689,0.424550830129152,0.422486574299165,0.422135955451416,0.424741524695651,0,0
0,0.415829087548854,0.416460937769155,0.417425462433444,0.41836650661811,0.419160080493257,0.42107550658159,0,0
