EGFR,PI3K_AKT,mTOR,MEK_ERK,PKC,TGFb-SMAD,STAT3,DPD_NC,DPD_LB
0,9.9920072216264e-16,9.9920072216264e-16,9.9920072216264e-16,9.9920072216264e-16,9.9920072216264e-16,0,0,0
0,0,0,0,0,0,0,0,0
0,3.33066907387547e-16,0,3.33066907387547e-16,3.33066907387547e-16,0,0,0,0
0,0,0,0,0,0,0,0,0
4.44089209850063e-16,0,0,0,0,0,0,0,0
1.33226762955019e-15,0,0,1.33226762955019e-15,0,0,0,0,0
1.33226762955019e-15,0,0,1.33226762955019e-15,0,0,0,0,0
0,2.22044604925031e-16,2.22044604925031e-16,2.22044604925031e-16,2.22044604925031e-16,2.22044604925031e-16,2.22044604925031e-16,0,0
0,1.77635683940025e-15,1.77635683940025e-15,1.77635683940025e-15,1.77635683940025e-15,1.77635683940025e-15,1.77635683940025e-15,0,0
