EGFR,PI3K_AKT,mTOR,MEK_ERK,PKC,TGFb-SMAD,STAT3,DPD_NC,DPD_LB
0,-0.00480868893931467,-0.0681386618187666,-0.0326461432905711,-0.0778263118628423,0.114248152801308,0,0,0
0.0843748405093478,0,-0.157209780801767,-0.14697362492309,0,-0.105980990188297,0.0591845100860816,0,0
0,0,0,0,0,0,0,0,0
0.193716063618293,0.120648956716695,-0.0884683682041375,0,0,0.122244757141273,-0.135944295840315,0,0
-0.274140403688915,0,0,0,0,0,0,0,0
1.05131163929011,0,0,0,0,0,0,0,0
0.92090071122979,0,0,0,0,0,0,0,0
0,-0.34542293513822,0.958372162474271,1.38044269984604,1.3546953915708,-1.24892009850928,-0.574715397050518,0,0
0,0.830906722637613,-1.52276940605176,-0.770561629429849,-1.98537123828156,2.83396939348624,1.62424097995098,0,0
