EGFR,PI3K_AKT,mTOR,MEK_ERK,PKC,TGFb-SMAD,STAT3,DPD_NC,DPD_LB
0,-0.0401529875689307,-0.0234278173455517,-0.0353119472080547,-0.0638991239339714,0.10922057330369,0,0,0
0.331603682853274,0,-0.232921313511989,-0.108788511180908,0,-0.0132275177324429,0.227089034796404,0,0
0,0,0,0,0.0974888312602644,0,0,0,0
0.764368438957007,0.13478893234229,-0.068500074945425,0,0,-0.0934882074909787,0.056447652511225,0,0
-0.00396661003720906,0,0,0,0,0,0,0,0
0.337222147940731,0,0,0,0,0,0,0,0
0.442058937733147,0,0,0,0,0,0,0,0
0,-0.137723041541434,-0.176212764604843,0.521205665346816,-0.383328388264826,0.0457696059858661,-0.502489996703926,0,0
0,0.690335990509844,-0.975045505952619,-0.396617069518846,0.00189428816051658,1.64861290034185,3.70117878777068,0,0
