EGFR,PI3K_AKT,mTOR,MEK_ERK,PKC,TGFb-SMAD,STAT3,DPD_NC,DPD_LB
0,0.547028852573704,0.545899431627197,0.548047054810312,0.547049380988027,0.54982859050244,0,0,0
0.50221452591198,0,0.51197770572207,0.509150111950748,0,0.509102485300389,0.508644579813779,0,0
0,0,0,0,0,0,0,0,0
0.515112922447447,0.504842804173324,0.506515615052031,0,0,0.499227582011973,0.502822150619256,0,0
0.0612264719486874,0,0,0,0,0,0,0,0
0.0789192658301938,0,0,0,0,0,0,0,0
0.0818834679901022,0,0,0,0,0,0,0,0
0,0.451269140807373,0.449834520010899,0.453079962600554,0.453265016503651,0.44497730189774,0.444478717662736,0,0
0,0.438025657870566,0.434052130646973,0.434523296867635,0.434645938023935,0.435633983380407,0.435520016474986,0,0
