EGFR,PI3K_AKT,mTOR,MEK_ERK,PKC,TGFb-SMAD,STAT3,DPD_NC,DPD_LB
0,0.555278249775489,0.545089405813961,0.546049402362503,0.55173632053601,0.549554084879575,0,0,0
0.523857298290902,0,0.509758345598891,0.517606458407154,0,0.513251417752107,0.518292420258324,0,0
0,0,0,0,0.15485650710134,0,0,0,0
0.509312149077017,0.50779664325787,0.508710817904087,0,0,0.503781011618035,0.506026821801502,0,0
0.0635253661503629,0,0,0,0,0,0,0,0
0.0838429892696388,0,0,0,0,0,0,0,0
0.0832942735689959,0,0,0,0,0,0,0,0
0,0.479734010684169,0.486858881358326,0.47809554565075,0.478536917981852,0.479005547725419,0.479199988286478,0,0
0,0.45063764265739,0.446698478902165,0.449068221713527,0.44259927021416,0.448183140366647,0.445567472425602,0,0
