EGFR,PI3K_AKT,mTOR,MEK_ERK,PKC,TGFb-SMAD,STAT3,DPD_NC,DPD_LB
0,0.0333760888851537,0.0113674886614959,0.0329077002911618,0.0625523468878937,0.219727873238018,0,0,0
0.174004550592093,0,-0.300312922450088,-0.0938290651722284,0,0.168197166596874,0.277812264069372,0,0
0,0,0,0,0,0,0,0,0
0.305352725615039,0.0445020337506983,-0.117883320445201,0,0,0.249553677924908,0.246022349133725,0,0
0.376911959096484,0,0,0,0,0,0,0,0
1.21309983777473,0,0,0,0,0,0,0,0
1.02747585176925,0,0,0,0,0,0,0,0
0,-0.29618638226153,0.703801436758873,0.583459785417327,-0.19881675591755,-0.831220344035142,-0.758222821376214,0,0
0,0.148720030452759,-1.40925204539448,0.218122102755253,0.158035200281423,1.21008534489308,1.52255795693912,0,0
