EGFR,PI3K_AKT,mTOR,MEK_ERK,PKC,TGFb-SMAD,STAT3,DPD_NC,DPD_LB
0,0.530074183671177,0.530063277988616,0.527456471342636,0.524031467402678,0.529299271229649,0,0,0
0.471031626211344,0,0.478393399816932,0.473471306713789,0,0.482675269852264,0.478902803335782,0,0
0,0.636844694695696,0,0.63456110064704,0.636440095732892,0,0,0,0
0.481641529053222,0.482345903610684,0.47743700771499,0,0,0.484766461462868,0.485652847035949,0,0
0.0698555367189195,0,0,0,0,0,0,0,0
0.354519351541508,0,0,0.351709559662011,0,0,0,0,0
0.336679614401193,0,0,0.33648218290611,0,0,0,0,0
0,0.447334293234959,0.448191236111049,0.442473826253898,0.451716081362911,0.451222072786222,0.448846127724056,0,0
0,0.479056079421916,0.466381330578429,0.475519219408362,0.47474366554291,0.478466187622225,0.479182699856172,0,0
