EGFR,PI3K_AKT,mTOR,MEK_ERK,PKC,TGFb-SMAD,STAT3,DPD_NC,DPD_LB
0,0.50986444875984,0.500563015443936,0.501700737306323,0.50576975749135,0.504032365646973,0,0,0
0.499329239879167,0,0.508738718957385,0.499095241546966,0,0.504340969416856,0.499059742343774,0,0
0,0.552318834573558,0,0.550989653211279,0.5384418114817,0,0,0,0
0.507810930592594,0.514657570340044,0.506463308989115,0,0,0.51180288259447,0.51028867509393,0,0
0.0628305572114533,0,0,0,0,0,0,0,0
0.306881167565442,0,0,0.312813143454693,0,0,0,0,0
0.324050214337678,0,0,0.331211739728416,0,0,0,0,0
0,0.470720433009977,0.467518692576985,0.459181782060563,0.461548297316888,0.465035689294822,0.464400199640256,0,0
0,0.465279431758201,0.466439013224637,0.465648562608443,0.466237898121817,0.468404131820676,0.462594667917863,0,0
