EGFR,PI3K_AKT,mTOR,MEK_ERK,PKC,TGFb-SMAD,STAT3,DPD_NC,DPD_LB
0,0.556898822885343,0.57056275287965,0.568400769951534,0.564456587968609,0.561323683286,0,0,0
0.503670530325811,0,0.501897098995468,0.50293378794198,0,0.499734691119506,0.500936470079837,0,0
0,0.628540051195454,0,0.63034351802022,0.628412507081246,0,0,0,0
0.495785960557961,0.48880255920021,0.495977959307496,0,0,0.488415433895363,0.495183489663095,0,0
0.0551186388876278,0,0,0,0,0,0,0,0
0.0759519479869742,0,0,0,0,0,0,0,0
0.0743030522890657,0,0,0,0,0,0,0,0
0,0.424687924845295,0.421230147897146,0.422238661525585,0.417811172016033,0.421666242140839,0.420616085102481,0,0
0,0.49402604740135,0.490970769682414,0.489948690379555,0.481800329640524,0.489089681044652,0.492792723825881,0,0
