EGFR,PI3K_AKT,mTOR,MEK_ERK,PKC,TGFb-SMAD,STAT3,DPD_NC,DPD_LB
0,0.0568036227432624,0.0492591883642003,-0.0265817330318698,0.046353738935199,0.217261697836716,0,0,0
0.0778551691761271,0,-0.189562333461902,-0.0433413134137869,0,0.125763100784384,0.00677427965102159,0,0
0,-0.107790904158978,0,0.0991887617492786,0.597267698765391,0,0,0,0
0.314857216090873,0.120186857830465,0.0918967055588742,0,0,0.528511006725792,-0.494110731687951,0,0
0.549528630694096,0,0,0,0,0,0,0,0
1.23349749591244,0,0,0,0,0,0,0,0
0.700767477004593,0,0,0,0,0,0,0,0
0,8.72850760559526,20.5699140425444,-7.47841538991533,29.4398947460932,26.8352834411509,-5.19774084709044,0,0
0,0.0558226648608423,-0.814942935191214,0.0439135805743265,0.439442246590582,1.47604034585785,-0.324622141217869,0,0
