EGFR,PI3K_AKT,mTOR,MEK_ERK,PKC,TGFb-SMAD,STAT3,DPD_NC,DPD_LB
0,0.539169923120994,0.53472297369101,0.537550228936572,0.531905043665011,0.529535359672092,0,0,0
0.517626609500809,0,0.519016306575542,0.519898816292047,0,0.517907318598833,0.515309225025508,0,0
0,0.612079021091431,0,0.61715461818857,0.615804372278496,0,0,0,0
0.507931198819135,0.505126415437748,0.512959304243153,0,0,0.523778549219462,0.516810708849336,0,0
0.0566033190068609,0,0,0,0,0,0,0,0
0.0725499765811394,0,0,0,0,0,0,0,0
0.318949505259511,0,0,0.317278083196552,0,0,0,0,0
0,0.497087021173069,0.492033115309677,0.485102005173344,0.49611285489913,0.488702763051204,0.48759858463154,0,0
0,0.442319819173247,0.441658107057037,0.44538750499924,0.443533010389098,0.445668124958028,0.447016852726555,0,0
