EGFR,PI3K_AKT,mTOR,MEK_ERK,PKC,TGFb-SMAD,STAT3,DPD_NC,DPD_LB
0,0.52915253965378,0.524502271962926,0.518059286619358,0.525732241831109,0.519098424832339,0,0,0
0.512219200801518,0,0.501621677783022,0.50783575361441,0,0.502495866134428,0.504641568308978,0,0
0,0.589324752669003,0,0.601752432779214,0.59581692375153,0,0,0,0
0.510054398605992,0.51243355057997,0.517965206302636,0,0,0.511321309452493,0.509934642029966,0,0
0.0572517609294051,0,0,0,0,0,0,0,0
0.0762815050798111,0,0,0,0,0,0,0,0
0.0722255804477309,0,0,0,0,0,0,0,0
0,0.419497713109661,0.42038106656969,0.426293914472415,0.420398588914105,0.416911436303255,0.426007928538797,0,0
0,0.478056124580836,0.471178103341878,0.477742750147996,0.481520639996944,0.474388343294047,0.484331352702811,0,0
