EGFR,PI3K_AKT,mTOR,MEK_ERK,PKC,TGFb-SMAD,STAT3,DPD_NC,DPD_LB
0,-0.0133763696581915,-0.006275708335531,-6.22388867477495e-05,0.0174232214574822,0.00946381728436251,0,0,0
0.000330603217988277,0,-0.0170681940650876,0.101865743576696,0,-0.337601619653236,0.457925496596177,0,0
0,0.0327162950678755,0,0,0.0716651830352184,0,0,0,0
-0.00554749095338104,0.43346308397192,-0.0248982645956308,0,0,0.0899206331019419,0.66210075935596,0,0
0.000168974778479641,0,0,0,0,0,0,0,0
-0.00177553951782202,0,0,0,0,0,0,0,0
0.000432922747194892,0,0,0,0,0,0,0,0
0,-0.437528915099472,-0.650271478682814,0.342335018087877,-1.38685375049726,0.756055913401385,-0.104274492441762,0,0
0,0.0515074428883142,0.259320355029063,-0.139581036315194,0.614842057503969,-0.423523778457341,0.286590357924506,0,0
