EGFR,PI3K_AKT,mTOR,MEK_ERK,PKC,TGFb-SMAD,STAT3,DPD_NC,DPD_LB
0,-0.00422647596427723,0.000141944046540062,0.00829710787653245,-0.00303764465587185,-0.00274071712592524,0,0,0
0.000472911984281744,0,0.129345023523056,-0.0450926123606359,0,0.406099673122466,-0.0590697196931994,0,0
0,0,0,0,0,0,0,0,0
0.00960511727311869,0.426815620225399,-0.00480822317370009,0,0,-0.141617933199086,-0.286644985224999,0,0
0.000448110535217495,0,0,0,0,0,0,0,0
0.000354079598063502,0,0,0,0,0,0,0,0
-7.15811242234085e-05,0,0,0,0,0,0,0,0
0,-0.49234988716711,0.608985688598892,0.16856815500855,0.49256540183671,-0.226629135849249,-0.0931932405153531,0,0
0,-0.127233716871964,-0.216296104267329,0,0.307862286291566,0.280691556638281,0.377557051056827,0,0
