EGFR,PI3K_AKT,mTOR,MEK_ERK,PKC,TGFb-SMAD,STAT3,DPD_NC,DPD_LB
0,1.55431223447522e-15,1.55431223447522e-15,1.55431223447522e-15,1.55431223447522e-15,1.55431223447522e-15,0,0,0
3.33066907387547e-16,0,3.33066907387547e-16,3.33066907387547e-16,0,3.33066907387547e-16,3.33066907387547e-16,0,0
0,2.22044604925031e-16,0,0.0944674759424123,2.22044604925031e-16,0,0,0,0
2.22044604925031e-16,2.22044604925031e-16,2.22044604925031e-16,0,0,2.22044604925031e-16,2.22044604925031e-16,0,0
1.11022302462516e-15,0,0,0,0,0,0,0,0
5.55111512312578e-16,0,0,0,0,0,0,0,0
0,0,0,0,0,0,0,0,0
0,8.88178419700126e-16,8.88178419700126e-16,8.88178419700126e-16,8.88178419700126e-16,8.88178419700126e-16,8.88178419700126e-16,0,0
0,1.11022302462516e-15,1.11022302462516e-15,1.11022302462516e-15,1.11022302462516e-15,1.11022302462516e-15,1.11022302462516e-15,0,0
