EGFR,PI3K_AKT,mTOR,MEK_ERK,PKC,TGFb-SMAD,STAT3,DPD_NC,DPD_LB
0,0.522149565632209,0.518363214397211,0.52338222116652,0.525498920717104,0.519341397753121,0,0,0
0.467687584013188,0,0.475096599082164,0.476188044678273,0,0.469882976797508,0.474394723354839,0,0
0,0,0,0,0,0,0,0,0
0.475935836938495,0.469472965153044,0.469430675840273,0,0,0.473834471072475,0.476657733868595,0,0
0.0635501854775118,0,0,0,0,0,0,0,0
0.36312261208905,0,0,0.361178474020997,0,0,0,0,0
0.354058953480446,0,0,0.353551105718111,0,0,0,0,0
0,0.4726984742803,0.4747421180092,0.47766665050369,0.472375717343138,0.47600593723257,0.474945602781264,0,0
0,0.421688360810452,0.429682827440062,0.417952231473649,0.424312259847461,0.417658289900825,0.413324293198135,0,0
