EGFR,PI3K_AKT,mTOR,MEK_ERK,PKC,TGFb-SMAD,STAT3,DPD_NC,DPD_LB
0,0.545837240046031,0.556093144188338,0.558053349837132,0.549549640677822,0.547076697296445,0,0,0
0.504622332356905,0,0.509274942306921,0.506310951923821,0,0.504700043603559,0.515668989533211,0,0
0,0,0,0,0,0,0,0,0
0.514049020458918,0.514660528424761,0.518394002137692,0,0,0.519584020090808,0.511488936303463,0,0
0.0578438590101364,0,0,0,0,0,0,0,0
0.0728478855461133,0,0,0,0,0,0,0,0
0.304399445671834,0,0,0.307171840304628,0,0,0,0,0
0,0.490869074516761,0.492569846401037,0.493635634916629,0.501090440670411,0.502111766908767,0.490100887314284,0,0
0,0.461816409506338,0.460015396921117,0.459918167293005,0.469178374787687,0.459984042584418,0.464358634689176,0,0
