EGFR,PI3K_AKT,mTOR,MEK_ERK,PKC,TGFb-SMAD,STAT3,DPD_NC,DPD_LB
0,0.541343658133392,0.533002193580536,0.545206850178586,0.53824924703214,0.541962288508059,0,0,0
0.523599917737771,0,0.522294774231493,0.516548243457718,0,0.516838995629224,0.525570615194589,0,0
0,0.425204493512449,0,0.346012150960306,0.429054907928432,0,0,0,0
0.507516011084739,0.494696198414106,0.501979558231657,0,0,0.506070529211317,0.502578617979767,0,0
0.0687239808935072,0,0,0,0,0,0,0,0
0,0,0,0,0,0,0,0,0
0.0915023346372269,0,0,0,0,0,0,0,0
0,0.431877674999417,0.432015376955402,0.437580225031102,0.434208836473437,0.436609535002556,0.430742071599861,0,0
0,0.443562448210812,0.45610758447992,0.452875065517454,0.445261278497605,0.457736961285457,0.447377014531685,0,0
