EGFR,PI3K_AKT,mTOR,MEK_ERK,PKC,TGFb-SMAD,STAT3,DPD_NC,DPD_LB
0,0.0990479160169922,0.0277594461080267,-0.023027193655986,-0.0451415955291093,0.135019081223635,0,0,0
0.0316901740725413,0,-0.0395732504805591,-0.0251701730707513,0,0.149351638019889,0.0902362537949331,0,0
0,-0.16607838285324,0,0.0295071984049261,0.431602106743308,0,0,0,0
0.135817553588146,0.648813198481206,-0.0907672063153911,0,0,0.102995668999757,0.176953725367022,0,0
0.133573541925,0,0,0,0,0,0,0,0
0.45856179313982,0,0,0,0,0,0,0,0
0.609913563181977,0,0,0,0,0,0,0,0
0,0.764827935092353,0.0821633455574555,0.512814873436654,0.194698169906402,-1.13994403595113,-0.801369419882499,0,0
0,3.75637886076066,-0.585335956829736,1.70320097409369,5.543054488276,-9.68337390173783,-1.42639125175123,0,0
