EGFR,PI3K_AKT,mTOR,MEK_ERK,PKC,TGFb-SMAD,STAT3,DPD_NC,DPD_LB
0,0.527847893078894,0.540822079230182,0.538355668318833,0.527570063695547,0.537253089277806,0,0,0
0.509083307710761,0,0.512144456395985,0.507048772821765,0,0.511428744759119,0.510263476542743,0,0
0,0.608989565006462,0,0.599946303515046,0.610419172234503,0,0,0,0
0.523651356710596,0.512030171211243,0.517904354802885,0,0,0.529232108663909,0.519059909498437,0,0
0.0614991342180937,0,0,0,0,0,0,0,0
0.36135235292685,0,0,0.313919261361801,0,0,0,0,0
0.0843525366880428,0,0,0,0,0,0,0,0
0,0.453656965364858,0.43862310460618,0.444212405994266,0.441292471532057,0.445113401719162,0.444513793267532,0,0
0,0.448921650224842,0.447972027477437,0.448231732514503,0.447426917865846,0.446401136264512,0.446756549186206,0,0
