EGFR,PI3K_AKT,mTOR,MEK_ERK,PKC,TGFb-SMAD,STAT3,DPD_NC,DPD_LB
0,0.547969978832119,0.548030537346578,0.548255118673051,0.548514474152023,0.550062390958868,0,0,0
0.512297800026629,0,0.527880451272851,0.510595772262561,0,0.520859394852185,0.519068291536926,0,0
0,0.391332545859077,0,0.350094855038043,0.386712417599494,0,0,0,0
0.51764719693987,0.507908943198898,0.507608248468253,0,0,0.51665295701551,0.51566405748051,0,0
0.0593404111799006,0,0,0,0,0,0,0,0
0.0831829861341465,0,0,0,0,0,0,0,0
0.0748170760627902,0,0,0,0,0,0,0,0
0,0.428886304592972,0.428756713754473,0.440448170085588,0.424492335747702,0.435002334741582,0.435191478158921,0,0
0,0.48645921070046,0.480451270861103,0.487729835823105,0.474828122109838,0.478308059515745,0.477046662989249,0,0
