EGFR,PI3K_AKT,mTOR,MEK_ERK,PKC,TGFb-SMAD,STAT3,DPD_NC,DPD_LB
0,0.542361226921598,0.532954538392019,0.535203724476838,0.529365488093883,0.542132634105039,0,0,0
0.509233103852307,0,0.512237839517396,0.511133342346331,0,0.513531848254519,0.509129498265866,0,0
0,0.500351577534464,0,0,0.499382080825567,0,0,0,0
0.493457414100696,0.496229826034922,0.488638847877651,0,0,0.484533783244138,0.503960916678143,0,0
0.0577482002601115,0,0,0,0,0,0,0,0
0.0767599767803248,0,0,0,0,0,0,0,0
0.0818935528528924,0,0,0,0,0,0,0,0
0,0.469176313698044,0.465675031413513,0.462195790899638,0.463612405597196,0.452865525445812,0.465675969356143,0,0
0,0.484980822769826,0.482722006643199,0.482517489544737,0.484127067269585,0.478990333972493,0.482752037702288,0,0
