EGFR,PI3K_AKT,mTOR,MEK_ERK,PKC,TGFb-SMAD,STAT3,DPD_NC,DPD_LB
0,-0.0169818710889079,0.00389505253792838,0.0017544032951713,-0.000938945811741653,0.0133812286268497,0,0,0
-0.00149882146144002,0,-0.153931357896935,0.106160625232608,0,-0.0265123639204231,0.0919251438246252,0,0
0,-0.13524893797202,0,0.426678370059929,0.639428724375774,0,0,0,0
-0.00867195408762711,0.197023114771002,-0.064259293303065,0,0,0.148240977087497,0.127475091868767,0,0
0.000794462160513952,0,0,0,0,0,0,0,0
-0.000345020881255719,0,0,0,0,0,0,0,0
0.000694937609252769,0,0,0,0,0,0,0,0
0,-1.2855200104419,0.24920469675653,2.39818695969358,2.77963538014725,-1.55945870739487,-0.913428362192257,0,0
0,-0.00788992326816955,-0.0433539233502006,-0.0521049835061816,-0.176328729436506,0.0319641476586245,0.0993143720912885,0,0
