EGFR,PI3K_AKT,mTOR,MEK_ERK,PKC,TGFb-SMAD,STAT3,DPD_NC,DPD_LB
0,0.535281577222722,0.531906054035738,0.533057677583442,0.54044038875964,0.5282166030248,0,0,0
0.495642985754915,0,0.498445481041178,0.492469492209953,0,0.496238574189758,0.495068451303556,0,0
0,0,0,0,0,0,0,0,0
0.474039132062368,0.480654132818899,0.477854254846885,0,0,0.473628658534325,0.469412479997817,0,0
0.0609119033517825,0,0,0,0,0,0,0,0
0.073198007467378,0,0,0,0,0,0,0,0
0.0760366931476613,0,0,0,0,0,0,0,0
0,0.481612180400932,0.480392620523406,0.471138216490921,0.473835717688956,0.485911674180316,0.486168082320326,0,0
0,0.628163639321338,0.619893550715125,0,0.609762372088796,0.621337337571543,0.615321807952065,0,0
