EGFR,PI3K_AKT,mTOR,MEK_ERK,PKC,TGFb-SMAD,STAT3,DPD_NC,DPD_LB
0,0.0438285686911468,-0.0227253725267247,0.0832524893920628,0.177524832204406,0.134632276968297,0,0,0
1.41711957134557,0,0.217604064225776,0.262072098584186,0,0.0623355767745964,0.0106485322701588,0,0
0,0,0,0,0,0,0,0,0
0.217803716618038,0.326779397982774,0.481328500103682,0,0,0.225776211058036,-0.218247411609949,0,0
1.53346041079222,0,0,0,0,0,0,0,0
0.00673070474829591,0,0,-0.000474908875183263,0,0,0,0,0
0,0,0,0,0,0,0,0,0
0,-0.0234562643063888,0.0232298751933363,0.0994531274483372,0.286540228262779,-0.109865620009033,-0.329192883969028,0,0
0,0.651326096341972,1.07146460077983,-0.770101342508653,0.102119331757972,-0.357871143341944,0.20593032300006,0,0
