EGFR,PI3K_AKT,mTOR,MEK_ERK,PKC,TGFb-SMAD,STAT3,DPD_NC,DPD_LB
0,-0.000636191635844108,0.00563127470335936,0.00524677162221874,-0.00887376711013875,0.00494347278504233,0,0,0
-0.00335731555572451,0,-0.0381651663313142,0.0333478576272492,0,-0.211641232923057,0.313185626062687,0,0
0,0.11831399071629,0,0,0.122382586755202,0,0,0,0
-0.00212336983308924,0.156256088574709,0.178304171250261,0,0,-0.0664305667763133,0.226475770316234,0,0
0.000390038043361997,0,0,0,0,0,0,0,0
0.0018862591813169,0,0,0,0,0,0,0,0
0.00078779204251286,0,0,0,0,0,0,0,0
0,0.75899390037265,-2.09318745412647,0.0438011195388791,-0.982001435040514,-0.870723288388314,-0.107013020384679,0,0
0,0.153535960875633,0.295169282506135,-0.14177361130266,0.781458263613547,0.261430092640212,0.290794008196884,0,0
