EGFR,PI3K_AKT,mTOR,MEK_ERK,PKC,TGFb-SMAD,STAT3,DPD_NC,DPD_LB
0,-0.00926140482567142,0.00762358213909337,0.00299528098210505,-3.85184756535994e-05,0.00702219739563453,0,0,0
0.0120709569862831,0,0.0829515109970575,0.356927934388625,0,-0.343698262694503,0.189626759474411,0,0
0,0.0495287977393036,0,0.0814807590932362,0.998990243844452,0,0,0,0
0.012653100894695,0.510945614940353,-0.106663707704799,0,0,0.471167412010947,-0.430377519405274,0,0
0.00012546775110576,0,0,0,0,0,0,0,0
0.00264117589790142,0,0,0,0,0,0,0,0
-0.00224032147604683,0,0,0,0,0,0,0,0
0,-0.320265299362573,1.58208372597559,1.19003367923712,1.78495294620415,-1.79666488390857,-1.46910599627956,0,0
0,-0.128945864752066,-0.121085569300764,-0.0319844705491202,-0.0297679596120574,0.0485200661794474,0.0624485939389974,0,0
