EGFR,PI3K_AKT,mTOR,MEK_ERK,PKC,TGFb-SMAD,STAT3,DPD_NC,DPD_LB
0,0.0626736171962293,0.0508603635664465,-0.070084475182564,0.110015150212587,0.0523277394528193,0,0,0
0.171647919254785,0,-0.0793063481680307,-0.129678807624208,0,-0.176133167091011,-0.116312132076846,0,0
0,0.278981946321747,0,0.190615920559425,0.306258931252514,0,0,0,0
0.0936939150896795,0.187238333251517,-0.0613114048637109,0,0,-0.370905711959154,-0.454873936881333,0,0
0.499995897324337,0,0,0,0,0,0,0,0
0.0327832694699389,0,0,-0.291231515986097,0,0,0,0,0
0.869958120282777,0,0,0,0,0,0,0,0
0,14.4908206361031,14.1529615240881,-31.7780739113345,-2.77788846926991,21.3430966616055,61.9549956615874,0,0
0,-0.105638447593951,-0.695340120636779,-0.694206457968873,-0.796008872373476,2.19500941335623,-0.347692911179123,0,0
