EGFR,PI3K_AKT,mTOR,MEK_ERK,PKC,TGFb-SMAD,STAT3,DPD_NC,DPD_LB
0,0.00233455643463591,-0.0108538212649281,0.0414583398374953,0.0930653388812863,0.262740162103648,0,0,0
-0.0309036375104581,0,0.056355913375211,0.122160425573483,0,0.131086446745153,0.0727426833166565,0,0
0,0.518170369401859,0,-0.0485478596204054,-0.105299959863628,0,0,0,0
-0.00602371119658377,0.265472012381501,-0.0271768586461232,0,0,0.311687353353649,0.158867849930864,0,0
0.393115886459464,0,0,0,0,0,0,0,0
1.19838919455241,0,0,0.236588736556763,0,0,0,0,0
1.22552586706822,0,0,0.156993245320397,0,0,0,0,0
0,-1.37772027654042,0.458479397021679,-0.68821611653176,-0.639859180197613,-1.04638289851329,-0.0198132868174447,0,0
0,0.117979194487355,0.267732989996908,-0.422440074471454,-0.386108531715373,-0.230266231630924,0.0231729811442265,0,0
