EGFR,PI3K_AKT,mTOR,MEK_ERK,PKC,TGFb-SMAD,STAT3,DPD_NC,DPD_LB
0,0.518077681165934,0.524463535869518,0.518122851861427,0.519990900433559,0.515778562531232,0,0,0
0.488567945904804,0,0.492804604420019,0.498877828891341,0,0.503492074553048,0.491710900746045,0,0
0,0.564285545950114,0,0.563706659470896,0.55610810047115,0,0,0,0
0.483634160488647,0.482883429099288,0.477093102901526,0,0,0.47876511761673,0.479776304477621,0,0
0.0694344994903231,0,0,0,0,0,0,0,0
0.342451913699448,0,0,0.344188573346837,0,0,0,0,0
0.350860626723618,0,0,0.355053559787354,0,0,0,0,0
0,0.453382950722864,0.456167808022347,0.453954322439417,0.459121668039405,0.453105455272334,0.45657315131066,0,0
0,0.462290866441992,0.46298183257477,0.462466938178212,0.467630567638987,0.464097092855419,0.46490236325336,0,0
