EGFR,PI3K_AKT,mTOR,MEK_ERK,PKC,TGFb-SMAD,STAT3,DPD_NC,DPD_LB
0,1,1,1,1,1,0,0,0
1,0,1,1,0,1,1,0,0
0,0.696630934602253,0,0.130421068380006,0.696630934602253,0,0,0,0
1,1,1,0,0,1,1,0,0
0.999999999999999,0,0,0,0,0,0,0,0
0.999999999999999,0,0,0,0,0,0,0,0
1,0,0,0,0,0,0,0,0
0,1,1,1,1,1,1,0,0
0,1,1,1,1,1,1,0,0
