EGFR,PI3K_AKT,mTOR,MEK_ERK,PKC,TGFb-SMAD,STAT3,DPD_NC,DPD_LB
0,0.0766571519472982,0.015703640723433,0.0285853517861727,0.0413367990270011,0.102044100415551,0,0,0
0.100142820726552,0,0.0289339911755403,0.0716219940078931,0,-0.0699404706304829,0.132184082587653,0,0
0,0.437448018397717,0,0.0740278137628107,0.0993192044008206,0,0,0,0
0.479138347745248,0.182879335933017,0.0261161736105096,0,0,0.101168293747296,0.0773781776742699,0,0
0.340088199629565,0,0,0,0,0,0,0,0
0.174807093494231,0,0,0,0,0,0,0,0
0.270095811392236,0,0,0,0,0,0,0,0
0,-0.000371967074669901,0.232436537657674,0.569209147884175,-0.468473070183456,0.0189625776283255,-0.144938648598052,0,0
0,0.690636233555763,0.521904083586654,0.0901221255293901,-1.04729117099036,0.193599997627805,0.955399046011136,0,0
