EGFR,PI3K_AKT,mTOR,MEK_ERK,PKC,TGFb-SMAD,STAT3,DPD_NC,DPD_LB
0,0.513511466361472,0.51590423032263,0.517268907463562,0.51485467968634,0.518139102311369,0,0,0
0.492923391515671,0,0.489921558288863,0.493796815026402,0,0.496234050040358,0.493614153942264,0,0
0,0.380130807034899,0,0.300888891881038,0.381408306774184,0,0,0,0
0.482262607786627,0.480576183239042,0.472264921645155,0,0,0.474323265128531,0.480992014857486,0,0
0.0704050836502978,0,0,0,0,0,0,0,0
0.09206693152516,0,0,0,0,0,0,0,0
0.0895972753196649,0,0,0,0,0,0,0,0
0,0.47199565882196,0.465661868030029,0.465610359524358,0.467951098046494,0.464754866661867,0.462931339877664,0,0
0,0.459547255036455,0.449453242434986,0.446691411949515,0.449118618077253,0.449066062805138,0.44941508915566,0,0
