EGFR,PI3K_AKT,mTOR,MEK_ERK,PKC,TGFb-SMAD,STAT3,DPD_NC,DPD_LB
0,0.000344179972971035,-0.0109611085956558,0.00111296523796551,0.00184026348426099,-0.0105534383899777,0,0,0
-0.002741260746452,0,-0.571955501937225,0.109824683396103,0,-0.0537825343477404,0.0391483525066951,0,0
0,0,0,0,0,0,0,0,0
0.00134205305411875,0.381522221638972,-0.0815978281230544,0,0,-0.64453014325164,-0.420549897236366,0,0
0.000732761743570478,0,0,0,0,0,0,0,0
-0.000910677087741997,0,0,0,0,0,0,0,0
0.0033260019180898,0,0,-0.763129381892134,0,0,0,0,0
0,-0.468629510969158,-0.0560400176601875,0.632370422313136,0.385530611780659,-0.310904557601339,-0.0110707582525818,0,0
0,1.78803477328643,4.80648405226251,-3.73179493769053,3.97575259834696,-11.021601584684,-4.32915050758448,0,0
