EGFR,PI3K_AKT,mTOR,MEK_ERK,PKC,TGFb-SMAD,STAT3,DPD_NC,DPD_LB
0,0.555876940128857,0.55625027407072,0.556911327631154,0.555813502624502,0.552323433363409,0,0,0
0.498152298243004,0,0.490877213289285,0.488753198711285,0,0.500715745630476,0.494618237358176,0,0
0,0.63157480674228,0,0.645066669514983,0.637247954791768,0,0,0,0
0.469118236700763,0.470441797156286,0.482157640753975,0,0,0.469555059669783,0.46655851754198,0,0
0.0751259901391124,0,0,0,0,0,0,0,0
0.0933156761356214,0,0,0,0,0,0,0,0
0.0934746363998352,0,0,0,0,0,0,0,0
0,0.463378660098297,0.471161837782637,0.463593911893633,0.4579426531523,0.472108070115898,0.46954435943353,0,0
0,0.461912832038711,0.454066734904222,0.456142388008936,0.457567505404718,0.457758707095906,0.452308969515232,0,0
