EGFR,PI3K_AKT,mTOR,MEK_ERK,PKC,TGFb-SMAD,STAT3,DPD_NC,DPD_LB
0,-0.103710141545809,0.252530681179293,-0.0768611761465861,0.279273827569674,-0.0347136538407295,0,0,0
0.044792820709022,0,0.136591658123399,0.0376312196633942,0,-0.138720731516968,-0.122767798026385,0,0
0,0.46510309830602,0,0.283925069089094,0.470068966956679,0,0,0,0
-0.108143251674538,-0.031515443387592,0.270472943619911,0,0,0.0366837910444411,-0.506258691718663,0,0
0,0,0,0,0,0,0,0,0
0,0,0,0,0,0,0,0,0
0,0,0,0,0,0,0,0,0
0,-0.274029956762115,0.476442425623458,0.346745855813001,0.867246337273244,-0.304284043309081,0.347567510123484,0,0
0,-1.91396800596905,-1.65455016745775,-3.01609325271675,4.12014528917524,2.44229040460978,2.50447011559738,0,0
