EGFR,PI3K_AKT,mTOR,MEK_ERK,PKC,TGFb-SMAD,STAT3,DPD_NC,DPD_LB
0,-0.00506703483212397,0.0057761924450106,0.0092393313167133,0.00083182970592998,0.000424001559024389,0,0,0
-0.00658232373768968,0,0.0272617485115784,0.0624076084928217,0,0.0485285574822537,0.2171221222521,0,0
0,0.116614474565437,0,0.0484345609913336,0.309698021157876,0,0,0,0
0.00504691391507316,0.0535234186897209,-0.0564647667084754,0,0,0.0381190241894035,0.31487973206684,0,0
-0.000541361109321205,0,0,0,0,0,0,0,0
0.00456180483609191,0,0,0.0128238920912538,0,0,0,0,0
0.00125806728806102,0,0,0.115107478019814,0,0,0,0,0
0,-0.793663426713675,0.30264277830413,0.616283406764813,0.938146922754667,-0.514388026061857,0.266163379197779,0,0
0,-0.193623957256668,-0.353748356530467,-0.152258034985404,-0.260656146498094,0.125354257514644,-0.488818256289556,0,0
