EGFR,PI3K_AKT,mTOR,MEK_ERK,PKC,TGFb-SMAD,STAT3,DPD_NC,DPD_LB
0,0.544578947984786,0.540513850066673,0.54060048036639,0.539546037788415,0.545748829406127,0,0,0
0.491309782341711,0,0.489166823643118,0.48589659767028,0,0.497052426265874,0.487690948009636,0,0
0,0.635299157959656,0,0.627073067014027,0.62999985970671,0,0,0,0
0.505416865972198,0.493324916344936,0.501772988804045,0,0,0.496177792458419,0.499270122884255,0,0
0,0,0,0,0,0,0,0,0
0,0,0,0,0,0,0,0,0
0,0,0,0,0,0,0,0,0
0,0.47028516766378,0.466534168880142,0.474803720503311,0.471126025445763,0.472316535691137,0.476198077384569,0,0
0,0.405104317708248,0.405827837869303,0.403551090916585,0.410031836098928,0.409281272892294,0.404491171098927,0,0
