EGFR,PI3K_AKT,mTOR,MEK_ERK,PKC,TGFb-SMAD,STAT3,DPD_NC,DPD_LB
0,0.0103173700869503,0.00902257522142427,-0.00487904488595152,-0.0153025052195996,0.000739895207644085,0,0,0
-0.000776072762187609,0,-0.299665047214303,-0.0100098356272702,0,-0.224828825188831,0.311815008133332,0,0
0,0.524915350427019,0,0.175893043155732,0.234309291079241,0,0,0,0
0.00908623367438548,-0.0882304499857988,0.0577909980119049,0,0,-0.515276272189367,-0.745359816782487,0,0
0.000628357263127426,0,0,0,0,0,0,0,0
-0.000568973285623119,0,0,0,0,0,0,0,0
-0.00263331021665265,0,0,-0.628646700888336,0,0,0,0,0
0,-0.0936997822372554,0.194255727882311,0.293398454856928,0.185266755045242,0.910043312579139,0.274747739741691,0,0
0,3.24812006243819,98.3251575900796,-32.0339924398031,6.53627907498512,9.24948777170161,0.563895214011941,0,0
