EGFR,PI3K_AKT,mTOR,MEK_ERK,PKC,TGFb-SMAD,STAT3,DPD_NC,DPD_LB
0,0.552579160271946,0.553523347944675,0.551830853183033,0.549959818346249,0.545583871733474,0,0,0
0.507311735062132,0,0.507570378743337,0.507389118109519,0,0.494473700158023,0.504763224931508,0,0
0,0.547456506029523,0,0.543996275743,0.555055670392478,0,0,0,0
0.47503660279505,0.47264894613427,0.471263848566324,0,0,0.47170665633415,0.477821755501223,0,0
0.0731792516106973,0,0,0,0,0,0,0,0
0.342877730589938,0,0,0.340511755297055,0,0,0,0,0
0.270520969939466,0,0,0.280214879806063,0,0,0,0,0
0,0.463146307931354,0.455792892688746,0.455641980020953,0.451007852460718,0.452174882891351,0.456504972599834,0,0
0,0.477548979186155,0.473010004964599,0.474455935845813,0.482123762987108,0.4793505165522,0.477700201443245,0,0
