EGFR,PI3K_AKT,mTOR,MEK_ERK,PKC,TGFb-SMAD,STAT3,DPD_NC,DPD_LB
0,0.534106327252678,0.523859077274674,0.529140599366082,0.526141458529012,0.525309406280523,0,0,0
0.510619896476128,0,0.511469399567808,0.501615739975477,0,0.50588049161393,0.508475601431262,0,0
0,0.400436691419943,0,0.342712570991296,0.406501920048369,0,0,0,0
0.514186131245142,0.513518409108574,0.506651070726584,0,0,0.516432140137,0.508578936039611,0,0
0.0658651989495266,0,0,0,0,0,0,0,0
0.080798538268222,0,0,0,0,0,0,0,0
0.0973939330297328,0,0,0,0,0,0,0,0
0,0.435576819253851,0.435215314561594,0.437801848754965,0.428414691753496,0.438632127711636,0.431893931375378,0,0
0,0.463577335631474,0.462866289097122,0.462778730161435,0.465047041768393,0.462861472894703,0.46284340856494,0,0
