EGFR,PI3K_AKT,mTOR,MEK_ERK,PKC,TGFb-SMAD,STAT3,DPD_NC,DPD_LB
0,0.00117988407510004,-0.0013137511237426,0.00179908900696914,-0.00436815866184872,-0.00434907613203307,0,0,0
0.0105401419691573,0,0.395196567707369,0.189344024566852,0,0.608012930068537,-0.599184435269575,0,0
0,0,0,0,0,0,0,0,0
-0.00492096603284243,0.526836187842189,0.0153864381700147,0,0,0.328687171443398,-0.0603910915287009,0,0
0.000630697085197306,0,0,0,0,0,0,0,0
0.000132411618120016,0,0,0,0,0,0,0,0
-0.00165662704056717,0,0,0,0,0,0,0,0
0,-0.445438750638143,0.570204406808658,0.27252549508074,0.439942459542599,-0.438691443074959,0.00656702012614951,0,0
0,0.133600768282799,-0.152358793041721,0.0285610078442612,-0.295635610001566,0.202549220080195,0.10072582371194,0,0
