EGFR,PI3K_AKT,mTOR,MEK_ERK,PKC,TGFb-SMAD,STAT3,DPD_NC,DPD_LB
0,0.00574985474963824,0.13282535568599,-0.107598579992865,0.121336520512176,-0.00824458668938365,0,0,0
0.326390313420292,0,-0.0742830743716956,0.102103964302308,0,-0.0656499132172537,0.0857488917025825,0,0
0,0.0190461899250486,0,0.510977876634527,0.82634187072472,0,0,0,0
0.602410709452623,0.122130349463159,-0.161023490872646,0,0,-0.151388108728581,-0.105218481252282,0,0
0,0,0,0,0,0,0,0,0
0,0,0,0,0,0,0,0,0
0,0,0,0,0,0,0,0,0
0,-0.513671406361795,-0.141638110484331,0.857424768238537,0.535821096306205,0.962410147143498,-0.78679582823965,0,0
0,0.0931034632142715,4.66196185475305,-6.43411387441349,1.07836041455433,-3.21206462789711,2.22153457032641,0,0
