EGFR,PI3K_AKT,mTOR,MEK_ERK,PKC,TGFb-SMAD,STAT3,DPD_NC,DPD_LB
0,0.15467884963726,0.146537215809959,-0.0700755053534499,0.130791710804705,0.00320432737064003,0,0,0
0.236196794433677,0,0.0598267552945552,0.0140983393527137,0,-0.123390902895352,-0.0128331014333085,0,0
0,-0.216137280773671,0,0.389675836518434,0.790119839031968,0,0,0,0
0.144328827516627,0.218444376984465,-0.0309420628873088,0,0,-0.0226513430888412,-0.194562133018346,0,0
0,0,0,0,0,0,0,0,0
0,0,0,0,0,0,0,0,0
0,0,0,0,0,0,0,0,0
0,-0.700340101916053,-0.525063601796314,0.969462304104778,0.863583473774523,-1.40304190482672,-0.555646430216928,0,0
0,2.60905015169282,3.49088471868622,-3.95290396258573,2.48895141282079,-1.38678044610272,2.01345597706256,0,0
