EGFR,PI3K_AKT,mTOR,MEK_ERK,PKC,TGFb-SMAD,STAT3,DPD_NC,DPD_LB
0,-0.0036194004546218,-0.00725793766985703,-0.00720759926583388,-0.000345248991161031,-0.00300498796393052,0,0,0
0.00977085546887704,0,0.229780702031797,0.380342652864901,0,0.14004409033904,-0.99490842461089,0,0
0,0.643407545596855,0,-0.0020153437411025,0.538116635746705,0,0,0,0
0.000849032319896424,0.416875038525298,0.132781154746436,0,0,0.1902827443074,-0.932383623192135,0,0
0.000453505386487089,0,0,0,0,0,0,0,0
0.000234130245591895,0,0,0,0,0,0,0,0
-0.00116890504034576,0,0,0,0,0,0,0,0
0,-0.500232716283406,-0.0419348906862946,-0.0592456298198663,0.928597124827999,-0.114480976545923,0.576843118892267,0,0
0,-0.0688387237960811,0.0655028187586218,-0.16319158974467,0.593838996246785,-0.133906730941713,0.139992413104701,0,0
