EGFR,PI3K_AKT,mTOR,MEK_ERK,PKC,TGFb-SMAD,STAT3,DPD_NC,DPD_LB
0,0.580204504722401,0.579949906931611,0.574028590650963,0.576135014323542,0.578249534948487,0,0,0
0.487127676223746,0,0.485404432621004,0.479929382985939,0,0.486841629503921,0.483959940004077,0,0
0,0,0,0,0,0,0,0,0
0.474014652455585,0.466409915966312,0.470650043878528,0,0,0.469604370053232,0.46841101018356,0,0
0.0620380222503956,0,0,0,0,0,0,0,0
0.0727661086506472,0,0,0,0,0,0,0,0
0.0710716346579404,0,0,0,0,0,0,0,0
0,0.477507605208663,0.472117972576483,0.47850934440324,0.47329100873912,0.468581659190904,0.476665618969434,0,0
0,0.462267932873657,0.458946844730267,0.450636000642319,0.458384379706665,0.461758660233959,0.469219363913284,0,0
