EGFR,PI3K_AKT,mTOR,MEK_ERK,PKC,TGFb-SMAD,STAT3,DPD_NC,DPD_LB
0,0.495088886505607,0.487191362624421,0.484264093732663,0.497157976185717,0.496622794112323,0,0,0
0.509677892757325,0,0.514657092004593,0.518419880217661,0,0.514147652382844,0.518418475062646,0,0
0,0.55942867213567,0,0.553605282117533,0.550624517332843,0,0,0,0
0.508301468786018,0.514612380455634,0.509887856590088,0,0,0.514532320349058,0.508950158752568,0,0
0.060810008697517,0,0,0,0,0,0,0,0
0.31859694634098,0,0,0.315948195357718,0,0,0,0,0
0.326362024305895,0,0,0.327425403295042,0,0,0,0,0
0,0.470436600273219,0.474512855167439,0.471228254938041,0.472506533616329,0.47023360506815,0.466020222868717,0,0
0,0.459292057239833,0.476263417728938,0.471384832272732,0.472312503179054,0.474694042610528,0.467013358903166,0,0
