EGFR,PI3K_AKT,mTOR,MEK_ERK,PKC,TGFb-SMAD,STAT3,DPD_NC,DPD_LB
0,-0.00162279644712734,-0.00375563746787225,0.011444781421765,0.00886475901945816,-0.00322622210159477,0,0,0
0.011944583452974,0,-0.270826880700694,-0.0699417223507651,0,-0.121544078190549,0.0912345875354707,0,0
0,0,0,0,0,0,0,0,0
0.00913417153620019,0.227961148738619,0.0478244238470447,0,0,-0.142533984681984,-0.0718618965738243,0,0
-5.11168044045128e-05,0,0,0,0,0,0,0,0
-0.000989442511508317,0,0,0,0,0,0,0,0
0.00144545761263269,0,0,0,0,0,0,0,0
0,-0.373315480063716,-0.599498961718685,0.464081234875468,-0.221541311130173,-0.381439502801351,0.318044539820779,0,0
0,0.273023903691949,1.0183667720787,0.419877062804076,-0.424904744594167,0.0738820958501883,0.976264029286684,0,0
