EGFR,PI3K_AKT,mTOR,MEK_ERK,PKC,TGFb-SMAD,STAT3,DPD_NC,DPD_LB
0,6.66133814775094e-16,6.66133814775094e-16,6.66133814775094e-16,6.66133814775094e-16,6.66133814775094e-16,0,0,0
6.66133814775094e-16,0,6.66133814775094e-16,6.66133814775094e-16,0,6.66133814775094e-16,6.66133814775094e-16,0,0
0,0,0,0,0,0,0,0,0
6.66133814775094e-16,6.66133814775094e-16,6.66133814775094e-16,0,0,6.66133814775094e-16,6.66133814775094e-16,0,0
8.88178419700126e-16,0,0,0,0,0,0,0,0
1.11022302462516e-15,0,0,1.11022302462516e-15,0,0,0,0,0
1.33226762955019e-15,0,0,1.33226762955019e-15,0,0,0,0,0
0,0,0,0,0,0,0,0,0
0,8.88178419700126e-16,8.88178419700126e-16,8.88178419700126e-16,8.88178419700126e-16,8.88178419700126e-16,8.88178419700126e-16,0,0
