EGFR,PI3K_AKT,mTOR,MEK_ERK,PKC,TGFb-SMAD,STAT3,DPD_NC,DPD_LB
0,0.0409172850484047,-0.0945128344905123,0.0387998179727549,-0.0492341978900098,0.0212359987829008,0,0,0
0.0889663931955886,0,-0.0822665940260182,0.00526107895375266,0,-0.0084256973218644,0.0313596647114859,0,0
0,0.0970085787952853,0,0.215690825037709,0.494702960106634,0,0,0,0
0.4781542910288,0.184021125784107,-0.115383969308333,0,0,-0.0973048269787797,0.098456989544397,0,0
-0.0195381732339926,0,0,0,0,0,0,0,0
-0.0968581984431568,0,0,0,0,0,0,0,0
0.1028474645928,0,0,0,0,0,0,0,0
0,-0.123333973680054,0.036145712252052,0.673654207080504,0.142615554825788,-0.520780248996846,-0.19176897689184,0,0
0,5.49619634245922,-6.92697791599601,-2.11207787337318,-9.62647697918619,-15.484138075354,3.09159606747271,0,0
