EGFR,PI3K_AKT,mTOR,MEK_ERK,PKC,TGFb-SMAD,STAT3,DPD_NC,DPD_LB
0,0.0677162319282564,0.00292303026337025,0.0363303822090054,0.174673377618642,0.0482451961176408,0,0,0
0.108451448978818,0,-0.0322106180221925,0.120023539893269,0,-0.0456058345089748,0.1970216110923,0,0
0,0.188696019280183,0,0.156130783919202,0.184484323987761,0,0,0,0
0.362272025870545,0.623504025611018,-0.0474824003203198,0,0,-0.114371397904868,0.102471006519496,0,0
0.733083989538181,0,0,0,0,0,0,0,0
-0.138459676292028,0,0,0,0,0,0,0,0
1.21996483197203,0,0,0,0,0,0,0,0
0,0.361590719405313,0.387858151037837,1.01236680194791,0.878398263877384,-0.359942293073425,0.624136147226504,0,0
0,0.237019136363255,2.1643293739498,0.238402306458094,0.353030898757867,-2.02484286386552,0.0746509816956472,0,0
