EGFR,PI3K_AKT,mTOR,MEK_ERK,PKC,TGFb-SMAD,STAT3,DPD_NC,DPD_LB
0,0.579318197221779,0.578239143251525,0.579820702847563,0.579273262401692,0.576533450288315,0,0,0
0.494880823381071,0,0.493211937778326,0.502610104422856,0,0.487513321676229,0.500296751514458,0,0
0,0.406546812845945,0,0.0522247044815279,0.40331954375999,0,0,0,0
0.481988165663114,0.478634009919978,0.483811174202923,0,0,0.481953122800355,0.480443033666046,0,0
0.059177383133332,0,0,0,0,0,0,0,0
0.0662321944394842,0,0,0,0,0,0,0,0
0.0720945168840041,0,0,0,0,0,0,0,0
0,0.493040136229304,0.4970209998123,0.508706561768485,0.493016114164178,0.501136136047365,0.498560067121436,0,0
0,0.512248233501423,0.524085231741887,0.517481435261073,0.51537237190881,0.515867820204923,0.518569773508955,0,0
