EGFR,PI3K_AKT,mTOR,MEK_ERK,PKC,TGFb-SMAD,STAT3,DPD_NC,DPD_LB
0,0.0105988988669901,-0.0208363026090367,0.045070065183949,0.0705813042790076,0.261794632938354,0,0,0
-0.0635493434386901,0,0.0727193346284923,-0.0330143188022723,0,0.0852535785049416,0.216451828615092,0,0
0,0.0664038017073703,0,-0.826108624380435,-0.344261968067563,0,0,0,0
0.0774362406788444,0.0750226556490647,-0.0526251076338198,0,0,0.1515149640299,0.127661591656472,0,0
0.514937032049011,0,0,0,0,0,0,0,0
0.746674878644668,0,0,0.270147151435922,0,0,0,0,0
1.0369864784572,0,0,0.323843971135098,0,0,0,0,0
0,1.59260526776889,-0.0737108553597537,0.861354217898784,0.223684379855624,-2.68631948076942,-0.347625949734809,0,0
0,0.668400802301659,0.210220910448829,0.0476175558994094,0.274540272745623,-1.02669096985743,-0.0942925102049658,0,0
