EGFR,PI3K_AKT,mTOR,MEK_ERK,PKC,TGFb-SMAD,STAT3,DPD_NC,DPD_LB
0,0.502988518278822,0.504539170726168,0.498430294045251,0.50399946581749,0.498092473749139,0,0,0
0.489823049738379,0,0.494225724204094,0.482032672734956,0,0.482064466393059,0.497019653880259,0,0
0,0.287131469590062,0,0.103081335959591,0.29464784172224,0,0,0,0
0.48250518215353,0.488314633172215,0.474780135541721,0,0,0.478446409865818,0.48526490341348,0,0
0.0596084803131429,0,0,0,0,0,0,0,0
0.0814216679204642,0,0,0,0,0,0,0,0
0.0811008414162843,0,0,0,0,0,0,0,0
0,0.444652912765609,0.449494675402913,0.448842333982711,0.446917267251754,0.445749468677196,0.446128456231539,0,0
0,0.46355070546387,0.46138966677078,0.458643916699269,0.458128727073151,0.46392853384913,0.459629155738223,0,0
