EGFR,PI3K_AKT,mTOR,MEK_ERK,PKC,TGFb-SMAD,STAT3,DPD_NC,DPD_LB
0,0.00377754620825249,0.00295588392731207,-0.00535538040083416,-0.000654515704205237,-0.0121412922691108,0,0,0
0.0206463621757285,0,0.0338718440131834,0.0567858824539221,0,0.00658013680342087,0.0752275480229916,0,0
0,-0.0313075322916877,0,0.483999533935728,0.775634777522519,0,0,0,0
0.00211821818406505,0.0902490580811283,0.0451129883527526,0,0,0.0209147351106933,0.110096826031293,0,0
-0.00113084416400254,0,0,0,0,0,0,0,0
0.00239099117194637,0,0,-0.0384010907536412,0,0,0,0,0
0.00058738905348044,0,0,0.487526087312547,0,0,0,0,0
0,-0.357019322813013,0.487502793652181,0.0552633197414541,0.323968829989723,-0.284542477738546,0.144384654675474,0,0
0,0.305180328986919,0.18566879453294,0.498516192960234,0.0376972507515429,-0.150741945737026,0.308193984958861,0,0
