EGFR,PI3K_AKT,mTOR,MEK_ERK,PKC,TGFb-SMAD,STAT3,DPD_NC,DPD_LB
0,0.516800315212368,0.519100958495953,0.51632331135848,0.518100483758038,0.521276996622941,0,0,0
0.48556070927713,0,0.481627822580157,0.477300834028645,0,0.485251359876183,0.484398920403636,0,0
0,0.544837684082701,0,0.547560952635977,0.546215850353972,0,0,0,0
0.478548089981004,0.475567802736221,0.481049722632153,0,0,0.473879065802541,0.478596208954604,0,0
0.0699351613858532,0,0,0,0,0,0,0,0
0.0922107438394243,0,0,0,0,0,0,0,0
0.091524079441107,0,0,0,0,0,0,0,0
0,0.478306624211504,0.477778560199644,0.476541979756234,0.476644660346495,0.472049298242178,0.473670606598882,0,0
0,0.428074297545994,0.426161230917809,0.431442566627344,0.427897283550083,0.431497912520753,0.427449527299262,0,0
