EGFR,PI3K_AKT,mTOR,MEK_ERK,PKC,TGFb-SMAD,STAT3,DPD_NC,DPD_LB
0,-0.00125414047011194,-0.00385853191728339,-0.00434068178478383,0.00784990290457169,-0.0018447773144287,0,0,0
0.00581926189566977,0,-0.104270093399591,0.154849703855423,0,-0.401531657441849,0.087709247862515,0,0
0,0.0324148288871929,0,0.00251251511679445,0.099476939072915,0,0,0,0
0.0095941274246181,0.57231957564003,-0.0837566615605904,0,0,0.0848685786363446,-0.147991703847226,0,0
-0.000945112429722326,0,0,0,0,0,0,0,0
0.000111906407197858,0,0,0,0,0,0,0,0
0.000883848687155995,0,0,0,0,0,0,0,0
0,-0.634887000748868,1.02484958548173,0.95833261438434,0.410740582135813,0.414361080136245,0.636988711620605,0,0
0,-0.824417828758425,-0.625985906340116,-0.564053376368951,-0.278525214091976,0.601014524828266,0.167199883908519,0,0
