EGFR,PI3K_AKT,mTOR,MEK_ERK,PKC,TGFb-SMAD,STAT3,DPD_NC,DPD_LB
0,0.556793244021153,0.555548698962378,0.559479183729125,0.557852296404292,0.559395999193699,0,0,0
0.533529360596396,0,0.53472206966736,0.533894440624054,0,0.530886817262806,0.526809273677831,0,0
0,0,0,0,0,0,0,0,0
0.530219560476942,0.520217294068305,0.525043591925475,0,0,0.524612414521031,0.514017538691124,0,0
0.0572328046114423,0,0,0,0,0,0,0,0
0.0675994796326802,0,0,0,0,0,0,0,0
0.0742435345006949,0,0,0,0,0,0,0,0
0,0.496363931312103,0.500407789466422,0.498416986625489,0.500038037859789,0.500931611041689,0.501073964947085,0,0
0,0.4590786228131,0.450945578467737,0.450639682303861,0.456615112928709,0.45739386051698,0.451824815629036,0,0
