EGFR,PI3K_AKT,mTOR,MEK_ERK,PKC,TGFb-SMAD,STAT3,DPD_NC,DPD_LB
0,0.533905095965141,0.531073187551308,0.538892125328615,0.53685455094562,0.535596859288743,0,0,0
0.504897984836609,0,0.497484449578126,0.492214380515885,0,0.497713685406891,0.492587906126358,0,0
0,0.582580189092289,0,0.587976890450523,0.580869923595044,0,0,0,0
0.469259906006044,0.462412214741777,0.465225812319139,0,0,0.464506768693346,0.472242108033761,0,0
0.0694534256844084,0,0,0,0,0,0,0,0
0.0894035769832556,0,0,0,0,0,0,0,0
0.0896835247897362,0,0,0,0,0,0,0,0
0,0.460530574117295,0.45368524471778,0.457118837220362,0.449675799954304,0.459998724452679,0.455982995064852,0,0
0,0.447475506250418,0.448631407081817,0.445471616270892,0.457303289347865,0.44677385623773,0.451508273066726,0,0
