EGFR,PI3K_AKT,mTOR,MEK_ERK,PKC,TGFb-SMAD,STAT3,DPD_NC,DPD_LB
0,0.532145381907414,0.531821029545041,0.529984060444752,0.531817448321686,0.538323978649668,0,0,0
0.499998575683692,0,0.5016564297577,0.497227468862041,0,0.492172922993414,0.505100812102841,0,0
0,0.62788929400543,0,0.639949894214371,0.632396043489071,0,0,0,0
0.503642977816172,0.501699092523038,0.500140968457821,0,0,0.498624637601874,0.504337854858711,0,0
0.0582747763728438,0,0,0,0,0,0,0,0
0.333074070030693,0,0,0.338021305993763,0,0,0,0,0
0.339049369367575,0,0,0.34333047950386,0,0,0,0,0
0,0.476757514143009,0.469149905762141,0.468593917974847,0.472234155475837,0.473333353918848,0.47150598963176,0,0
0,0.477709115806284,0.487013143034503,0.476255892450408,0.48687193084236,0.488320268774987,0.483566194339387,0,0
