EGFR,PI3K_AKT,mTOR,MEK_ERK,PKC,TGFb-SMAD,STAT3,DPD_NC,DPD_LB
0,0.543865073234682,0.537818060290234,0.540946189835051,0.537367449947651,0.542737847560507,0,0,0
0.509693690253283,0,0.514529692073204,0.509864544988589,0,0.509911471979124,0.513205223593564,0,0
0,0.61014965060201,0,0.603622767932195,0.619465510215061,0,0,0,0
0.497304127062853,0.506433742386306,0.503107038005948,0,0,0.498736725333839,0.496185216187901,0,0
0,0,0,0,0,0,0,0,0
0,0,0,0,0,0,0,0,0
0,0,0,0,0,0,0,0,0
0,0.462239509140513,0.452250597699378,0.457865544098659,0.454968844517752,0.453182248118239,0.453093579346572,0,0
0,0.407504793794254,0.407843970954255,0.404700571651354,0.413262124252705,0.408841393572998,0.413868067816937,0,0
