EGFR,PI3K_AKT,mTOR,MEK_ERK,PKC,TGFb-SMAD,STAT3,DPD_NC,DPD_LB
0,0.554136925840085,0.553330147043586,0.554489012222057,0.552335003222794,0.555266820690764,0,0,0
0.495350215809313,0,0.499102278526702,0.501710675972216,0,0.49443140248224,0.503479320502873,0,0
0,0.384889791932514,0,0.233449132115292,0.383972551687706,0,0,0,0
0.4705627034464,0.469271652663865,0.471510525483364,0,0,0.465721774390127,0.454194240598813,0,0
0.0653995334501111,0,0,0,0,0,0,0,0
0.0827562871768001,0,0,0,0,0,0,0,0
0.0873167051317283,0,0,0,0,0,0,0,0
0,0.482346727957206,0.479002235213031,0.474281360219857,0.46977884236177,0.477886848706187,0.476894986162147,0,0
0,0.463771070743491,0.472558774953906,0.470453299924885,0.46661393954763,0.475877344719919,0.469408841619137,0,0
