EGFR,PI3K_AKT,mTOR,MEK_ERK,PKC,TGFb-SMAD,STAT3,DPD_NC,DPD_LB
0,-0.117516894083363,-0.0700638261991873,0.0994428875282082,0.0596652813438457,0.208039992946627,0,0,0
-0.108709899554182,0,0.147566121724457,0.300768563681001,0,-0.0830692206714918,0.502027968688881,0,0
0,-0.158707385686584,0,-0.108891462369517,-0.19626594222491,0,0,0,0
0.0554863075076895,0.296522470467819,-0.0233844846746541,0,0,0.141107461308623,0.179450097124712,0,0
-0.0808471393881947,0,0,0,0,0,0,0,0
0.662036720499022,0,0,0.254829432968843,0,0,0,0,0
0.787054615484929,0,0,0.560656263275477,0,0,0,0,0
0,-1.94006308873912,0.674031903488562,-0.966699969416776,0.052405324111805,-0.153940703351133,-0.899425201510713,0,0
0,0.0376576890930973,0.12626109466671,-0.670346491667882,-0.00410057037146758,-0.295464433095877,-0.134292079870211,0,0
