EGFR,PI3K_AKT,mTOR,MEK_ERK,PKC,TGFb-SMAD,STAT3,DPD_NC,DPD_LB
0,-0.00521326879309224,-0.00208961650929877,-0.00118984339240217,0.0062793625211648,0.00342028037562096,0,0,0
-0.000486633364878296,0,-0.00786100946783899,0.0195388675285292,0,0.0473346293637331,0.132512791374246,0,0
0,0.26334398503541,0,0.172445345580582,0.716841149227311,0,0,0,0
0.00940130677356711,0.0187986051279978,-0.0303038664867059,0,0,-0.0506279781602956,0.297729935398636,0,0
-0.000640424181835001,0,0,0,0,0,0,0,0
-0.00790493006884654,0,0,-0.152567258256474,0,0,0,0,0
0.0118911184785395,0,0,0.447310750925679,0,0,0,0,0
0,-0.697823712271224,0.390485038902047,-0.840884193269177,-0.339858973253441,0.232349652262166,-0.00166950782491996,0,0
0,0.724437862310401,-0.346565883629093,0.754154951409761,-0.754838077514933,0.0938769948818563,-0.0309133587061188,0,0
