EGFR,PI3K_AKT,mTOR,MEK_ERK,PKC,TGFb-SMAD,STAT3,DPD_NC,DPD_LB
0,0.542885053387626,0.533881387873555,0.538159632159099,0.544349814197276,0.54069070668699,0,0,0
0.48213058430041,0,0.469369398340211,0.476868321397669,0,0.482923129164517,0.477848853896014,0,0
0,0,0,0,0,0,0,0,0
0.486352300679006,0.498036408388061,0.487480145177543,0,0,0.488651269206979,0.486622928451747,0,0
0.0665266366899809,0,0,0,0,0,0,0,0
0.0691467876526792,0,0,0.00619835023169288,0,0,0,0,0
0,0,0,0,0,0,0,0,0
0,0.475476074246021,0.465136274928769,0.468060568405279,0.473591282880869,0.466334074027829,0.47024880955433,0,0
0,0.456431562274738,0.463177200030302,0.461241816606997,0.454901550891788,0.461875599163436,0.461790613203912,0,0
