EGFR,PI3K_AKT,mTOR,MEK_ERK,PKC,TGFb-SMAD,STAT3,DPD_NC,DPD_LB
0,0.0603157073844379,-0.0229853920434059,-0.0328283262578314,0.0156674502228419,0.038018368004687,0,0,0
0.0422630211359024,0,-0.00914617198290502,0.0268580251086891,0,-0.0466564953087405,-0.0656460277210515,0,0
0,0.194285381402006,0,0.0220798460990414,0.101905122723052,0,0,0,0
0.418695675018209,0.611997541956973,0.0350023883211855,0,0,-0.165594559234013,-0.658667907458663,0,0
0.0551964586708967,0,0,0,0,0,0,0,0
-0.029983582173791,0,0,0,0,0,0,0,0
-0.0276677412443726,0,0,0,0,0,0,0,0
0,0.111618672900806,0.216305827311376,0.378229650024516,0.505933020120621,0.273918019666835,0.465879627829488,0,0
0,1.23614646785847,0.286461098657421,0.317951932576362,-0.523246883106211,-0.979599198394705,-0.750673856079859,0,0
