EGFR,PI3K_AKT,mTOR,MEK_ERK,PKC,TGFb-SMAD,STAT3,DPD_NC,DPD_LB
0,0.551068415562739,0.550919596446807,0.551870439825333,0.555956205045466,0.546657853239695,0,0,0
0.513558932784694,0,0.515886517514101,0.514863447162804,0,0.516610578261582,0.511619553546839,0,0
0,0.40262714006073,0,0.187071172225366,0.408204082193389,0,0,0,0
0.49439673864918,0.495904005726125,0.488679035041743,0,0,0.486914130124141,0.486889991889325,0,0
0.0718860004381697,0,0,0,0,0,0,0,0
0.0908045111967731,0,0,0,0,0,0,0,0
0.0880746809567061,0,0,0,0,0,0,0,0
0,0.458357104791732,0.456576244677345,0.457855759552583,0.457242676550362,0.459841018065347,0.45537058476199,0,0
0,0.413439072938613,0.406998129268634,0.405199642471277,0.407317783275469,0.409503617925742,0.401999156907018,0,0
