EGFR,PI3K_AKT,mTOR,MEK_ERK,PKC,TGFb-SMAD,STAT3,DPD_NC,DPD_LB
0,0.0125208955826111,0.076093617091013,0.0200823777172709,0.197751711173827,0.162803190029541,0,0,0
0.9151570160975,0,0.389745963960271,0.169982708411605,0,0.213571951285358,-0.279015970502059,0,0
0,0,0,0,0,0,0,0,0
-0.0076840014758331,0.209896731492101,0.491815875524663,0,0,0.208004758508093,0.53129789190351,0,0
1.6149881573954,0,0,0,0,0,0,0,0
1.08015820405193,0,0,0.237696881180621,0,0,0,0,0
0.84923139863323,0,0,0.263952217393247,0,0,0,0,0
0,-0.085188899250218,0.205891905513854,0.152745503961129,0.232669975619095,-0.0766030484460868,-0.120214477174726,0,0
0,1.63636988052564,-0.756011062140965,-3.18796997466316,-3.05011771455991,-1.26145259400789,-3.84605411276962,0,0
