EGFR,PI3K_AKT,mTOR,MEK_ERK,PKC,TGFb-SMAD,STAT3,DPD_NC,DPD_LB
0,-0.088788862462108,-0.0783322050425812,0.0565114808639788,-0.0040807368102332,0.0854246183614983,0,0,0
0.110444972568889,0,0.0302921623982958,-0.0265870138359562,0,0.052912406693919,0.157196920873643,0,0
0,0.0250365132393573,0,0.0790864987635157,0.306192383459458,0,0,0,0
0.19688470303143,0.242128150298102,0.0855531730904324,0,0,0.363255478267847,0.443310803595351,0,0
0.483555632488509,0,0,0,0,0,0,0,0
1.04873670549128,0,0,0,0,0,0,0,0
1.07535056160576,0,0,0,0,0,0,0,0
0,0.532795433226261,0.198179296253326,0.418294318843343,-0.109572553942768,-0.490116832482388,-0.706986446693404,0,0
0,-1.65718971477422,-0.150431213941174,0.618978359276978,0.724813199176863,0.950280319834108,0.404213757954931,0,0
