EGFR,PI3K_AKT,mTOR,MEK_ERK,PKC,TGFb-SMAD,STAT3,DPD_NC,DPD_LB
0,0.507178713014843,0.518681283298125,0.525513636546501,0.512165295241738,0.519755745455386,0,0,0
0.514994261455654,0,0.505547731928646,0.502701255108566,0,0.501593520395185,0.508305594479342,0,0
0,0.224796076273642,0,0,0.231978027497792,0,0,0,0
0.487895941294426,0.489320590685073,0.488388357341766,0,0,0.483805812863119,0.481797635899767,0,0
0.0608236426376555,0,0,0,0,0,0,0,0
0.077171198766625,0,0,0,0,0,0,0,0
0.0814990850635952,0,0,0,0,0,0,0,0
0,0.460247402926412,0.464045247655109,0.458693233642883,0.465758342352544,0.458280987825735,0.459937567211576,0,0
0,0.479890907188371,0.469785323223689,0.474197427651281,0.480250971176574,0.478757936801898,0.474931706400384,0,0
