EGFR,PI3K_AKT,mTOR,MEK_ERK,PKC,TGFb-SMAD,STAT3,DPD_NC,DPD_LB
0,0.00164081622199576,0.000496828930373219,0.00306570303457256,-0.00308928363977608,0.00186873723528742,0,0,0
0.00835524547903034,0,-0.107214231670905,0.129022247816351,0,-0.115345213670589,-0.115973265089975,0,0
0,-0.139360369474047,0,0.489963193018967,1.00357847914894,0,0,0,0
0.0111247151711589,0.406194836709098,-0.00828050674532643,0,0,-0.131457055899855,-0.442874412412251,0,0
0.00113282948784198,0,0,0,0,0,0,0,0
0.000931753124995447,0,0,0,0,0,0,0,0
0.000842225249746596,0,0,0,0,0,0,0,0
0,-1.94841555719499,3.16035945003509,1.29948050939938,1.29689220273094,-0.0703277070621702,-0.0864435522859994,0,0
0,0.065885904458956,0.0593872528476311,-0.110945834766642,-0.0380810459270279,0.0631182374993877,0.0352022321117063,0,0
