EGFR,PI3K_AKT,mTOR,MEK_ERK,PKC,TGFb-SMAD,STAT3,DPD_NC,DPD_LB
0,0.545656684731423,0.542243577923916,0.544701726642508,0.540697321874089,0.542636607167561,0,0,0
0.513344055945005,0,0.519281139732629,0.512044507951852,0,0.511245960383711,0.513694089652685,0,0
0,0.644566506230422,0,0.635157156630636,0.636356481859803,0,0,0,0
0.498289525887225,0.500823936156147,0.503268585486953,0,0,0.504781441720138,0.501365038232257,0,0
0,0,0,0,0,0,0,0,0
0,0,0,0,0,0,0,0,0
0,0,0,0,0,0,0,0,0
0,0.447323593294793,0.436001978536704,0.43904688752175,0.443004967657436,0.450005994947858,0.447009694177411,0,0
0,0.402428612439726,0.401240263404692,0.400921220256176,0.399139547622478,0.397437834492198,0.399860048863735,0,0
