EGFR,PI3K_AKT,mTOR,MEK_ERK,PKC,TGFb-SMAD,STAT3,DPD_NC,DPD_LB
0,1.33226762955019e-15,1.33226762955019e-15,1.33226762955019e-15,1.33226762955019e-15,1.33226762955019e-15,0,0,0
8.88178419700126e-16,0,8.88178419700126e-16,8.88178419700126e-16,0,8.88178419700126e-16,8.88178419700126e-16,0,0
0,1.33226762955019e-15,0,0.49994664664647,1.33226762955019e-15,0,0,0,0
2.22044604925031e-16,2.22044604925031e-16,2.22044604925031e-16,0,0,2.22044604925031e-16,2.22044604925031e-16,0,0
0,0,0,0,0,0,0,0,0
8.88178419700126e-16,0,0,0,0,0,0,0,0
1.11022302462516e-16,0,0,0,0,0,0,0,0
0,1.88737914186276e-15,1.88737914186276e-15,1.88737914186276e-15,1.88737914186276e-15,1.88737914186276e-15,1.88737914186276e-15,0,0
0,5.55111512312578e-16,5.55111512312578e-16,5.55111512312578e-16,5.55111512312578e-16,5.55111512312578e-16,5.55111512312578e-16,0,0
