EGFR,PI3K_AKT,mTOR,MEK_ERK,PKC,TGFb-SMAD,STAT3,DPD_NC,DPD_LB
0,0.090968132449774,-0.0311389409579076,-0.023330237776469,0.124062431925686,0.177987470719694,0,0,0
0.204517736231781,0,-0.124652400371854,0.0423757624998045,0,-0.262429359092601,0.188141507964739,0,0
0,0.052920922335362,0,0.0911326463333137,0.777570915442422,0,0,0,0
1.0990761420545,0.0705716752475932,0.149331880909061,0,0,-0.179353867695199,-0.0927595213922234,0,0
0.66131104533883,0,0,0,0,0,0,0,0
0,0,0,0,0,0,0,0,0
0.77082181581326,0,0,0,0,0,0,0,0
0,-0.435931919085329,1.01069185184945,2.02056951521871,0.48797256785447,-1.82353483998143,-0.641799541888097,0,0
0,0.181145351028647,-2.07352930119851,-0.0562958984885852,-0.37806167824311,0.905599061450078,0.619869463939138,0,0
