EGFR,PI3K_AKT,mTOR,MEK_ERK,PKC,TGFb-SMAD,STAT3,DPD_NC,DPD_LB
0,0.147627676817402,-0.0412635383995195,0.0332432594315853,0.06546549736171,0.208502924144491,0,0,0
0.0301973526393416,0,0.134488190705033,0.303194885022349,0,0.188066168198419,0.518034148056734,0,0
0,-0.525844177945263,0,0.114386752241582,0.51409920026119,0,0,0,0
0.14908004346677,0.0774238821066534,0.613140764324549,0,0,-0.272828577753004,-0.275900233059874,0,0
1.43812212358909,0,0,0,0,0,0,0,0
1.1170767059882,0,0,0,0,0,0,0,0
0.989231385474692,0,0,0,0,0,0,0,0
0,0.17585489330984,-0.216700266336041,0.13498249012331,-0.0359105744951972,-0.173258561581351,-0.393850519339149,0,0
0,-0.578046870952596,2.70071120796669,-2.31203272974767,0.164609742444076,0.350200248125673,0.0252021150227187,0,0
