EGFR,PI3K_AKT,mTOR,MEK_ERK,PKC,TGFb-SMAD,STAT3,DPD_NC,DPD_LB
0,0.529519278709704,0.539639892192402,0.529436989357359,0.535392795871443,0.545469007982251,0,0,0
0.520697651567285,0,0.516894320802024,0.51592666832622,0,0.520657317787792,0.517283305048538,0,0
0,0.61172194125324,0,0.611961181531242,0.617006256728069,0,0,0,0
0.487791101761828,0.489504655884837,0.48778472979205,0,0,0.485839543949151,0.485204902876911,0,0
0.0681021736814772,0,0,0,0,0,0,0,0
0.0954789493166682,0,0,0,0,0,0,0,0
0.0948472830531451,0,0,0,0,0,0,0,0
0,0.448430700715936,0.443945291837294,0.440668208947189,0.446512135907722,0.444648476294614,0.451472199312764,0,0
0,0.428273456548211,0.42648254408378,0.42899024282519,0.422131422371508,0.426398781408256,0.424890167559252,0,0
