EGFR,PI3K_AKT,mTOR,MEK_ERK,PKC,TGFb-SMAD,STAT3,DPD_NC,DPD_LB
0,0.512055628415756,0.519879836573347,0.518355320653712,0.51343361124726,0.517138028630778,0,0,0
0.496239411569403,0,0.491840239053676,0.49261721031755,0,0.481894128509844,0.489883710533352,0,0
0,0.539714859093555,0,0.529300679379766,0.529898688376919,0,0,0,0
0.513447062707274,0.505621169420053,0.515922458376747,0,0,0.508478290952453,0.50392376400649,0,0
0,0,0,0,0,0,0,0,0
0.357511594237683,0,0,0.351089968264048,0,0,0,0,0
0.360680536848924,0,0,0.360111748896714,0,0,0,0,0
0,0.476036440063851,0.476124479276384,0.48311999670734,0.477321647335363,0.479780088291981,0.479611609064933,0,0
0,0.469078076766106,0.465192510295863,0.470053811359585,0.470573906915278,0.471853124205473,0.465990349698138,0,0
