EGFR,PI3K_AKT,mTOR,MEK_ERK,PKC,TGFb-SMAD,STAT3,DPD_NC,DPD_LB
0,0.49555378248534,0.498622043895963,0.500324619752562,0.502865489358251,0.502147757618919,0,0,0
0.479119661699425,0,0.496261216260995,0.486430691633345,0,0.487768627325047,0.490910098790906,0,0
0,0.497508576815682,0,0.501482456031799,0.497545625218661,0,0,0,0
0.495052688269597,0.490965380336547,0.488364101847073,0,0,0.49375017858806,0.489786636195777,0,0
0,0,0,0,0,0,0,0,0
0.369034006420106,0,0,0.371260338327804,0,0,0,0,0
0.375713558920341,0,0,0.377648244197378,0,0,0,0,0
0,0.466660504904978,0.463665403287875,0.461648733147102,0.464786908458551,0.466168174960979,0.461859268147582,0,0
0,0.457799458914895,0.458879773181602,0.457078942531668,0.451827161807909,0.452895940339182,0.462148160774974,0,0
