EGFR,PI3K_AKT,mTOR,MEK_ERK,PKC,TGFb-SMAD,STAT3,DPD_NC,DPD_LB
0,0.404673526505363,0.0765177706553061,-0.0159133757116993,0.193111516551524,-0.0368171710626193,0,0,0
0.659844674677933,0,0.15498932784421,0.202085915150262,0,0.118466837524754,-0.216574183029923,0,0
0,0.22207170596875,0,-0.932931918419266,-0.445004162434768,0,0,0,0
0.251443294509185,0.0155365360495661,0.29914649369765,0,0,0.0951162287141009,0.145514199307203,0,0
0,0,0,0,0,0,0,0,0
-1.60561559614609,0,0,1.4733853092698,0,0,0,0,0
-1.96173153937713,0,0,1.93793362141564,0,0,0,0,0
0,-0.0959503665510198,-0.0686769443022963,0.228951347852338,-0.0691384890652314,-0.0494352840788044,-0.0380629812501049,0,0
0,-0.0685321759905739,0.0191285819538015,-0.128659208393287,0.298127108232023,0.343890319939573,0.556601016765628,0,0
