EGFR,PI3K_AKT,mTOR,MEK_ERK,PKC,TGFb-SMAD,STAT3,DPD_NC,DPD_LB
0,0.494719305687551,0.111910693554944,0.0421822108857678,0.148279217750835,-0.0743172520992217,0,0,0
0.931903542456362,0,0.0865874162514471,0.0959159973073947,0,0.121342027507932,-0.082350533911158,0,0
0,-0.303969993649632,0,0.313154120607515,0.551939471301078,0,0,0,0
0.102651551724808,0.0789788723255477,0.0135256079325182,0,0,0.0333866998343838,0.0439785049740541,0,0
0,0,0,0,0,0,0,0,0
-0.218233769206673,0,0,0.0442832595401044,0,0,0,0,0
-0.0528169451904963,0,0,0.0383170204199148,0,0,0,0,0
0,0.0895056328929828,-0.240431819138761,-0.0307512222345639,-0.0122895350197668,0.0179371170016605,0.0874918072795309,0,0
0,0.131953153252202,-0.524469201766438,-0.989287689124479,0.658589363692888,0.257351686492459,0.12129892224646,0,0
