EGFR,PI3K_AKT,mTOR,MEK_ERK,PKC,TGFb-SMAD,STAT3,DPD_NC,DPD_LB
0,0.569671002499319,0.571167482603025,0.584333764234866,0.574267315432208,0.569237040156305,0,0,0
0.458974196743792,0,0.460812080105293,0.435152754030436,0,0.457602433317519,0.460240836579703,0,0
0,0,0,0,0,0,0,0,0
0.493263967925279,0.484062186193933,0.489709055103059,0,0,0.490656281462624,0.485130176219716,0,0
0.069429509092331,0,0,0,0,0,0,0,0
0.0916270438282442,0,0,0,0,0,0,0,0
0.0889446489325603,0,0,0,0,0,0,0,0
0,0.487121441376128,0.483624604663993,0.487965043797145,0.487819177263898,0.494179706315305,0.489821701821705,0,0
0,0.639538949901732,0.625549817378049,0,0.635990812692816,0.629424031754033,0.623415518435157,0,0
