EGFR,PI3K_AKT,mTOR,MEK_ERK,PKC,TGFb-SMAD,STAT3,DPD_NC,DPD_LB
0,0.581745581545647,0.575708882464261,0.573645254718674,0.578563417671832,0.565239365556745,0,0,0
0.541750406554956,0,0.540124601182165,0.53734565159287,0,0.531890391721184,0.532173200267271,0,0
0,0.591746550997416,0,0.594448728545961,0.583721291318495,0,0,0,0
0.535592577884114,0.528690244533891,0.53142417265524,0,0,0.527206515860793,0.534693843215102,0,0
0,0,0,0,0,0,0,0,0
0,0,0,0,0,0,0,0,0
0,0,0,0,0,0,0,0,0
0,0.478282219839342,0.47440854339875,0.48055847383987,0.480413898113739,0.476517025295142,0.471355706801737,0,0
0,0.47305809231088,0.463337349044502,0.4669244059217,0.47054511317978,0.471816047045576,0.468107433021053,0,0
