EGFR,PI3K_AKT,mTOR,MEK_ERK,PKC,TGFb-SMAD,STAT3,DPD_NC,DPD_LB
0,-0.0441913379195361,0.0217526559289494,0.0188023800573812,0.0633361087633668,0.144660587345794,0,0,0
0.236015323139451,0,-0.0134266418885602,-0.0881813702414791,0,0.0989478141413535,0.0718752058186793,0,0
0,0.192500217748395,0,0.0577399452876544,0.41458495521945,0,0,0,0
0.293207932583868,0.115332614705835,1.12761752330557e-06,0,0,0.112234259924676,0.0802658582230045,0,0
0,0,0,0,0,0,0,0,0
0,0,0,0,0,0,0,0,0
0,0,0,0,0,0,0,0,0
0,-0.985701941216302,-0.000364764760078776,0.453882525158717,-0.118683582571741,-0.332631157385251,-0.503432406608408,0,0
0,0.109166126915236,0.436274996734419,0.0674436923891524,1.48186938647847,-1.76838525787919,-1.30342196567674,0,0
