EGFR,PI3K_AKT,mTOR,MEK_ERK,PKC,TGFb-SMAD,STAT3,DPD_NC,DPD_LB
0,0.492993597913229,0.215191879745907,0.0522148424689301,0.214633009426868,-0.270700219019066,0,0,0
0.135950049663371,0,0.336406571373318,-0.0591206127951328,0,0.215973075895303,0.128270956996153,0,0
0,0.323216878798159,0,0.019949633629874,0.334931992941041,0,0,0,0
0.641482962325799,-0.613009627354101,-0.0119175834150183,0,0,-0.0847164112607338,-1.19035929662074,0,0
0,0,0,0,0,0,0,0,0
0,0,0,0,0,0,0,0,0
0,0,0,0,0,0,0,0,0
0,-0.688545218850771,-0.329663260356986,0.360472760990358,-0.00873640889790393,-1.04948932599199,0.610647430037146,0,0
0,-1.80089895318028,1.45223420587589,0.38790483584992,0.0770228471733878,-1.6473497698413,1.11353426344957,0,0
