EGFR,PI3K_AKT,mTOR,MEK_ERK,PKC,TGFb-SMAD,STAT3,DPD_NC,DPD_LB
0,0.535603204699282,0.536531301705729,0.538498584623494,0.534721994166994,0.535383445342482,0,0,0
0.494369797467862,0,0.488133184129948,0.483376758230093,0,0.483547556016992,0.489852883562957,0,0
0,0.379620440932367,0,0.329571115830331,0.37866403157526,0,0,0,0
0.488050212367775,0.481926542121938,0.491507084647058,0,0,0.48422521746768,0.481578208999808,0,0
0,0,0,0,0,0,0,0,0
0,0,0,0,0,0,0,0,0
0,0,0,0,0,0,0,0,0
0,0.478036882642541,0.465361133264717,0.478532539783655,0.476500433034259,0.471447345341214,0.478921710311463,0,0
0,0.469002310809114,0.464631253509155,0.463278403340116,0.470778263663117,0.461572708598472,0.467833433261309,0,0
