EGFR,PI3K_AKT,mTOR,MEK_ERK,PKC,TGFb-SMAD,STAT3,DPD_NC,DPD_LB
0,0.56696720084533,0.560816746901345,0.569631980485155,0.565317890029458,0.563195266287826,0,0,0
0.530175636762189,0,0.521193263853575,0.528394684598675,0,0.524015032994408,0.528504661282831,0,0
0,0.601579069336646,0,0.610312713843346,0.606441743665905,0,0,0,0
0.515694992169523,0.522431654073744,0.517875713951733,0,0,0.522038909202029,0.517842172398459,0,0
0,0,0,0,0,0,0,0,0
0.344106827155458,0,0,0.340840044666014,0,0,0,0,0
0,0,0,0,0,0,0,0,0
0,0.448764503032053,0.447564510461907,0.45690943171611,0.447516860833896,0.449855774712471,0.446695176812378,0,0
0,0.464333358743032,0.467474865496692,0.466383011910712,0.45990747287991,0.465376713259834,0.466484023661677,0,0
