EGFR,PI3K_AKT,mTOR,MEK_ERK,PKC,TGFb-SMAD,STAT3,DPD_NC,DPD_LB
0,-0.159911186068443,-0.1128795741643,0.102761830501641,0.0991762018827291,0.129922022249086,0,0,0
-0.00882423420194008,0,-0.0615941620387505,-0.0575576768537876,0,0.101606261838736,-0.102865000642112,0,0
0,0.141496945685251,0,-0.100428891330816,0.0930650572949853,0,0,0,0
0.132756223510386,-0.0149006207995068,-0.13079500537589,0,0,0.256680326320434,-0.0500359799695456,0,0
0,0,0,0,0,0,0,0,0
1.39425924808067,0,0,0.353535507760694,0,0,0,0,0
0,0,0,0,0,0,0,0,0
0,-0.798658280576036,0.0402023662891999,1.10629693018371,0.313115898506346,-1.38805816174883,0.620598438011214,0,0
0,-3.49439678375472,-1.72132894026708,-3.18711809259639,6.81107151497802,-0.779371810228849,7.33663385559151,0,0
