EGFR,PI3K_AKT,mTOR,MEK_ERK,PKC,TGFb-SMAD,STAT3,DPD_NC,DPD_LB
0,0.599482689925782,0.59840358907172,0.587889565695302,0.593799915427555,0.58511222884424,0,0,0
0.537049872077752,0,0.541459330436248,0.543461259895195,0,0.547763584764985,0.529104472724255,0,0
0,0.444924254991109,0,0.0900723243504527,0.447183601374299,0,0,0,0
0.516603735780488,0.516593672045954,0.520474869294581,0,0,0.511213763212224,0.517652501038359,0,0
0,0,0,0,0,0,0,0,0
0,0,0,0,0,0,0,0,0
0,0,0,0,0,0,0,0,0
0,0.488829877999134,0.484665053177276,0.49404824076059,0.48470397784286,0.489832839625878,0.487256307723428,0,0
0,0.473500778020474,0.473883304869072,0.473191570423044,0.468056765539127,0.47401120652567,0.477349797550985,0,0
