EGFR,PI3K_AKT,mTOR,MEK_ERK,PKC,TGFb-SMAD,STAT3,DPD_NC,DPD_LB
0,0.512588275604763,0.515817436199463,0.510513148567562,0.504512080250564,0.516373389629114,0,0,0
0.481929794839381,0,0.479193594279653,0.482749040907905,0,0.478772158728181,0.478167015323984,0,0
0,0.576621019012752,0,0.570489883418416,0.58304512703327,0,0,0,0
0.504238920474809,0.500678765313192,0.496748163573594,0,0,0.507694453035211,0.502274909653501,0,0
0,0,0,0,0,0,0,0,0
0.358157059137779,0,0,0.353845609708429,0,0,0,0,0
0.383798370136978,0,0,0.379374804704054,0,0,0,0,0
0,0.476839543734718,0.471505334890983,0.477759288461755,0.482236628231141,0.472385572106088,0.479912027839325,0,0
0,0.462893282462344,0.457446067821713,0.459686082022936,0.464463424639886,0.471989031073753,0.467445137034287,0,0
