EGFR,PI3K_AKT,mTOR,MEK_ERK,PKC,TGFb-SMAD,STAT3,DPD_NC,DPD_LB
0,0.0198662122140808,0.0328105853610593,0.059515061748296,0.146332804968472,0.131394625304563,0,0,0
-0.028401312962275,0,0.13843467148399,0.143501221857556,0,-0.861423001776715,0.109075545259351,0,0
0,0,0,0,0,0,0,0,0
-0.0193215103981739,0.300198951226643,0.118150798163048,0,0,-0.158552889494533,0.208417440522551,0,0
0.988426567775189,0,0,0,0,0,0,0,0
1.24311155777749,0,0,0,0,0,0,0,0
1.20505357822525,0,0,0,0,0,0,0,0
0,-0.0488128647836737,-0.52153131321975,0.577496719369576,0.124577323242484,-0.608115497284682,-0.180631387386281,0,0
0,-0.00903680479616234,0.0267116594814144,0.223651710515702,-0.228265127635506,-0.0664050666376234,-0.042824160498049,0,0
