EGFR,PI3K_AKT,mTOR,MEK_ERK,PKC,TGFb-SMAD,STAT3,DPD_NC,DPD_LB
0,0.104421938176729,-0.0734364662414681,-0.0214439634723108,0.0305669151404901,0.106556515373763,0,0,0
1.01753220191553,0,0.400610153774819,0.277549189702095,0,1.09316542552544,-0.264886619628744,0,0
0,0.43814910141691,0,0.0603372249772003,0.457220702789122,0,0,0,0
0.0215965160837877,0.599147524253358,0.0895852206986235,0,0,-0.366427624083569,-0.217476770835889,0,0
0.855189885603614,0,0,0,0,0,0,0,0
0.688916998639772,0,0,0,0,0,0,0,0
0.479238012103127,0,0,0,0,0,0,0,0
0,-0.419374527379512,0.049390921086498,0.359076111405549,-0.0488310487571098,-0.613413730277686,-0.363265468641972,0,0
0,0.131244011302572,0.0829601635814805,-0.206807262340424,-0.31134080748858,0.0410801680067696,-0.0816117886122163,0,0
