EGFR,PI3K_AKT,mTOR,MEK_ERK,PKC,TGFb-SMAD,STAT3,DPD_NC,DPD_LB
0,0.553438516028666,0.55837184295581,0.560469397020665,0.555809558980543,0.558765520433625,0,0,0
0.502630812143787,0,0.502026748876776,0.501350154702738,0,0.507167156848283,0.504683206786008,0,0
0,0,0,0,0,0,0,0,0
0.504692543750969,0.505768364380944,0.503293538789356,0,0,0.509090912697564,0.501396438669891,0,0
0.0649033701186685,0,0,0,0,0,0,0,0
0.0849926572030807,0,0,0,0,0,0,0,0
0.0857097973733155,0,0,0,0,0,0,0,0
0,0.482359642469272,0.471594112377642,0.474451309905277,0.483067834694658,0.475859714338944,0.470804330077614,0,0
0,0.498751727062041,0.493801431640492,0.502282570813692,0.493675647043723,0.494534867236847,0.490637468845148,0,0
