EGFR,PI3K_AKT,mTOR,MEK_ERK,PKC,TGFb-SMAD,STAT3,DPD_NC,DPD_LB
0,0.276350283195073,0.0993364530113051,-0.00177896217254944,0.183027254419418,0.244998515939966,0,0,0
0.0656747308169135,0,0.171837990857857,0.0341172572112754,0,0.187850554475344,0.135629690643949,0,0
0,0.236546114902806,0,0.0759696972816291,0.293299962020094,0,0,0,0
0.439066622336362,0.649002010379977,0.579791474901052,0,0,-0.636577432565371,-1.00593851956703,0,0
0,0,0,0,0,0,0,0,0
0,0,0,0,0,0,0,0,0
0,0,0,0,0,0,0,0,0
0,-0.00773141088749614,0.352368208656141,0.434448516980865,-0.0929602094860312,-0.27799725256034,0.0349394307328944,0,0
0,0.354753289269905,0.12583015586321,0.669916415251277,-0.477003141454077,-0.714599417349737,0.206844972998032,0,0
