EGFR,PI3K_AKT,mTOR,MEK_ERK,PKC,TGFb-SMAD,STAT3,DPD_NC,DPD_LB
0,0.591836505367575,0.59927090568701,0.588286437339551,0.594462868702517,0.594172743999144,0,0,0
0.488260582617861,0,0.487741158873838,0.484048090075003,0,0.489006353163439,0.489370616420295,0,0
0,0.395714357902197,0,0.306688971084473,0.398128858472545,0,0,0,0
0.466828223189615,0.471233532415428,0.473170419172163,0,0,0.47687819160118,0.478533560947644,0,0
0.0768599096219863,0,0,0,0,0,0,0,0
0.077927541495658,0,0,0,0,0,0,0,0
0.0825978869254083,0,0,0,0,0,0,0,0
0,0.499904606434918,0.495652945625362,0.493827539171227,0.501480811784422,0.493602050049772,0.496631063872765,0,0
0,0.506850147200017,0.506477812671499,0.512266292880749,0.505039932409128,0.51057121494838,0.509464618258907,0,0
