EGFR,PI3K_AKT,mTOR,MEK_ERK,PKC,TGFb-SMAD,STAT3,DPD_NC,DPD_LB
0,0.493522873270083,0.0670712017113421,0.00380137996438022,0.108327553113858,0.0705309281680054,0,0,0
0.772961193460694,0,0.0952149565409242,0.388672818192503,0,-0.0330874487947272,-0.366863173522901,0,0
0,-0.704584174716898,0,-1.04289838853675,0.0134109382222575,0,0,0,0
0.286231907283724,0.189183271377959,-0.118034317548463,0,0,0.0646222089274872,0.112394377113641,0,0
0,0,0,0,0,0,0,0,0
0.18107708120113,0,0,-0.373865722287116,0,0,0,0,0
0.373984596935039,0,0,-0.499384001285984,0,0,0,0,0
0,0.00246066226764682,0.00437125029266422,-0.0622609134516848,0.0219470015036744,-0.191629540144014,0.28861834732826,0,0
0,0.310887734389315,0.00705960565129748,-1.28794733752826,0.411146943927279,-1.00781959571812,1.21498828118065,0,0
