EGFR,PI3K_AKT,mTOR,MEK_ERK,PKC,TGFb-SMAD,STAT3,DPD_NC,DPD_LB
0,0.508227720315623,0.499892244644884,0.503488973603939,0.511321857734411,0.504826653837366,0,0,0
0.510491836576132,0,0.498359894913913,0.501293337737577,0,0.506901957245528,0.497120488699201,0,0
0,0.588047533238054,0,0.593530620888259,0.599516865336293,0,0,0,0
0.479973798511514,0.468553524534116,0.474349112699775,0,0,0.484345187618629,0.471289020460015,0,0
0,0,0,0,0,0,0,0,0
0,0,0,0,0,0,0,0,0
0,0,0,0,0,0,0,0,0
0,0.454773606266602,0.448952467711586,0.458711080297975,0.45018592225928,0.446007922204588,0.454423065505101,0,0
0,0.452049197089258,0.449564553034464,0.451325660376143,0.450157307664525,0.447219340229081,0.455510500625233,0,0
