EGFR,PI3K_AKT,mTOR,MEK_ERK,PKC,TGFb-SMAD,STAT3,DPD_NC,DPD_LB
0,-0.0129742028981978,-0.0116241612770563,-0.0224660212489524,0.138245872360761,0.284601975602414,0,0,0
0.124453018222122,0,-0.0159186964103346,0.00536693520915505,0,-0.295578447532238,0.483700302027782,0,0
0,0,0,0,0,0,0,0,0
0.284625322569846,0.306710629095369,0.0218565073906725,0,0,0.0407555478701146,0.570846735972561,0,0
0.877411300192251,0,0,0,0,0,0,0,0
1.06134665932095,0,0,0,0,0,0,0,0
1.20480517579604,0,0,0,0,0,0,0,0
0,-0.0765116158082526,-0.409779296072017,0.347027715153465,-0.222319239533203,-0.357392391335176,-0.47745600668055,0,0
0,-0.117643919786789,-0.0950901647281648,0,-0.224987576912415,0.292095641061128,-0.0436765097658731,0,0
