EGFR,PI3K_AKT,mTOR,MEK_ERK,PKC,TGFb-SMAD,STAT3,DPD_NC,DPD_LB
0,0.421221164911593,0.110271341571695,0.174967918483496,-0.175790521337284,-0.235009734800299,0,0,0
0.27560970980049,0,0.185397012930212,0.0651820562540323,0,0.00323143353423008,0.296352932985801,0,0
0,0.461974975177684,0,-0.262284872495074,-0.20854370157333,0,0,0,0
0.809326987961103,0.321221125036367,-0.785804784582383,0,0,0.65471692645652,0.410244410022857,0,0
0,0,0,0,0,0,0,0,0
0,0,0,0,0,0,0,0,0
0,0,0,0,0,0,0,0,0
0,-0.233432823484214,-0.0788467647722661,0.272862698628845,-0.290067259917756,-1.6074528243092,1.1583860772996,0,0
0,-1.53178678179289,-1.67497318745706,-0.147886072735733,0.0843848531814633,-0.858654002293616,1.45449959477622,0,0
