EGFR,PI3K_AKT,mTOR,MEK_ERK,PKC,TGFb-SMAD,STAT3,DPD_NC,DPD_LB
0,0.514677921121595,0.514671960173326,0.508932490648567,0.509962759417129,0.513226861180232,0,0,0
0.493172963023695,0,0.49439246426633,0.491138513413702,0,0.491483631797213,0.488663099558797,0,0
0,0.668851739902284,0,0.663590247467485,0.66335467533226,0,0,0,0
0.48896629514994,0.484292623696287,0.490257790193919,0,0,0.487847568495303,0.491730898574591,0,0
0.0671753573934346,0,0,0,0,0,0,0,0
0.0897514719986847,0,0,0,0,0,0,0,0
0.0917359038118508,0,0,0,0,0,0,0,0
0,0.454594156826278,0.44999161449079,0.453940516220143,0.453701217379626,0.45191308451934,0.443453078051917,0,0
0,0.468568601101699,0.462559328641289,0.461969500793974,0.463006108057749,0.475422900955855,0.466873480523149,0,0
