EGFR,PI3K_AKT,mTOR,MEK_ERK,PKC,TGFb-SMAD,STAT3,DPD_NC,DPD_LB
0,0.578190676570596,0.573615575234802,0.579314221251257,0.572063287737304,0.570882219818073,0,0,0
0.48086854887072,0,0.482595897804757,0.482560192374556,0,0.48243485986366,0.479491022600743,0,0
0,0,0,0,0,0,0,0,0
0.480527842560852,0.483805566053815,0.483505498926693,0,0,0.487351641173622,0.485449947714501,0,0
0.0672206372986409,0,0,0,0,0,0,0,0
0.0893809896218602,0,0,0,0,0,0,0,0
0.0855663108758082,0,0,0,0,0,0,0,0
0,0.454287881597161,0.462781382587379,0.461680951485633,0.460963591773694,0.461881337734731,0.459994149216525,0,0
0,0.420300298974766,0.421100695398202,0.42231678087155,0.415597326919269,0.421319836655494,0.418651197272255,0,0
