EGFR,PI3K_AKT,mTOR,MEK_ERK,PKC,TGFb-SMAD,STAT3,DPD_NC,DPD_LB
0,0.56694862506256,0.567117341937153,0.565243093867419,0.560611427434542,0.564890082458858,0,0,0
0.495825633145479,0,0.50303121972633,0.506277108779412,0,0.503417314588663,0.506289393548735,0,0
0,0,0,0,0,0,0,0,0
0.4898905482187,0.492296242103855,0.486979840700671,0,0,0.493893145127338,0.490283806653903,0,0
0,0,0,0,0,0,0,0,0
0,0,0,0,0,0,0,0,0
0,0,0,0,0,0,0,0,0
0,0.496877811822887,0.495051594426275,0.495947523112068,0.490302967035177,0.496433774241332,0.503710821677269,0,0
0,0.403785580450969,0.407002084539922,0.40534583332622,0.408584184930039,0.405970659442621,0.40807199851439,0,0
