EGFR,PI3K_AKT,mTOR,MEK_ERK,PKC,TGFb-SMAD,STAT3,DPD_NC,DPD_LB
0,0.0883126543478461,-0.0147579471167042,-0.0458222805788597,-0.0294061565021897,0.0981541743016838,0,0,0
0.314058312151711,0,-0.0985572065200661,0.0533112191370151,0,-0.183554016056428,0.163763604896617,0,0
0,0,0,0,0,0,0,0,0
0.679357309447572,0.29180106688906,-0.204205901567263,0,0,-0.49257854097497,-0.0510056419800783,0,0
0.241228985874601,0,0,0,0,0,0,0,0
-0.715949200030016,0,0,0,0,0,0,0,0
-0.27912930455181,0,0,0,0,0,0,0,0
0,0.0274272131953951,-0.283910506869045,0.255182724065996,-0.413959532583428,-0.141073863462554,0.242273095161917,0,0
0,-1.40255185491442,0.191057906849289,1.82792497878988,1.11461798431262,1.48487464428501,-2.44041743686067,0,0
