EGFR,PI3K_AKT,mTOR,MEK_ERK,PKC,TGFb-SMAD,STAT3,DPD_NC,DPD_LB
0,0.0343370620329862,0.0516012843379228,0.0227272444943527,0.0433431808155608,0.0592652070514392,0,0,0
0.648030212009399,0,-0.668642786509466,0.0804003557732693,0,0.0165415365603675,0.668075292106301,0,0
0,0,0,0,0,0,0,0,0
0.411780842135695,0.121581247186971,-0.109849300491862,0,0,-0.0369431121476648,0.171938491371849,0,0
0.512160447999049,0,0,0,0,0,0,0,0
0.481930317269308,0,0,0,0,0,0,0,0
0.740763143989695,0,0,0,0,0,0,0,0
0,-0.298680730639255,0.648833769967701,0.303503152814875,1.38974143605591,-2.12575180193956,-2.10540834321906,0,0
0,-0.956348466396379,-1.23691177395313,1.27899975517574,2.59425725623694,-0.69125034346209,-0.70717757373977,0,0
