EGFR,PI3K_AKT,mTOR,MEK_ERK,PKC,TGFb-SMAD,STAT3,DPD_NC,DPD_LB
0,0.032999717110328,0.0427497257362607,0.0180574363219869,-0.0214426512962524,0.0767078954440957,0,0,0
0.308399780242561,0,0.0443409317838168,0.203803806033138,0,-0.191912510823239,-0.0549425716650845,0,0
0,0.0654505983854224,0,0.0479043006871592,0.0811463244130155,0,0,0,0
0.678897977111847,0.375730606288036,0.124913206653829,0,0,0.0176752034663698,-0.43428278090495,0,0
0.521155623106391,0,0,0,0,0,0,0,0
0.104400022595521,0,0,0,0,0,0,0,0
0.274831127378386,0,0,0,0,0,0,0,0
0,-0.368787126083522,0.517013421709036,0.628481934742716,1.40177196292183,-0.873743741646491,0.573980305842323,0,0
0,1.22009287399024,3.10486241055341,-2.53495942161619,-2.29436669322196,10.9799461424257,-6.25536919088296,0,0
