EGFR,PI3K_AKT,mTOR,MEK_ERK,PKC,TGFb-SMAD,STAT3,DPD_NC,DPD_LB
0,0.00514346191821193,-0.0524477643334744,-0.0371045736596893,-0.0119674433094477,-0.00199787748424884,0,0,0
0.548484658160943,0,-0.342444384091316,0.571877096100947,0,-0.109235918900842,0.819458543959524,0,0
0,0,0,0,0,0,0,0,0
0.49461461553221,0.253785325351998,-0.00865736024946991,0,0,-0.344397223357775,-0.13570120865617,0,0
0.453939823241153,0,0,0,0,0,0,0,0
-0.098680408052818,0,0,0,0,0,0,0,0
0.1825940940092,0,0,-0.0788826539884571,0,0,0,0,0
0,-0.690376374322778,-1.09652227506224,0.66851364909597,0.17918946330776,0.145306214574677,-0.595890044438879,0,0
0,-0.53400990721249,-0.106724091994538,1.47006253459833,1.86932321347282,0.0460384335922037,-0.901580893116787,0,0
