EGFR,PI3K_AKT,mTOR,MEK_ERK,PKC,TGFb-SMAD,STAT3,DPD_NC,DPD_LB
0,0.540592735001921,0.534959600820451,0.529976134689016,0.533342313648469,0.532616896352972,0,0,0
0.467614391331601,0,0.469018691094,0.467973839533451,0,0.473696528858565,0.470775181390567,0,0
0,0,0,0,0,0,0,0,0
0.489263401474907,0.475376956806802,0.478512099024441,0,0,0.47845100733444,0.477970873787598,0,0
0.0663191093059572,0,0,0,0,0,0,0,0
0.0864194924625984,0,0,0,0,0,0,0,0
0.157810877691697,0,0,0.16307103879485,0,0,0,0,0
0,0.453516880800903,0.449353236947458,0.450704283328524,0.458612933249789,0.457301254627362,0.450421366525452,0,0
0,0.449499116419529,0.44051794136731,0.452804591509184,0.454295630390338,0.453605105862941,0.448630953464164,0,0
