EGFR,PI3K_AKT,mTOR,MEK_ERK,PKC,TGFb-SMAD,STAT3,DPD_NC,DPD_LB
0,0.556413684005992,0.565113535077112,0.566459054004729,0.562845553660698,0.556214196304624,0,0,0
0.476768491319683,0,0.47873070008318,0.479411138243573,0,0.479138769900576,0.487419969415009,0,0
0,0,0,0,0,0,0,0,0
0.489464957166254,0.489140998471559,0.488190895654414,0,0,0.484494453782075,0.489655697158059,0,0
0.0629853149330773,0,0,0,0,0,0,0,0
0.0870326003350497,0,0,0,0,0,0,0,0
0.0858042561931418,0,0,0,0,0,0,0,0
0,0.423884358368478,0.426095040997194,0.41848039281232,0.421361159988229,0.42520086428381,0.425142196909717,0,0
0,0.416502875289071,0.407821211923149,0.408266246477634,0.412630543265057,0.403276009782578,0.413231789856005,0,0
