EGFR,PI3K_AKT,mTOR,MEK_ERK,PKC,TGFb-SMAD,STAT3,DPD_NC,DPD_LB
0,-0.0183670276886698,-0.0542642220605948,-0.0339154825476382,0.0478517906272025,0.0335723425831169,0,0,0
0.654741395985445,0,0.145652763825816,0.537039414781519,0,0.631004922524136,1.34489276736834,0,0
0,0,0,0,0,0,0,0,0
0.0842664957229396,0.165798211479404,-0.102583201910195,0,0,0.432475893454772,-0.222659255803354,0,0
0.856908318468166,0,0,0,0,0,0,0,0
0.303370851958581,0,0,0,0,0,0,0,0
0.62603117182406,0,0,0,0,0,0,0,0
0,-0.159701007477452,1.87800343421651,1.93395974809783,2.09004221727719,-2.69746081304649,-1.19358860683185,0,0
0,-0.790767616024306,-3.42858898024384,-6.65614493549545,-3.69169822535928,1.60787698358781,2.0438741739875,0,0
