EGFR,PI3K_AKT,mTOR,MEK_ERK,PKC,TGFb-SMAD,STAT3,DPD_NC,DPD_LB
0,0.522800133753426,0.529100599818619,0.525021178531702,0.518528305587363,0.520931638301722,0,0,0
0.509993189704964,0,0.501865166193808,0.503275498484081,0,0.505057442884705,0.496744969772759,0,0
0,0,0,0,0,0,0,0,0
0.489772416985825,0.487957310730737,0.492924589324261,0,0,0.484795764180905,0.486448228231621,0,0
0.0650443766805434,0,0,0,0,0,0,0,0
0.0916720349422827,0,0,0,0,0,0,0,0
0.0934994741707127,0,0,0,0,0,0,0,0
0,0.479063982687657,0.484566387410616,0.469278422647715,0.477806009939096,0.476350695272535,0.475492373739439,0,0
0,0.424506504761015,0.421979032703335,0.419980244486795,0.417747728430566,0.426009369223154,0.421880972630052,0,0
