EGFR,PI3K_AKT,mTOR,MEK_ERK,PKC,TGFb-SMAD,STAT3,DPD_NC,DPD_LB
0,0.0649429909983244,0.0308059370597467,-0.00915823126238998,0.0423484948502254,0.183994254854642,0,0,0
0.44692564958029,0,-0.0732605794176938,-0.00753482349878012,0,-0.00202444483641601,0.0384781328248129,0,0
0,0,0,0,0,0,0,0,0
0.630287733742482,0.127705932372424,0.183700310282965,0,0,-0.0790387319735211,-0.023241458152569,0,0
0,0,0,0,0,0,0,0,0
0,0,0,0,0,0,0,0,0
0,0,0,0,0,0,0,0,0
0,0.104906916261293,0.275462603369651,0.230536665943217,-0.372419337220888,-0.171217495489727,0.0797265314311052,0,0
0,-1.49709603408022,-6.18752485455075,3.06446107978036,-3.62153527256467,3.06760684303675,-3.47452063651807,0,0
