EGFR,PI3K_AKT,mTOR,MEK_ERK,PKC,TGFb-SMAD,STAT3,DPD_NC,DPD_LB
0,0.568322803828384,0.573453997662479,0.577243355121745,0.563829047099978,0.568729189723166,0,0,0
0.509573405416972,0,0.509981295516085,0.499903229160111,0,0.503032260143736,0.496079182535988,0,0
0,0.686147075125485,0,0.692169750054122,0.686800415391775,0,0,0,0
0.493486655645522,0.496220113927958,0.499745889032405,0,0,0.502088442512771,0.494004651188708,0,0
0.0588830677643059,0,0,0,0,0,0,0,0
0.0711243744531475,0,0,0,0,0,0,0,0
0.0734239212137686,0,0,0,0,0,0,0,0
0,0.491628443522299,0.486847121036933,0.490109661151701,0.495998059628014,0.492902502784915,0.488729670591874,0,0
0,0.453256537128449,0.455791446339559,0.447732971746716,0.453220790555106,0.448174793830111,0.458037875174354,0,0
