EGFR,PI3K_AKT,mTOR,MEK_ERK,PKC,TGFb-SMAD,STAT3,DPD_NC,DPD_LB
0,0.554657045050398,0.552970905679319,0.566569319750553,0.559667477310199,0.56434228011104,0,0,0
0.497939738791877,0,0.505260032804969,0.507798648643,0,0.509588032072791,0.508852245870984,0,0
0,0.420142373632117,0,0.257242673558627,0.420969519136496,0,0,0,0
0.504006859450616,0.51066301242939,0.497483466645118,0,0,0.504881018189119,0.505817642877553,0,0
0.0593974691806128,0,0,0,0,0,0,0,0
0.0715965907040124,0,0,0,0,0,0,0,0
0.0757534929128524,0,0,0,0,0,0,0,0
0,0.468421701430338,0.471945774683606,0.465039869993627,0.466231708267922,0.467031920995431,0.461221957732901,0,0
0,0.454586936880744,0.452258884032205,0.453351503230997,0.446507992121138,0.454544709379252,0.451209770319292,0,0
