EGFR,PI3K_AKT,mTOR,MEK_ERK,PKC,TGFb-SMAD,STAT3,DPD_NC,DPD_LB
0,-0.000281868302785033,-0.00220803890934179,-0.00418586277781375,0.0102841104339568,0.00269736491774428,0,0,0
-0.0012544508932794,0,0.0666273041731447,0.00267276191499116,0,0.0737739479818226,0.123820426512929,0,0
0,-0.209726552063056,0,0.339028204152695,0.854616717242992,0,0,0,0
0.0104660558785254,0.0150298427918201,-0.043996546535399,0,0,-0.0468390628256951,0.0798975489902658,0,0
-0.00011625908373926,0,0,0,0,0,0,0,0
0.00137833811063173,0,0,0,0,0,0,0,0
-0.00110953002869322,0,0,0,0,0,0,0,0
0,0.058546348905268,0.325537601387545,0.242871634237868,0.18079868474369,0.0820762924406001,-0.00067552067887529,0,0
0,0.0808903438878397,1.54919017913459,0.0426508842595249,-1.37865866264092,-0.695765568397236,-3.4196545793817,0,0
