EGFR,PI3K_AKT,mTOR,MEK_ERK,PKC,TGFb-SMAD,STAT3,DPD_NC,DPD_LB
0,0.577653497821137,0.579384607566154,0.590611901543203,0.584243825877741,0.576360018466096,0,0,0
0.49877205298685,0,0.492309951340774,0.490927296921924,0,0.498798630394078,0.492359867589568,0,0
0,0,0,0,0,0,0,0,0
0.489312530414757,0.489382921833394,0.490204542152082,0,0,0.491382838517039,0.49209586562906,0,0
0.0603823075493056,0,0,0,0,0,0,0,0
0.075621329094765,0,0,0,0,0,0,0,0
0.0772981045380044,0,0,0,0,0,0,0,0
0,0.498581756172931,0.495692984195617,0.491361741106565,0.50114619440678,0.493138639207661,0.498288312313238,0,0
0,0.448970971597216,0.458186704962273,0.457923046113006,0.456117529646174,0.458700453258838,0.455492690113887,0,0
