EGFR,PI3K_AKT,mTOR,MEK_ERK,PKC,TGFb-SMAD,STAT3,DPD_NC,DPD_LB
0,-0.00749042622697103,6.01549914500473e-05,0.007119512244471,-0.000220447382594676,-0.0109025417808824,0,0,0
0.00228027731654731,0,-0.0698769575040984,0.0132546995478128,0,-0.154589688366489,0.354147429405745,0,0
0,0.295661373877739,0,0.0214700602361413,0.168603961476698,0,0,0,0
-0.0106498176090464,0.163111305100377,-0.0671177087629558,0,0,0.0518891838953669,0.0825721857200747,0,0
-0.000529469851542603,0,0,0,0,0,0,0,0
-0.000359348619714409,0,0,0,0,0,0,0,0
0.000122189625526023,0,0,0,0,0,0,0,0
0,0.269761421083615,-0.763588804254669,-0.238870917868462,-1.64970985901942,-1.07835338698073,-0.775360782423276,0,0
0,0.65203086381364,-0.395444499144405,0.854880905584981,-1.50770696077895,-0.0284199298969217,-2.65622798248442,0,0
