EGFR,PI3K_AKT,mTOR,MEK_ERK,PKC,TGFb-SMAD,STAT3,DPD_NC,DPD_LB
0,0.0126237330611712,-0.00902645691911801,0.00208777195292759,-0.00774979893705278,0.0051050507283056,0,0,0
-0.000291982840193016,0,-0.0465517016565363,-0.00212897410348462,0,-0.044078554653617,0.147073447259324,0,0
0,0,0,0,0,0,0,0,0
-0.00337499650997074,0.032127962037477,-0.122529208739976,0,0,0.00139763946818306,0.190660002338367,0,0
-0.000755244241012884,0,0,0,0,0,0,0,0
0.00016756721637691,0,0,0,0,0,0,0,0
0.000290835544479146,0,0,0,0,0,0,0,0
0,-0.175199910079248,-0.0382371515874778,0.247345638845532,0.0896904064926513,-0.248684023932606,-0.210765401427872,0,0
0,-0.262424726526489,0.0653690947700869,1.01753993180582,0.303963611442641,0.0751257816801966,-2.10063367684999,0,0
