EGFR,PI3K_AKT,mTOR,MEK_ERK,PKC,TGFb-SMAD,STAT3,DPD_NC,DPD_LB
0,0.507361826678196,0.516894145125345,0.510959562756048,0.506287439650947,0.514373955610732,0,0,0
0.526841115649761,0,0.533769045748702,0.539912395527037,0,0.534733486786061,0.524881765342546,0,0
0,0.594356413585997,0,0.576937434058095,0.583005867178255,0,0,0,0
0.506865998156376,0.503150937388568,0.506871644112793,0,0,0.504730521043448,0.50703593933188,0,0
0.0636054632859944,0,0,0,0,0,0,0,0
0.0889044386946287,0,0,0,0,0,0,0,0
0.086794584471908,0,0,0,0,0,0,0,0
0,0.443198801754746,0.451258512555881,0.443870192714045,0.446205261240621,0.456747070188989,0.445488226933124,0,0
0,0.467630956415682,0.475784038986717,0.466760690316139,0.467986002994937,0.467438101277299,0.46423146458482,0,0
