EGFR,PI3K_AKT,mTOR,MEK_ERK,PKC,TGFb-SMAD,STAT3,DPD_NC,DPD_LB
0,0.515281655203987,0.509682606294459,0.512314466956473,0.509750096775594,0.505637773528354,0,0,0
0.505693761358492,0,0.516553797748314,0.510090196042188,0,0.505718503720908,0.510686631911033,0,0
0,0.424994229897095,0,0.383262713965883,0.427023393779775,0,0,0,0
0.48561615340379,0.499968565969516,0.49973992612704,0,0,0.496435557733344,0.492470820627515,0,0
0.0676021898016842,0,0,0,0,0,0,0,0
0.0953776440751029,0,0,0,0,0,0,0,0
0.0948501685766099,0,0,0,0,0,0,0,0
0,0.416599389254481,0.410279818093391,0.411949255569011,0.41173715405411,0.411870333383395,0.413338853446622,0,0
0,0.450606051765043,0.455044186530959,0.454706739759212,0.454028398657341,0.459780575478466,0.448532202514138,0,0
