EGFR,PI3K_AKT,mTOR,MEK_ERK,PKC,TGFb-SMAD,STAT3,DPD_NC,DPD_LB
0,0.0955684132939898,-0.13742919720641,0.0332616542136534,-0.141901922522655,0.206375336141758,0,0,0
0.21052606795394,0,-0.0874932496053704,0.0503107651735811,0,-0.0510523224239641,0.102047999834501,0,0
0,0.202653192099356,0,0.266935937591047,0.217857785605224,0,0,0,0
0.471583844097463,0.158058618163018,-0.0236967613492541,0,0,-0.078904742376285,0.0300208911559693,0,0
0.0656890642888488,0,0,0,0,0,0,0,0
0,0,0,0,0,0,0,0,0
0.979096616307116,0,0,0,0,0,0,0,0
0,-18.832946425468,1.24676417939941,1.1847191871057,-2.97506626441999,14.6925001141643,0.594914777241906,0,0
0,0.52159667968235,-0.234522345377245,0.396364843368242,-0.0227789308306482,0.157638781058466,0.494170385469291,0,0
