EGFR,PI3K_AKT,mTOR,MEK_ERK,PKC,TGFb-SMAD,STAT3,DPD_NC,DPD_LB
0,-0.0569275683950034,-0.161524950155753,-0.0493843917940781,-0.137825864970526,0.22573308451775,0,0,0
0.225243478151151,0,-0.0702049048396481,-0.0218286249471035,0,-0.200706670916986,-0.0157734385582228,0,0
0,0.159206690110494,0,0.035816703123606,0.0745027818264551,0,0,0,0
0.388618701302014,0.17329831634262,-0.0557978243842996,0,0,-0.0252404958750375,0.0422559928075198,0,0
-0.0874764220020482,0,0,0,0,0,0,0,0
0.521723752767782,0,0,0,0,0,0,0,0
0.946065708535698,0,0,0,0,0,0,0,0
0,1.42744674369826,-4.15367424264467,-1.31984330378315,-2.36049796556259,0.887332834161903,5.83564567140714,0,0
0,-0.0210876696540796,-0.743562747487993,-0.0458218408280708,-0.508887372243702,1.02739477339524,0.824885318788672,0,0
