EGFR,PI3K_AKT,mTOR,MEK_ERK,PKC,TGFb-SMAD,STAT3,DPD_NC,DPD_LB
0,-0.0963404643249344,-0.0903936811039159,-0.0113210374674189,0.121629634517031,0.0469227264959636,0,0,0
0.20613497422048,0,-0.113796111824066,-0.0629429294504699,0,-0.071387546541365,0.131500287632912,0,0
0,0,0,0,0,0,0,0,0
0.203739205723932,-0.0109414849989544,-0.101614010082978,0,0,0.0145901998230589,0.117087374395536,0,0
0.0191054890008144,0,0,0,0,0,0,0,0
0,0,0,0,0,0,0,0,0
0,0,0,0,0,0,0,0,0
0,0.161033345685476,0.743702348770141,0.80511408638576,0.774337365816209,0.351801478524138,1.19930078279104,0,0
0,0.875103981031839,-0.307365349118228,0.630952270721171,-2.69329566112032,-0.886476124081562,2.44306858352124,0,0
