EGFR,PI3K_AKT,mTOR,MEK_ERK,PKC,TGFb-SMAD,STAT3,DPD_NC,DPD_LB
0,0.561479681549404,0.554730889146693,0.558582553278046,0.553692366911706,0.551109091372588,0,0,0
0.511742477062323,0,0.499413969679075,0.500067232168916,0,0.509533331889155,0.507457563359575,0,0
0,0.642541568516151,0,0.637583213360806,0.643157850081933,0,0,0,0
0.508321430211638,0.502343731203799,0.51206648510398,0,0,0.515416938594628,0.502018548184641,0,0
0,0,0,0,0,0,0,0,0
0,0,0,0,0,0,0,0,0
0,0,0,0,0,0,0,0,0
0,0.435039210938828,0.439239186178614,0.433189070460482,0.430104002674998,0.441177527594179,0.444004960165778,0,0
0,0.430828031578611,0.429392120706815,0.434271049947277,0.434789923220073,0.439102655492863,0.434791126077375,0,0
