EGFR,PI3K_AKT,mTOR,MEK_ERK,PKC,TGFb-SMAD,STAT3,DPD_NC,DPD_LB
0,0.575110638354839,0.577816780380383,0.564855049441864,0.574633228219653,0.57097617343805,0,0,0
0.523213175797437,0,0.52135321132817,0.527104586574224,0,0.522545131729201,0.519767523143163,0,0
0,0,0,0,0,0,0,0,0
0.525243480547587,0.533167881370288,0.528145592739305,0,0,0.526878506389791,0.52134720367731,0,0
0.0700010123335642,0,0,0,0,0,0,0,0
0.0916821425806406,0,0,0,0,0,0,0,0
0,0,0,0,0,0,0,0,0
0,0.471600731171701,0.470472959550126,0.470105516859869,0.471679131946677,0.476604693665723,0.472814493283794,0,0
0,0.44444170699084,0.440087848659417,0.449948107466473,0.442914798690983,0.447866087466104,0.450492477897001,0,0
