EGFR,PI3K_AKT,mTOR,MEK_ERK,PKC,TGFb-SMAD,STAT3,DPD_NC,DPD_LB
0,0.0393092715481398,-0.0381027299839376,0.00833975784412789,0.107430743611906,0.218084531290561,0,0,0
0.33633011819768,0,0.0838293915320194,-0.0793160900103534,0,0.169832160502182,0.117823714496379,0,0
0,0.0305309612060462,0,0.312533603410172,0.383012643147291,0,0,0,0
0.14517339923186,0.0912103426534895,0.0197463899395334,0,0,0.080943667108128,0.0900820185107777,0,0
0,0,0,0,0,0,0,0,0
0,0,0,0,0,0,0,0,0
0,0,0,0,0,0,0,0,0
0,-1.32369166725211,-1.4730308767504,0.785501167653325,-0.0993755682537593,-1.7017702488904,-0.555469755558428,0,0
0,-5.28620931979847,-3.47570261631549,-6.07591386076644,11.6477033330965,19.648697431701,43.8633662465178,0,0
