EGFR,PI3K_AKT,mTOR,MEK_ERK,PKC,TGFb-SMAD,STAT3,DPD_NC,DPD_LB
0,0.526095468636418,0.526489717436691,0.523206728985319,0.519641377545224,0.524600656383148,0,0,0
0.468394714911492,0,0.466384868937014,0.460512994727405,0,0.472901562911037,0.463868587483591,0,0
0,0.0817882031240556,0,0.0655622715904863,0.0791687067053818,0,0,0,0
0.475646813698892,0.467497108695532,0.472362641225421,0,0,0.466365830184593,0.459877246985912,0,0
0.0750952987437709,0,0,0,0,0,0,0,0
0.362964266805168,0,0,0.360135274025112,0,0,0,0,0
0.350776993028085,0,0,0.351214764325231,0,0,0,0,0
0,0.450355329384186,0.456256206329464,0.45224306093817,0.460792584950166,0.456234356211168,0.457383052540385,0,0
0,0.451961963712598,0.457806119486506,0.459363674846513,0.452490368839452,0.466549256157471,0.456496417912668,0,0
