EGFR,PI3K_AKT,mTOR,MEK_ERK,PKC,TGFb-SMAD,STAT3,DPD_NC,DPD_LB
0,0.146950428616471,0.0907725330710665,0.0406341845213909,0.052747479490552,0.13510039279775,0,0,0
0.171201934840035,0,-0.225898352617205,0.0062970687839493,0,-0.0387054314231844,-0.0299710538501353,0,0
0,-0.0507790211301405,0,0.148422230214111,0.504723257349597,0,0,0,0
0.0621601623132318,0.0902714508525257,0.0414060115527761,0,0,0.129262004781264,0.119919898840304,0,0
0.548156277419934,0,0,0,0,0,0,0,0
0.425626776977627,0,0,0.274666776814337,0,0,0,0,0
0.652246015306801,0,0,0.091765748866935,0,0,0,0,0
0,-0.279103403731695,0.241400067576583,-0.75110487336079,-0.02535081442903,-0.312048362616004,0.122902600117718,0,0
0,0.0927328067524846,0.320009129279859,1.40130028550224,0.0267912354804836,0.395629993012791,0.0138157391959864,0,0
