EGFR,PI3K_AKT,mTOR,MEK_ERK,PKC,TGFb-SMAD,STAT3,DPD_NC,DPD_LB
0,0.0671677958495316,-0.070010131539893,0.148411607828022,0.0319993187114828,0.146266382642215,0,0,0
0.527788041077142,0,0.0059661811259242,-0.343048993710434,0,0.241366842093038,0.238042942012428,0,0
0,0.0138084790816673,0,0.0068905459598355,0.0118672449494029,0,0,0,0
0.240465229684553,0.0226178337115745,-0.071363701182166,0,0,0.250194533645861,0.14902206609117,0,0
0.859000457715886,0,0,0,0,0,0,0,0
0.492375457949129,0,0,0.425298969137356,0,0,0,0,0
0.604910343651227,0,0,0.517118327378473,0,0,0,0,0
0,-0.185355934403488,0.124309431565331,-0.631675182175224,-0.02571568306959,-0.353292169652163,-0.850493792532089,0,0
0,0.112361232256595,0.373356339253612,0.545817553383295,0.0768959313399086,0.341451499318574,0.535094667475568,0,0
