EGFR,PI3K_AKT,mTOR,MEK_ERK,PKC,TGFb-SMAD,STAT3,DPD_NC,DPD_LB
0,0.502255958369447,0.506302191184545,0.50586337085157,0.507858529616197,0.496367349039185,0,0,0
0.461636328214437,0,0.46709164967368,0.469274038802389,0,0.462610877604428,0.458890221186693,0,0
0,0.616284055597241,0,0.620607798802943,0.617162735892544,0,0,0,0
0.480461031169262,0.477884118122835,0.476972402713493,0,0,0.471054581446011,0.472919974274547,0,0
0,0,0,0,0,0,0,0,0
0.358736284989196,0,0,0.357687300116079,0,0,0,0,0
0.346199128066294,0,0,0.347839376389525,0,0,0,0,0
0,0.448890654105195,0.446440805690334,0.457903999811578,0.448569073681781,0.461940692560326,0.451959889345834,0,0
0,0.442396938513936,0.450373729839699,0.447143995658253,0.446507178763221,0.448341414967497,0.447329781012389,0,0
