EGFR,PI3K_AKT,mTOR,MEK_ERK,PKC,TGFb-SMAD,STAT3,DPD_NC,DPD_LB
0,0.0433320588066154,0.0214142015141261,0.13355713590097,0.107426393341036,0.279713055337384,0,0,0
0.0133537147630219,0,-0.250433901522448,-0.453349560411056,0,0.0989515190021413,0.0783604890545903,0,0
0,0.0576106923824016,0,0.217223052820509,0.0163957015062759,0,0,0,0
0.051392541525929,0.122083589055981,0.0665829532919674,0,0,0.105710251531952,0.111989036808716,0,0
0,0,0,0,0,0,0,0,0
0.866614494991431,0,0,0.492431278727302,0,0,0,0,0
1.1906826420303,0,0,0.499663026615766,0,0,0,0,0
0,-2.59757752443749,-18.9279481217377,-25.4909741707365,5.77969615238759,0.216638716792834,19.6831858274572,0,0
0,-0.34281670755885,-0.378651332054289,-1.00675952197789,-1.32699891610405,-0.701397802458315,-0.833299130640768,0,0
