EGFR,PI3K_AKT,mTOR,MEK_ERK,PKC,TGFb-SMAD,STAT3,DPD_NC,DPD_LB
0,-0.0700518317134991,0.0214561636760004,0.0862442624451613,0.0796681822302329,0.250945771987408,0,0,0
-0.103897829199603,0,-0.544803665527377,-0.706246281909113,0,0.127624664874391,0.35730023165608,0,0
0,0.119127662197232,0,-0.0047626194918667,0.171418465352946,0,0,0,0
0.0697692202459941,0.0234695453104753,-0.164341831506003,0,0,0.131535472373549,0.134571729530297,0,0
0.654231436477323,0,0,0,0,0,0,0,0
1.01769020747612,0,0,0.283064715253592,0,0,0,0,0
1.4382324249548,0,0,0.216828186961775,0,0,0,0,0
0,0.692956761438525,-3.39187655269812,-1.57800766798555,-1.03382875054096,1.632751953407,0.631011890806932,0,0
0,0.140370931458429,-0.0225891275185769,-0.437532594088658,0.0835756843115752,-0.417823631708611,-0.590312801800071,0,0
