EGFR,PI3K_AKT,mTOR,MEK_ERK,PKC,TGFb-SMAD,STAT3,DPD_NC,DPD_LB
0,0.519645349767891,0.522201930875844,0.523720952479907,0.528788605736525,0.527665333825672,0,0,0
0.463160226787788,0,0.461857958357382,0.470605433904998,0,0.460979274770666,0.467276723800842,0,0
0,0.611855522116621,0,0.614051160643646,0.612921599130649,0,0,0,0
0.485740452123374,0.48226591246564,0.478716685906374,0,0,0.483730729789122,0.489398462685753,0,0
0,0,0,0,0,0,0,0,0
0.323568658782128,0,0,0.326447614834033,0,0,0,0,0
0.31656214115867,0,0,0.31491226402603,0,0,0,0,0
0,0.442639720391011,0.441378784202385,0.443314767658702,0.434460014934801,0.440006249151334,0.439656899918685,0,0
0,0.446423854316106,0.456352888695482,0.451195054762411,0.450904277834081,0.44965964651845,0.452669086334004,0,0
