EGFR,PI3K_AKT,mTOR,MEK_ERK,PKC,TGFb-SMAD,STAT3,DPD_NC,DPD_LB
0,0.517440861529193,0.502826221701484,0.510846971846481,0.519315116164208,0.522948533705137,0,0,0
0.455567050112385,0,0.45589517957255,0.454792672399454,0,0.455576081011946,0.455883608124626,0,0
0,0.589776715218476,0,0.579030226009403,0.587415295181341,0,0,0,0
0.473240128642073,0.462981485005541,0.471953028477025,0,0,0.470269480891945,0.464600360389202,0,0
0.0721518446942299,0,0,0,0,0,0,0,0
0.32928716028016,0,0,0.327678848922788,0,0,0,0,0
0.330844487136839,0,0,0.333293387293253,0,0,0,0,0
0,0.44799503610169,0.450519117308715,0.447070650245642,0.455486093752807,0.449997500402878,0.448647942302281,0,0
0,0.463098652510135,0.461165726316685,0.457391871116967,0.463538439455357,0.466262437739945,0.464897104527464,0,0
