EGFR,PI3K_AKT,mTOR,MEK_ERK,PKC,TGFb-SMAD,STAT3,DPD_NC,DPD_LB
0,-0.0967466048730787,-0.0210639681088622,-0.0302685699887529,0.00925856966576242,0.386191885698219,0,0,0
0.0361452196152835,0,-0.382253126544114,-0.702039717485516,0,0.336053009633503,-1.32110347327353e-05,0,0
0,0.398431182962294,0,0.208663798762208,0.244466924046131,0,0,0,0
0.0897172269563618,0.0288159815279678,-0.0643058811499897,0,0,0.182713272798716,0.0551444578422132,0,0
0,0,0,0,0,0,0,0,0
1.41411445272492,0,0,0.0595333714971825,0,0,0,0,0
1.65916193270988,0,0,-0.0507838970836724,0,0,0,0,0
0,-0.895679697050747,-0.156769475079168,1.20986605455469,0.724520006823108,-1.68421218539087,-0.897312588281798,0,0
0,-0.439365066638594,0.230648335127917,-0.409796868982571,0.0170345047677394,-1.13257953735478,-0.264999893854413,0,0
