EGFR,PI3K_AKT,mTOR,MEK_ERK,PKC,TGFb-SMAD,STAT3,DPD_NC,DPD_LB
0,0.100266203415658,0.0841427455908766,0.183275285101078,-0.0456544012426319,0.211682853265592,0,0,0
0.161795031654278,0,-0.333869887304389,-0.418790260980897,0,0.44091865092093,0.453444032351813,0,0
0,-0.124822878665824,0,0.415146667694435,0.345850237615243,0,0,0,0
0.138357274419706,0.308877001676751,0.172664303121069,0,0,0.13086624879691,-0.103085322880489,0,0
0.309189548339395,0,0,0,0,0,0,0,0
0.556889185076194,0,0,0.171488107638712,0,0,0,0,0
0.361501650195392,0,0,-0.149719699131751,0,0,0,0,0
0,-3.89216509405362,-2.99427100738173,-7.0219384353119,-1.11951094253338,-0.706386758669404,3.82532884735228,0,0
0,-1.28894721125785,-0.79105164580454,-2.82844192202611,-2.20270722414771,-2.6186548129628,-1.45048192549899,0,0
