EGFR,PI3K_AKT,mTOR,MEK_ERK,PKC,TGFb-SMAD,STAT3,DPD_NC,DPD_LB
0,0.555564083335698,0.566780760393206,0.559494159923308,0.564339201763395,0.56037978962112,0,0,0
0.495432460839487,0,0.485995892378043,0.490707434879553,0,0.482449719004649,0.485196826508455,0,0
0,0.125069480656752,0,0.0677341453640034,0.110985698114512,0,0,0,0
0.498293448432884,0.499600637203198,0.50092841944476,0,0,0.493622827984375,0.492398233494161,0,0
0.0643787944083945,0,0,0,0,0,0,0,0
0.0858739259463988,0,0,0,0,0,0,0,0
0.0861213727825612,0,0,0,0,0,0,0,0
0,0.435132463003562,0.437377878568423,0.430191203636993,0.432251151362789,0.433877073352529,0.437222589023471,0,0
0,0.489875140620183,0.48885486908538,0.490656689374807,0.496467116108007,0.486373283534453,0.48671584405584,0,0
