EGFR,PI3K_AKT,mTOR,MEK_ERK,PKC,TGFb-SMAD,STAT3,DPD_NC,DPD_LB
0,-0.0325042030060978,-0.0343279176789729,0.00613324435936929,0.0493489719236725,0.187419358847071,0,0,0
0.205378796639222,0,-0.3463573936511,-0.227723737671745,0,0.1502678930581,-0.0185373350245998,0,0
0,0.0302045339625103,0,0.00665757987886165,0.0261230967328947,0,0,0,0
0.168645963578081,0.277943950553206,0.0285150095898556,0,0,0.231564274445308,0.205880501542723,0,0
0.19829425173211,0,0,0,0,0,0,0,0
0.843428367432592,0,0,0,0,0,0,0,0
1.10447708336821,0,0,0,0,0,0,0,0
0,-0.939729804646344,-0.824315661096622,-2.24062850998693,-0.546863011603391,0.633045077579845,0.928175972631603,0,0
0,-0.121008665569378,-0.158835556081766,-0.847998459037763,-0.229267017360019,-0.318514090131843,-0.43719864647848,0,0
