EGFR,PI3K_AKT,mTOR,MEK_ERK,PKC,TGFb-SMAD,STAT3,DPD_NC,DPD_LB
0,0.552061387588296,0.544135057140648,0.544715342345102,0.556813354648406,0.558373207739166,0,0,0
0.471723767589665,0,0.46928376752365,0.475836187607418,0,0.471508402713523,0.474999462244515,0,0
0,0.657311947380211,0,0.666735981848018,0.660936274185139,0,0,0,0
0.485998237559649,0.483595843813061,0.489987994046665,0,0,0.49432961346059,0.487443303927986,0,0
0.0723647682790058,0,0,0,0,0,0,0,0
0.337307196208338,0,0,0.339362222407706,0,0,0,0,0
0.355962691439054,0,0,0.352555694715294,0,0,0,0,0
0,0.404636526719703,0.399013479622523,0.398839394304435,0.404037324414209,0.405282192160788,0.397658937656579,0,0
0,0.422419346676802,0.42088917592722,0.423053277865747,0.421884451424656,0.43412521370043,0.429968177654734,0,0
