EGFR,PI3K_AKT,mTOR,MEK_ERK,PKC,TGFb-SMAD,STAT3,DPD_NC,DPD_LB
0,0.578001512058227,0.579974837562029,0.573432336037743,0.578567169014046,0.570704659398287,0,0,0
0.509661778386725,0,0.5074673948655,0.501366690117159,0,0.498061235262309,0.504068971386382,0,0
0,0.62167018733733,0,0.622735679890549,0.626136243807371,0,0,0,0
0.49110981286474,0.498908419722061,0.495039867623921,0,0,0.490755053302698,0.500452531692437,0,0
0.0704831710886887,0,0,0,0,0,0,0,0
0.0854150829355112,0,0,0,0,0,0,0,0
0.0895446999692144,0,0,0,0,0,0,0,0
0,0.48204376573794,0.488230946057858,0.480119088385664,0.489224704965695,0.482899958322116,0.49285125168914,0,0
0,0.497256826092468,0.491776771507378,0.489963713106141,0.492425869873242,0.490572522359872,0.493552708139036,0,0
