EGFR,PI3K_AKT,mTOR,MEK_ERK,PKC,TGFb-SMAD,STAT3,DPD_NC,DPD_LB
0,0.0605223398928482,0.0470499181054471,0.0132758696479673,-0.039876864275737,0.0431048643696299,0,0,0
0.192637740197614,0,-0.0933294712534313,0.044310341891105,0,-0.0503113473784936,0.156851938362315,0,0
0,0,0,0,0,0,0,0,0
0.0194463761963886,0.124610225549623,-0.016476912009142,0,0,-0.0333710086047535,0.082580807841912,0,0
0,0,0,0,0,0,0,0,0
0,0,0,0,0,0,0,0,0
0,0,0,0,0,0,0,0,0
0,-1.01641858763865,-2.35886204199787,2.00556840275643,0.545103692793137,-2.01219245841407,0.802716611506978,0,0
0,0.302919246377836,0.242290059709098,0.272762948439989,-0.312232613713431,0.105260260206722,0.171211180924632,0,0
