EGFR,PI3K_AKT,mTOR,MEK_ERK,PKC,TGFb-SMAD,STAT3,DPD_NC,DPD_LB
0,0.0832287574257479,0.0768181440369848,-0.0603789537949228,-0.0573401644056829,0.106982803856797,0,0,0
0.21792204452192,0,-0.0915634253059544,-0.0105381574533188,0,0.0779223862274915,0.135197082332424,0,0
0,-0.0628849527461895,0,-0.0213495871621694,0.252330552530672,0,0,0,0
0.120244997026724,0.0352494557411495,-0.0317007667363749,0,0,0.0803048149714103,0.11014140770256,0,0
0,0,0,0,0,0,0,0,0
0,0,0,0,0,0,0,0,0
0.677911749239062,0,0,0,0,0,0,0,0
0,-0.361574639337733,-0.359789807904295,1.78426937300655,2.52126422347014,-1.47513577840773,1.12460292206431,0,0
0,-0.0570488459052,0.107386473225513,0.0503254356969005,-0.730622455673981,0.163813151693843,0.261728151876887,0,0
