EGFR,PI3K_AKT,mTOR,MEK_ERK,PKC,TGFb-SMAD,STAT3,DPD_NC,DPD_LB
0,0.547203797067221,0.556231009482703,0.545247579391561,0.531415560927519,0.546430714909804,0,0,0
0.485976517016153,0,0.491930489148198,0.496910994525533,0,0.500088498665428,0.497609442001672,0,0
0,0,0,0,0,0,0,0,0
0.482835387216433,0.483552597529289,0.48567554182251,0,0,0.486231030067442,0.476621955567217,0,0
0,0,0,0,0,0,0,0,0
0,0,0,0,0,0,0,0,0
0,0,0,0,0,0,0,0,0
0,0.42766384655273,0.430212649853308,0.436142197431827,0.426085673178359,0.429909774243737,0.436874682316378,0,0
0,0.482193670479981,0.48526565783524,0.484293449930381,0.488381846660778,0.492981608249715,0.478800004353151,0,0
