EGFR,PI3K_AKT,mTOR,MEK_ERK,PKC,TGFb-SMAD,STAT3,DPD_NC,DPD_LB
0,0.50306835124364,0.514140798709267,0.515180118521964,0.516671326672206,0.51316609267274,0,0,0
0.488914542880714,0,0.485866343828647,0.495442865380488,0,0.496644214550411,0.485614989442816,0,0
0,0.515052552289437,0,0.498477387365106,0.515804405109571,0,0,0,0
0.473496843340793,0.47288131562404,0.480017845092939,0,0,0.465737226393644,0.468212663771202,0,0
0,0,0,0,0,0,0,0,0
0,0,0,0,0,0,0,0,0
0.359489966156148,0,0,0,0,0,0,0,0
0,0.424842208172047,0.43020533769987,0.424447027050136,0.424817842455469,0.420907841765891,0.421953554007206,0,0
0,0.469097092472899,0.480208426467193,0.475485361712036,0.478847775599305,0.483529603462741,0.469393614225697,0,0
