EGFR,PI3K_AKT,mTOR,MEK_ERK,PKC,TGFb-SMAD,STAT3,DPD_NC,DPD_LB
0,0.0175309961402405,-0.0565349244570953,0.0167474121546305,-0.0899845544652813,0.0702442583673354,0,0,0
0.214545883470394,0,0.111687835963844,0.0157061466132657,0,-0.205090195244801,0.311641825688826,0,0
0,0,0,0,0,0,0,0,0
0.0116033991687942,0.0726933652054386,-0.0386800167339435,0,0,0.35740427386489,0.0792331123345624,0,0
0,0,0,0,0,0,0,0,0
0,0,0,0,0,0,0,0,0
1.05461381476157,0,0,0,0,0,0,0,0
0,-0.816720981070304,2.14002426073663,2.53198108075607,4.43090853677157,-1.58835832146571,0.454756512384052,0,0
0,0.0954934041426213,0.186199751601462,0.0834208600301317,-0.447737448043179,0.194527204666534,0.259090511590718,0,0
