EGFR,PI3K_AKT,mTOR,MEK_ERK,PKC,TGFb-SMAD,STAT3,DPD_NC,DPD_LB
0,0.517653945779653,0.525663972723931,0.521947777436674,0.524783030907328,0.52237227157731,0,0,0
0.511548069461206,0,0.508620233325036,0.503036415778209,0,0.507576599826281,0.506247677853555,0,0
0,0.627596013615703,0,0.624370894125373,0.625257675023536,0,0,0,0
0.488579861311998,0.494693962444811,0.489894082251469,0,0,0.494420236836794,0.48727473030311,0,0
0,0,0,0,0,0,0,0,0
0,0,0,0,0,0,0,0,0
0.0717104848571833,0,0,0,0,0,0,0,0
0,0.443371051379221,0.440080920329803,0.443563821484715,0.440214408113959,0.445076367893193,0.444344820004739,0,0
0,0.481981967625281,0.474295722717129,0.471929583179466,0.467887527906451,0.473733967342977,0.464087556911093,0,0
