EGFR,PI3K_AKT,mTOR,MEK_ERK,PKC,TGFb-SMAD,STAT3,DPD_NC,DPD_LB
0,-0.0396264729379444,-0.100258853774012,0.0749821674464106,0.0660033921678107,0.18504486433519,0,0,0
-0.825020176312311,0,0.469331346289399,0.350503478315293,0,-0.222043212469774,0.597903617979182,0,0
0,-0.00962121766270127,0,0,-0.00324694533089466,0,0,0,0
-0.122805401054125,0.627736637002577,0.0299175920671194,0,0,-0.0576953443677252,0.116355246121947,0,0
0.52218276371112,0,0,0,0,0,0,0,0
1.85576870739608,0,0,0,0,0,0,0,0
1.64167093786402,0,0,0,0,0,0,0,0
0,1.8327085405139,-11.6915682245703,1.1525715988343,-1.75682322349774,8.3037082593639,1.38548233873035,0,0
0,-0.715886895068017,-2.68909714822091,0.962735456100668,0.48950608902579,-0.157880907079217,-0.720903063707387,0,0
