EGFR,PI3K_AKT,mTOR,MEK_ERK,PKC,TGFb-SMAD,STAT3,DPD_NC,DPD_LB
0,0.541350805130776,0.532988559253038,0.53211701394327,0.538250053905188,0.539294457294043,0,0,0
0.515233552980478,0,0.535026062942702,0.5200136380716,0,0.524694308181094,0.522263585505155,0,0
0,0,0,0,0,0,0,0,0
0.508958917264377,0.504376679247669,0.515360365235286,0,0,0.502568118875198,0.51288070663239,0,0
0.0564499356076152,0,0,0,0,0,0,0,0
0.0719724213454778,0,0,0,0,0,0,0,0
0.0797120370332036,0,0,0,0,0,0,0,0
0,0.434046493707986,0.434737835926236,0.443027031472874,0.438585167597056,0.432973462524616,0.432823934032228,0,0
0,0.502766000653047,0.50845692891058,0.509130602534061,0.499395112644968,0.502617722168999,0.500499906387241,0,0
