EGFR,PI3K_AKT,mTOR,MEK_ERK,PKC,TGFb-SMAD,STAT3,DPD_NC,DPD_LB
0,0.151587765524981,-0.050855275691283,0.0190780738175863,0.00717604382478304,0.000247658169048919,0,0,0
0.0233100265732039,0,-0.202492148981004,0.000301015485077012,0,-0.0416488628286721,0.28345899235008,0,0
0,-0.0677365977175874,0,0,0.122205477318063,0,0,0,0
0.0360918900473746,0.254469822456637,0.0836089912558172,0,0,0.204353662250514,0.0953171946427859,0,0
0,0,0,0,0,0,0,0,0
0,0,0,0,0,0,0,0,0
1.51328963306341,0,0,0,0,0,0,0,0
0,0.435391083250441,3.96784349365606,-1.07375928877089,1.98123453582302,3.35625752470047,-0.313637193388107,0,0
0,-0.819739272407517,-2.17828589899672,-0.0832923273241896,3.75776527996501,-2.44947532418561,-0.00476186975027382,0,0
