EGFR,PI3K_AKT,mTOR,MEK_ERK,PKC,TGFb-SMAD,STAT3,DPD_NC,DPD_LB
0,0.530912096024949,0.525847849853385,0.535302030254986,0.534613582396213,0.533790150321114,0,0,0
0.491088344730556,0,0.500850997240637,0.50033844787951,0,0.493683627698006,0.493559473214513,0,0
0,0.201034794455781,0,0,0.237040009594143,0,0,0,0
0.481009375017327,0.492287110634655,0.48390628688279,0,0,0.48405161251143,0.485449890296696,0,0
0,0,0,0,0,0,0,0,0
0,0,0,0,0,0,0,0,0
0.0846656397317959,0,0,0,0,0,0,0,0
0,0.445663221715309,0.438005588817931,0.431477265560664,0.434278488911661,0.44091225800179,0.446920560177551,0,0
0,0.449327711068059,0.447760850298095,0.455879221739765,0.44502160842106,0.4516888406532,0.442452945079404,0,0
