EGFR,PI3K_AKT,mTOR,MEK_ERK,PKC,TGFb-SMAD,STAT3,DPD_NC,DPD_LB
0,-0.0352610999985992,0.0852995167512705,-0.00259845002956697,0.0630135253960983,0.249304279650477,0,0,0
-0.207730692659606,0,-0.684107839665847,0.292039954812395,0,-0.885446888136574,0.59136686297094,0,0
0,-0.0571317791546475,0,0,-0.017501774734194,0,0,0,0
0.326092667866954,0.627176298626124,0.124969922965164,0,0,0.262305349415117,0.537591236221883,0,0
0.145350007664294,0,0,0,0,0,0,0,0
0.878914354465154,0,0,0.136261386490364,0,0,0,0,0
0.537559962881511,0,0,0,0,0,0,0,0
0,5.9456887282496,-5.25306540990245,-0.329241957823756,-7.31843541033985,-10.5815746593006,-9.87602828534103,0,0
0,-0.218851052902529,1.52959018257388,0.0471776706859294,-0.214212204250346,1.22479782030574,0.827831051948094,0,0
