EGFR,PI3K_AKT,mTOR,MEK_ERK,PKC,TGFb-SMAD,STAT3,DPD_NC,DPD_LB
0,0.0486736331363087,0.0734859793285002,-0.0609213029597417,0.0481592664175868,0.251653068326541,0,0,0
0.16822400418001,0,-0.00323881689990632,0.0945791982083004,0,0.158394944995861,0.323147357576182,0,0
0,-0.00483528624435577,0,0.00832842646306631,-0.0705980464356382,0,0,0,0
0.449072018253597,0.0609562391592411,0.0614847010026641,0,0,0.530721433462216,-0.285572888731908,0,0
0.606658805269857,0,0,0,0,0,0,0,0
0,0,0,0,0,0,0,0,0
1.58876363653563,0,0,0,0,0,0,0,0
0,0.868253419290851,-1.47899677671221,-1.39015883562958,1.37227329002847,-0.205954865433433,-1.50984862811594,0,0
0,0.0116604780072016,0.377201925674654,0.367348803280768,0.0823477838493255,0.375821821658714,0.438497118645042,0,0
