EGFR,PI3K_AKT,mTOR,MEK_ERK,PKC,TGFb-SMAD,STAT3,DPD_NC,DPD_LB
0,0.0351118644230834,0.109130696091442,0.0200538089257529,0.18122951497448,0.169112417161151,0,0,0
0.371228721482774,0,-0.47871009714412,0.101234205355127,0,-0.385128182562383,0.516129555901694,0,0
0,0,0,0,0,0,0,0,0
0.132639045835147,0.234530318343118,0.0647509524491717,0,0,-0.020441267327881,0.106723068674483,0,0
0.823030970269973,0,0,0,0,0,0,0,0
0.908248367308195,0,0,0,0,0,0,0,0
1.00117999872661,0,0,0,0,0,0,0,0
0,-56.5720886670959,-174.018309821158,-51.4216795365939,-81.5736941960754,16.4468461959803,-148.439909333297,0,0
0,-0.107663099945158,1.34029855529917,0.107522053889835,-0.422250791170695,-0.245583679517781,-0.250451343873552,0,0
