EGFR,PI3K_AKT,mTOR,MEK_ERK,PKC,TGFb-SMAD,STAT3,DPD_NC,DPD_LB
0,8.88178419700126e-16,8.88178419700126e-16,8.88178419700126e-16,8.88178419700126e-16,8.88178419700126e-16,0,0,0
7.7715611723761e-16,0,7.7715611723761e-16,7.7715611723761e-16,0,7.7715611723761e-16,7.7715611723761e-16,0,0
0,0.480510845932866,0,0,0,0,0,0,0
4.44089209850063e-16,4.44089209850063e-16,4.44089209850063e-16,0,0,4.44089209850063e-16,4.44089209850063e-16,0,0
2.22044604925031e-16,0,0,0,0,0,0,0,0
0,0,0,0.499356432263402,0,0,0,0,0
2.22044604925031e-16,0,0,0,0,0,0,0,0
0,8.88178419700126e-16,8.88178419700126e-16,8.88178419700126e-16,8.88178419700126e-16,8.88178419700126e-16,8.88178419700126e-16,0,0
0,4.44089209850063e-16,4.44089209850063e-16,4.44089209850063e-16,4.44089209850063e-16,4.44089209850063e-16,4.44089209850063e-16,0,0
