EGFR,PI3K_AKT,mTOR,MEK_ERK,PKC,TGFb-SMAD,STAT3,DPD_NC,DPD_LB
0,0.00274796563117791,-0.000686466592252194,-0.00119303884549269,0.00676868103709113,-0.0108813461982073,0,0,0
-0.00761575476430276,0,-0.10066831750633,-0.00642237496854201,0,0.431621401943848,0.19781926503141,0,0
0,0,0,0,0,0,0,0,0
0.00547027331705527,0.199743786892436,0.0148491648102457,0,0,0.477737923272833,-0.0238372195543235,0,0
0.000511573746063581,0,0,0,0,0,0,0,0
-0.000851820970619181,0,0,0,0,0,0,0,0
-0.00190320599125821,0,0,0,0,0,0,0,0
0,0.322447110819176,-0.715009756195487,-0.885837665049875,0.190042471394492,2.24918795762183,-2.00631141409302,0,0
0,-0.116030399356419,-0.0681972077408626,0.035501767454395,0.9254084845776,0.0328810038982929,-0.0977973882991841,0,0
