EGFR,PI3K_AKT,mTOR,MEK_ERK,PKC,TGFb-SMAD,STAT3,DPD_NC,DPD_LB
0,0.00562934647718686,0.000332477006275431,-0.00847614928164415,-0.0138537023942671,0.0021730966535247,0,0,0
-0.00766162036462649,0,-0.281471057734927,-0.157698449717067,0,0.00737324725453948,0.295409110076341,0,0
0,0,0,0,0,0,0,0,0
-0.0195487772399262,0.299905981044242,-0.163496729044828,0,0,-0.107913918155,-0.164970798909562,0,0
-0.00145625320579121,0,0,0,0,0,0,0,0
-0.00170708330508275,0,0,0,0,0,0,0,0
-0.000972761404344457,0,0,0,0,0,0,0,0
0,4.85284664066048,-3.50566870349117,-7.53795694637994,-3.31886384525294,1.6058657374087,-7.22654241564806,0,0
0,0.9018074208247,-0.704215318275072,-0.491906920810177,0.55217541743583,0.035633022621788,-0.8543578995213,0,0
