EGFR,PI3K_AKT,mTOR,MEK_ERK,PKC,TGFb-SMAD,STAT3,DPD_NC,DPD_LB
0,0.541609597779528,0.529517020803239,0.539392018066563,0.531673045405439,0.524005533555705,0,0,0
0.490345731877439,0,0.493292159831244,0.487103934780241,0,0.487883901373648,0.482150606608889,0,0
0,0.117212735672089,0,0,0.115990929036689,0,0,0,0
0.488897466238031,0.475403086444486,0.483544089837725,0,0,0.482366872525768,0.482862994694483,0,0
0.0728800263406769,0,0,0,0,0,0,0,0
0.0776092940261002,0,0,0,0,0,0,0,0
0.0820568144097002,0,0,0,0,0,0,0,0
0,0.431621721964575,0.431847178639645,0.438010215137536,0.432078447651193,0.433138384037057,0.434312161394252,0,0
0,0.435522737498248,0.434950808158822,0.435116086600263,0.437125589834228,0.428781098335539,0.434045610814174,0,0
