EGFR,PI3K_AKT,mTOR,MEK_ERK,PKC,TGFb-SMAD,STAT3,DPD_NC,DPD_LB
0,0.51189489253845,0.513196358754017,0.508035145460343,0.511353848211596,0.506664611071455,0,0,0
0.487378375267817,0,0.489654356513827,0.480676294475376,0,0.481688800147878,0.486462655871899,0,0
0,0.183934833053983,0,0,0.208779807130634,0,0,0,0
0.484148423739349,0.484017940206001,0.487663381842632,0,0,0.482302369590646,0.47868380904416,0,0
0.0723752184765008,0,0,0,0,0,0,0,0
0.401449965433306,0,0,0.230022553035698,0,0,0,0,0
0.0987103987476766,0,0,0,0,0,0,0,0
0,0.409347821934542,0.40650590244867,0.409677827723391,0.407481478400287,0.40938597070873,0.415392490516299,0,0
0,0.455960218995956,0.458454319484205,0.459667775258771,0.449823293152457,0.460754305043065,0.452747641490948,0,0
