EGFR,PI3K_AKT,mTOR,MEK_ERK,PKC,TGFb-SMAD,STAT3,DPD_NC,DPD_LB
0,0.490120748145669,0.500222652585329,0.501572331771017,0.493210421434941,0.492823743457939,0,0,0
0.506249519605573,0,0.508186141984044,0.510123764359626,0,0.512312285739112,0.504556729671902,0,0
0,0.396309476124446,0,0.136410807524426,0.398316930810974,0,0,0,0
0.493508097905815,0.483868969175144,0.495196535229705,0,0,0.487273683838226,0.487763267327525,0,0
0.0766769200879575,0,0,0,0,0,0,0,0
0,0,0,0,0,0,0,0,0
0.0872494146952684,0,0,0,0,0,0,0,0
0,0.428921429891897,0.427649618262303,0.429433467402093,0.430341664470053,0.430592155385997,0.427832508836281,0,0
0,0.46778204967361,0.468832660175412,0.471597341476443,0.472370021780777,0.464563076939469,0.469631266386827,0,0
