EGFR,PI3K_AKT,mTOR,MEK_ERK,PKC,TGFb-SMAD,STAT3,DPD_NC,DPD_LB
0,0.521946812031148,0.522726661269127,0.522833724501814,0.521447445344447,0.526355329403311,0,0,0
0.496566488033273,0,0.498735761641212,0.494457588291903,0,0.504755200958993,0.500553415350558,0,0
0,0.605718429414523,0,0.601522000988292,0.607059320256753,0,0,0,0
0.520358231898613,0.521136359518872,0.526981181653334,0,0,0.529579826709384,0.528415536308201,0,0
0.0582357902612297,0,0,0,0,0,0,0,0
0.0761183511107671,0,0,0,0,0,0,0,0
0.0790074900010111,0,0,0,0,0,0,0,0
0,0.420156690396808,0.427742093589138,0.42936403738702,0.425879699710922,0.425411947432224,0.424978210990367,0,0
0,0.421019366237983,0.421467945590196,0.422234106880294,0.419152505378381,0.419425272922793,0.42436850223362,0,0
