EGFR,PI3K_AKT,mTOR,MEK_ERK,PKC,TGFb-SMAD,STAT3,DPD_NC,DPD_LB
0,0.538031698983017,0.546178954062441,0.528622752944845,0.530580628152891,0.539053732443158,0,0,0
0.517944840456387,0,0.522144629612779,0.518181016360166,0,0.514725161440501,0.511699504459027,0,0
0,0,0,0,0,0,0,0,0
0.521915012889088,0.513086815823371,0.509931048421737,0,0,0.511062393836633,0.514998970821212,0,0
0.0585352018520814,0,0,0,0,0,0,0,0
0.0767082036769842,0,0,0,0,0,0,0,0
0.0807354963734071,0,0,0,0,0,0,0,0
0,0.387881304204821,0.389575595156048,0.386082533924621,0.379208152259299,0.385729456282279,0.385739767089483,0,0
0,0.464502492757344,0.468081248315079,0.459956608315418,0.461830978726891,0.46713086022733,0.462295747723319,0,0
