EGFR,PI3K_AKT,mTOR,MEK_ERK,PKC,TGFb-SMAD,STAT3,DPD_NC,DPD_LB
0,0.531955528706924,0.537140845161885,0.533128776158068,0.538623923399526,0.523631074751488,0,0,0
0.472989751844753,0,0.481659303337295,0.478560400776809,0,0.479003603099453,0.482262608752825,0,0
0,0.630057757599292,0,0.625205622055278,0.618659208031213,0,0,0,0
0.45980584458339,0.449661107831702,0.459072789575421,0,0,0.448196362028928,0.456351409754607,0,0
0.0703819706034873,0,0,0,0,0,0,0,0
0.093631141763858,0,0,0,0,0,0,0,0
0.0894233776900843,0,0,0,0,0,0,0,0
0,0.471299660769423,0.466363858658794,0.47170930388129,0.469294555872871,0.475385036613587,0.472073577204083,0,0
0,0.451495283033741,0.455880502532167,0.458558972004412,0.456191108519252,0.441099149440921,0.451557835162791,0,0
