EGFR,PI3K_AKT,mTOR,MEK_ERK,PKC,TGFb-SMAD,STAT3,DPD_NC,DPD_LB
0,0.152811218762193,-0.058348120847574,-0.0396916305856857,0.00174061314114852,0.219327626894893,0,0,0
0.0630914188704601,0,-0.0894346931879857,0.0875147207199986,0,0.145008101893383,0.413935781199435,0,0
0,0.787922525523056,0,-0.0754605327673152,0.244780208193479,0,0,0,0
0.0370818640210156,0.223538525718423,-0.193360615152037,0,0,0.0804867249234447,0.352122765817792,0,0
-0.0876898875814101,0,0,0,0,0,0,0,0
0.810098467359692,0,0,0,0,0,0,0,0
0.597037656263593,0,0,0,0,0,0,0,0
0,-0.362177451524306,0.666013210666208,0.47935871984509,-0.0825217373350683,-1.46825326571551,0.0937398948084725,0,0
0,-0.61237409324551,0.693216746642411,-1.39485732619852,-0.0326355407701758,-0.501711072930048,-0.455477847832218,0,0
