EGFR,PI3K_AKT,mTOR,MEK_ERK,PKC,TGFb-SMAD,STAT3,DPD_NC,DPD_LB
0,0.503379127646463,0.495702678620829,0.493229396033274,0.500925754978825,0.499033151447919,0,0,0
0.485605135284144,0,0.488122945442106,0.488044892275762,0,0.486812085540325,0.491810410478541,0,0
0,0.573824823909219,0,0.574478218448476,0.577669283080763,0,0,0,0
0.477723170914777,0.473828677551616,0.480161912950785,0,0,0.471283583190328,0.467458362226546,0,0
0.0690985627511344,0,0,0,0,0,0,0,0
0.355029005389995,0,0,0.351294735663928,0,0,0,0,0
0.356182395559733,0,0,0.355313299557551,0,0,0,0,0
0,0.44899086746004,0.458108292421821,0.449121157865061,0.457238869746972,0.449588593836387,0.450696936234726,0,0
0,0.445376546424788,0.441640765273616,0.440442083307296,0.443718774603931,0.442326552739321,0.437344814531649,0,0
