EGFR,PI3K_AKT,mTOR,MEK_ERK,PKC,TGFb-SMAD,STAT3,DPD_NC,DPD_LB
0,0.0498584470891191,-0.0112867257974815,0.0911440719634182,0.106636258983835,0.065994526069545,0,0,0
0.0127573105333755,0,-0.219225631960642,0.124640266309555,0,0.0728512174149832,0.0603736487119196,0,0
0,0.298329553274693,0,0.0183310797874229,0.49456897676546,0,0,0,0
0.359936423035908,0.179367347405116,0.0858946723689976,0,0,0.233231392691129,0.323557497425844,0,0
1.18347037846035,0,0,0,0,0,0,0,0
0.33152791691266,0,0,0.233268260698939,0,0,0,0,0
0.468591597544445,0,0,0.337064380365359,0,0,0,0,0
0,-0.219694769528623,0.152778866287179,0.247295994520974,-0.377064760424598,-0.321123169914778,-0.286364589629319,0,0
0,-0.396750319774018,-0.00137158496466061,-0.810268564757586,-0.428001464011118,-0.473960707851206,-0.642367335795488,0,0
