EGFR,PI3K_AKT,mTOR,MEK_ERK,PKC,TGFb-SMAD,STAT3,DPD_NC,DPD_LB
0,0.576941044657872,0.582785158868963,0.575432725759068,0.580499542809953,0.582067550281017,0,0,0
0.499498254729519,0,0.495123895566279,0.499928152653858,0,0.506210411411397,0.497522059218436,0,0
0,0,0,0,0,0,0,0,0
0.488364786993463,0.497729457870538,0.503207870770498,0,0,0.500602433372785,0.492348692894298,0,0
0.0613846902895269,0,0,0,0,0,0,0,0
0.0746726438011309,0,0,0,0,0,0,0,0
0.0741122685024824,0,0,0,0,0,0,0,0
0,0.464212083382496,0.453788832445944,0.455639633210682,0.459595184247359,0.45319485781993,0.458695292646969,0,0
0,0.478758390463201,0.48850234372782,0.488066282216264,0.484868784939081,0.48630758151842,0.485112813085616,0,0
