EGFR,PI3K_AKT,mTOR,MEK_ERK,PKC,TGFb-SMAD,STAT3,DPD_NC,DPD_LB
0,-0.00106365486284812,0.0044913494092236,0.0117128000062566,0.000515185310208594,7.70576106161997e-05,0,0,0
-0.00107705126629438,0,0.120064826682835,-0.137791131805992,0,0.275141499130154,0.166351916030108,0,0
0,0.87249120343597,0,0.301447385669212,0.564711490305779,0,0,0,0
0.00174844937043827,0.264603579740266,-0.0175134584792102,0,0,0.00632197291440141,-0.456394001458711,0,0
-0.00101735012994435,0,0,0,0,0,0,0,0
-0.000656401336873751,0,0,0,0,0,0,0,0
-0.000651317091494201,0,0,0,0,0,0,0,0
0,-0.294786565826952,0.152343619113412,0.223851119772135,0.211174023950915,-0.24880854531625,-0.098192917726803,0,0
0,-0.0472118211477579,-0.0443765456556164,0.592910715355834,-0.161082824174392,-0.0241316111736271,0.204732039236737,0,0
