EGFR,PI3K_AKT,mTOR,MEK_ERK,PKC,TGFb-SMAD,STAT3,DPD_NC,DPD_LB
0,0.582648317861138,0.581841353780239,0.586784705253195,0.593475547547801,0.576048891684398,0,0,0
0.508514153966308,0,0.515074252483034,0.502299889945227,0,0.502420265743493,0.507315149664904,0,0
0,0.599259842468219,0,0.599566070009697,0.601850266956766,0,0,0,0
0.489575403464057,0.505335141225708,0.497709460823296,0,0,0.498843121583073,0.498856297826489,0,0
0.0684823306527132,0,0,0,0,0,0,0,0
0.0703527432290199,0,0,0,0,0,0,0,0
0.0744854762390664,0,0,0,0,0,0,0,0
0,0.486794249897047,0.491533188396104,0.483085152940514,0.494269894727171,0.490210243377791,0.487448471753466,0,0
0,0.462727451019776,0.451062025268521,0.462274986746415,0.468855833556051,0.463633465543668,0.466247249160648,0,0
