EGFR,PI3K_AKT,mTOR,MEK_ERK,PKC,TGFb-SMAD,STAT3,DPD_NC,DPD_LB
0,0.588336384430986,0.585464665019665,0.584703404972106,0.585913749750139,0.57930239062842,0,0,0
0.484323012559538,0,0.478483382225636,0.47535622277438,0,0.480608854010096,0.473710698785601,0,0
0,0.642732319828689,0,0.638325503239254,0.632601878217637,0,0,0,0
0.504309716931413,0.496237242611919,0.495333646751479,0,0,0.499796681644635,0.495302091762766,0,0
0.0579218006607676,0,0,0,0,0,0,0,0
0.0700161740999979,0,0,0,0,0,0,0,0
0.0724709424756718,0,0,0,0,0,0,0,0
0,0.609037419102582,0,0.602616995990609,0.609026067030174,0.598028231766852,0.598758746423214,0,0
0,0.499470830052585,0.487905105831698,0.498972012238109,0.496571840151529,0.491078963896376,0.492234346525526,0,0
