EGFR,PI3K_AKT,mTOR,MEK_ERK,PKC,TGFb-SMAD,STAT3,DPD_NC,DPD_LB
0,0.0128110856447404,-0.00805499073388317,0.00641788792606021,0.00603445666375566,0.00634823212516257,0,0,0
-0.00512916373783349,0,0.137927559628657,0.0453706335003269,0,0.692699810438755,-0.0512823673679051,0,0
0,0,0,0,0,0,0,0,0
0.00185062022754778,0.245769797220604,0.0829261603908394,0,0,0.310997646350239,0.105736984747493,0,0
-0.00169258345218264,0,0,0,0,0,0,0,0
-0.000516761518132337,0,0,0,0,0,0,0,0
-0.000739973806981485,0,0,0,0,0,0,0,0
0,-0.065713664718093,0.034094699816745,-1.04620238228513,-0.287684815542539,-0.3674563709641,-0.17641283258599,0,0
0,-0.30884415423878,0.356575008236507,0.401467927966661,0.0614987721318911,0.119296564047677,0.365294338646636,0,0
