EGFR,PI3K_AKT,mTOR,MEK_ERK,PKC,TGFb-SMAD,STAT3,DPD_NC,DPD_LB
0,0.011184413919325,0.000447787132472423,-0.00574951377755994,-0.0114529918883245,0.0159049843278485,0,0,0
0.00788592424057229,0,0.0455056092969577,0.0398374838863064,0,0.0629844337850265,0.216804528152291,0,0
0,0.579427778501812,0,0.00701095703228575,0.213305534676525,0,0,0,0
0.00672881541124509,0.572419318330533,-0.0845005737136682,0,0,0.316022537133235,0.397022862348529,0,0
0.000768171634062906,0,0,0,0,0,0,0,0
-0.00146579191108752,0,0,0,0,0,0,0,0
-0.000431097291007998,0,0,0,0,0,0,0,0
0,-0.219860903400049,1.05203379085813,0.65941534251913,0.811791020822696,-0.473454242391447,0.671905900555095,0,0
0,0.245044388094538,-0.550067146280085,-0.0962597039249942,-0.435534365385008,0.304508071661571,-0.105569383413447,0,0
