EGFR,PI3K_AKT,mTOR,MEK_ERK,PKC,TGFb-SMAD,STAT3,DPD_NC,DPD_LB
0,-0.00606035090223585,-0.00838367468389008,0.00176722303839619,0.00569590269147086,-0.000572759634040176,0,0,0
0.00743553448488923,0,-0.25587902975703,0.204706556087442,0,0.0727978040148965,0.219505360771963,0,0
0,-0.350117718061262,0,0.423494654714902,0.790586430013759,0,0,0,0
0.00445909230330734,0.266357377904971,0.259289920604146,0,0,-0.318676893860452,0.266386566741803,0,0
0.000605761418143688,0,0,0,0,0,0,0,0
-0.000160671352206043,0,0,0,0,0,0,0,0
0.000909446806070024,0,0,0,0,0,0,0,0
0,-0.0445687652942078,-0.783432694397813,-0.505966962960535,0.238631828939413,-0.297505300699975,-0.328684103708677,0,0
0,-0.110258137628769,0.413966708454908,0.270308738330275,-0.178657195598606,0.0339624114127299,0.0194794011026293,0,0
