EGFR,PI3K_AKT,mTOR,MEK_ERK,PKC,TGFb-SMAD,STAT3,DPD_NC,DPD_LB
0,0.570131944373729,0.576111325622556,0.574370619991397,0.56284537224009,0.570222763948867,0,0,0
0.516703037489147,0,0.516409876660851,0.513199964818673,0,0.512804689805688,0.51671728505858,0,0
0,0.431634264076019,0,0.42355005854583,0.438603720416675,0,0,0,0
0.475607985129206,0.480883129076716,0.478582486941548,0,0,0.479799505365389,0.475989874649087,0,0
0.0673337872434584,0,0,0,0,0,0,0,0
0.0749571745698842,0,0,0,0,0,0,0,0
0.0757192771301954,0,0,0,0,0,0,0,0
0,0.482372839622166,0.48856987214085,0.486277808974386,0.488964960917687,0.4796901292613,0.483388084080551,0,0
0,0.474193582815123,0.472452773475928,0.47213262401769,0.473961116340302,0.476744568399434,0.476728676500465,0,0
