EGFR,PI3K_AKT,mTOR,MEK_ERK,PKC,TGFb-SMAD,STAT3,DPD_NC,DPD_LB
0,0.550917058698878,0.542603360628438,0.542931221736699,0.539299421261981,0.544916814376359,0,0,0
0.488724997007827,0,0.484186064988607,0.479733710742087,0,0.484938989193494,0.47965738956356,0,0
0,0.168502543524648,0,0,0,0,0,0,0
0.462593911883206,0.462531300977647,0.453041720453363,0,0,0.459200635042571,0.456137632780468,0,0
0.0611737923451111,0,0,0,0,0,0,0,0
0.0753880821583506,0,0,0,0,0,0,0,0
0.0770633197231335,0,0,0,0,0,0,0,0
0,0.447267432954813,0.446359334735471,0.449407732965521,0.446971427467915,0.448453055050381,0.452967883931318,0,0
0,0.48317472599599,0.4769854691772,0.477990796603674,0.476687021504373,0.482181667029241,0.483588138663227,0,0
