EGFR,PI3K_AKT,mTOR,MEK_ERK,PKC,TGFb-SMAD,STAT3,DPD_NC,DPD_LB
0,0.548826587142006,0.540648247663745,0.542832082179628,0.538719361938744,0.543874252924862,0,0,0
0.49150271724783,0,0.485671682864533,0.481614212049438,0,0.484360929843541,0.49166164014106,0,0
0,0.593374434444824,0,0.598309690951464,0.588671447343626,0,0,0,0
0.483928279153784,0.480243058610809,0.484640169160598,0,0,0.484993233551729,0.481461194276246,0,0
0.0626678353433957,0,0,0,0,0,0,0,0
0.0821848628836127,0,0,0,0,0,0,0,0
0.0818279847069398,0,0,0,0,0,0,0,0
0,0.490772391101787,0.48971417720528,0.494104717358475,0.489463235756202,0.491306073750088,0.484741588324044,0,0
0,0.468860960567936,0.472147715319508,0.465204026436264,0.469609821794542,0.472636125630407,0.470552591734337,0,0
