EGFR,PI3K_AKT,mTOR,MEK_ERK,PKC,TGFb-SMAD,STAT3,DPD_NC,DPD_LB
0,0.0672840805088258,0.0116320329641891,0.00212047070969488,0.0382559625138195,0.165059254237963,0,0,0
0.41800081194545,0,-0.0566639971782343,0.112987385990962,0,0.0150772815499479,0.102855529475696,0,0
0,-0.704711464279326,0,0.572743732660868,0.627664041614952,0,0,0,0
0.26199498573068,0.278671515528792,0.126418654028707,0,0,0.133144879620404,0.0519573558330501,0,0
0.724405266892026,0,0,0,0,0,0,0,0
1.26225561119245,0,0,0,0,0,0,0,0
0.340103152677653,0,0,0,0,0,0,0,0
0,-1.46556236419955,-0.371392984965929,0.0392427224408749,-1.08984329088603,-0.210757700664062,-0.729953741104722,0,0
0,0.64934561435551,0.0309064196095312,0.768066440938808,-0.315941588995345,-0.0333048300489589,0.815548063221577,0,0
