EGFR,PI3K_AKT,mTOR,MEK_ERK,PKC,TGFb-SMAD,STAT3,DPD_NC,DPD_LB
0,-0.00550638704697998,-0.00401602044411806,-0.006634746284609,0.0017171772501118,0.00163557895218296,0,0,0
-0.000558000140674963,0,0.191344699025443,-0.232780149530268,0,1.00970080176591,0.53356095931921,0,0
0,0.0681208893976019,0,0.759269596174893,0.69848584235714,0,0,0,0
0.00485975157425659,0.313617792006212,0.0553151972048378,0,0,-0.114252482449458,0.144078730817046,0,0
8.11712303638973e-05,0,0,0,0,0,0,0,0
0.000244327929115728,0,0,0,0,0,0,0,0
0.00118464975733334,0,0,0,0,0,0,0,0
0,-0.580338546567228,-0.116344150734491,-0.305486025415681,0.370516639326605,0.0882219738857383,0.421619862966052,0,0
0,-0.0789161781675494,0.0409199587206219,0.580161880671922,-0.0303241401928563,-0.247032368293391,0.0923068022152503,0,0
