EGFR,PI3K_AKT,mTOR,MEK_ERK,PKC,TGFb-SMAD,STAT3,DPD_NC,DPD_LB
0,0.00516973942423039,0.00209357979158058,-0.00524077984703797,0.00341504394718987,-0.000161851864761649,0,0,0
0.00924747935422901,0,0.0238018536513505,-0.0029236601265572,0,0.0486422288343683,-0.00973957113350232,0,0
0,0.0333678335368677,0,0.685865946278006,1.26324118055321,0,0,0,0
0.00911964385939119,-0.0192045501544491,0.00632654703647971,0,0,0.0776440810778658,-0.0184237480048117,0,0
0.000185272246400576,0,0,0,0,0,0,0,0
0.00078295441604691,0,0,0,0,0,0,0,0
-0.0014567202359438,0,0,0,0,0,0,0,0
0,0.147980093246969,0.404721231159029,0.328758688691491,-0.363380965656334,0.276215076581593,0.408907118554805,0,0
0,-0.321670694709275,-0.819209106797715,0.770467036988825,-0.144032567543057,0.356436096950705,2.40772055168474,0,0
