EGFR,PI3K_AKT,mTOR,MEK_ERK,PKC,TGFb-SMAD,STAT3,DPD_NC,DPD_LB
0,0.00322957206712913,-0.00982892309648958,0.00765916846899678,0.00700472263157264,-0.000128934113113321,0,0,0
-0.00108204276863163,0,-0.0296120322713566,-0.0277389373903301,0,0.410788698543984,0.20329742701565,0,0
0,0,0,0,0,0,0,0,0
-0.00527330101270717,0.202978032795623,0.0760938465414398,0,0,0.224632678957304,0.123087240569882,0,0
0.000258685444803309,0,0,0,0,0,0,0,0
-0.000670822208238862,0,0,0,0,0,0,0,0
-7.47727214768848e-05,0,0,0,0,0,0,0,0
0,-0.314910162407728,-0.0694850872368749,0.44155019800875,0.725837396067982,-0.572872419478056,-0.0601698382921712,0,0
0,-0.252053423990207,0.0233834835796372,0.54665199938393,0.230376970606504,0.153474849969527,0.150879514724816,0,0
