EGFR,PI3K_AKT,mTOR,MEK_ERK,PKC,TGFb-SMAD,STAT3,DPD_NC,DPD_LB
0,0.566607630480772,0.563625628548123,0.562560662672132,0.564716311602927,0.55680196131913,0,0,0
0.505863065374558,0,0.511946732955728,0.50437350134645,0,0.514042732483983,0.514990089826458,0,0
0,0.450831621638068,0,0.442074918361064,0.456698656429021,0,0,0,0
0.521697270291404,0.525440579255707,0.530658362951636,0,0,0.531917152324425,0.519061665478407,0,0
0.0692890958738372,0,0,0,0,0,0,0,0
0.322302144800215,0,0,0.33085315504241,0,0,0,0,0
0.34840994598295,0,0,0.344536228009786,0,0,0,0,0
0,0.502570761600992,0.500609151955018,0.49244312334221,0.497912254788239,0.498886731069618,0.496562916158511,0,0
0,0.44284423390979,0.447334694194969,0.443287456174373,0.436734016380784,0.443289918918711,0.444466050015285,0,0
