EGFR,PI3K_AKT,mTOR,MEK_ERK,PKC,TGFb-SMAD,STAT3,DPD_NC,DPD_LB
0,0.00881007402659521,-0.00095561533021608,0.0029970829026318,0.00625891808371604,0.00166703812047412,0,0,0
0.00461713643122765,0,0.0256088174867856,0.0321205503364811,0,-0.131635580327107,0.0559207638497983,0,0
0,0.145900365690492,0,0.104964734367781,0.346652105398705,0,0,0,0
0.00426738721551562,-0.245262575000759,-0.195138591296807,0,0,0.484989384807177,0.068891395335416,0,0
2.82700406514546e-05,0,0,0,0,0,0,0,0
0.00258359629227985,0,0,0.325450049733748,0,0,0,0,0
0.00101253724004549,0,0,0.00309450107419274,0,0,0,0,0
0,0.705065169057577,0.871103039252273,1.23560478285841,1.28937122936927,-1.31519088174126,0.493980680191423,0,0
0,-12.0222582530327,-6.92966342145993,-1.73863344380005,-2.28215012805135,13.1807892981343,5.56876549303479,0,0
