EGFR,PI3K_AKT,mTOR,MEK_ERK,PKC,TGFb-SMAD,STAT3,DPD_NC,DPD_LB
0,0.48407406502544,0.486373720969048,0.485620775484756,0.487441754004772,0.486730925263757,0,0,0
0.537744878664173,0,0.537352097449094,0.548216561612618,0,0.535113930278694,0.537716783134152,0,0
0,0.483330625040236,0,0.498119713769128,0.493865244697406,0,0,0,0
0.510038073628806,0.518731964740129,0.518013624911855,0,0,0.513498043240852,0.516174678591983,0,0
0.0590033813023342,0,0,0,0,0,0,0,0
0.0795859371010956,0,0,0,0,0,0,0,0
0.0889927140519962,0,0,0,0,0,0,0,0
0,0.470198160501403,0.481009525144079,0.478643097165968,0.480404990382069,0.474953089024817,0.475225390979122,0,0
0,0.428111011799129,0.426442803871535,0.432493222186929,0.432679679627955,0.429771168607892,0.432072949089541,0,0
