EGFR,PI3K_AKT,mTOR,MEK_ERK,PKC,TGFb-SMAD,STAT3,DPD_NC,DPD_LB
0,-0.138241530018636,-0.0225942441343567,-0.00279681554039743,0.0613383515083847,0.144116058385845,0,0,0
-0.0155608568734307,0,0.103997208523009,0.207559511760062,0,0.268938344700894,-0.108087049961869,0,0
0,1.06530970023598,0,0.0654323505874912,0.470481589228231,0,0,0,0
0.657537126426568,1.2795354458761,0.0950777346909012,0,0,0.405613143054445,-0.31876822900876,0,0
-0.191903129470264,0,0,0,0,0,0,0,0
1.60739128732937,0,0,0,0,0,0,0,0
1.43611794914257,0,0,0,0,0,0,0,0
0,-0.460830418761995,0.036414019060778,-0.285331953862622,0.591466517417858,-0.725591725700789,-0.0979490840647619,0,0
0,-0.916941585837884,0.277139707758728,0.00980453284720476,0.742988703512705,-0.306460781838652,0.475505131812531,0,0
