EGFR,PI3K_AKT,mTOR,MEK_ERK,PKC,TGFb-SMAD,STAT3,DPD_NC,DPD_LB
0,0.0807541321049081,-0.0445245906773555,0.0897493531424326,-0.08893285216239,0.0608297575602848,0,0,0
0.641823161837421,0,0.104466769158519,-0.00943857382126144,0,0.326882680382804,0.187522762399505,0,0
0,0.00814064950174693,0,0.0359687623029206,-0.000842471726288858,0,0,0,0
0.100595270411816,0.0991319323058625,0.0187402217906485,0,0,0.445676202712631,-0.166657610020371,0,0
0.969327815234378,0,0,0,0,0,0,0,0
0.0579786796734641,0,0,0.281025673516177,0,0,0,0,0
0,0,0,0,0,0,0,0,0
0,1.29913546807307,0.340007450357928,-1.76313515264548,-3.00312504588256,-1.67653280189075,0.909214859793087,0,0
0,-1.01599726610658,-0.0892277979880995,2.53305279690858,1.83135671983822,1.699894239539,-1.32606873978527,0,0
