EGFR,PI3K_AKT,mTOR,MEK_ERK,PKC,TGFb-SMAD,STAT3,DPD_NC,DPD_LB
0,0.525379513364699,0.525711526357501,0.526854397899136,0.526606827894266,0.526718120886822,0,0,0
0.497729229400743,0,0.502525243662255,0.504679594244268,0,0.490775335439428,0.498172175349043,0,0
0,0.0871036714234127,0,0.134722307075641,0.0841499301017886,0,0,0,0
0.521425316583477,0.518488506700153,0.524718611788833,0,0,0.528628018241945,0.507171544733455,0,0
0.072030733331479,0,0,0,0,0,0,0,0
0.2482412609526,0,0,0.312670205944937,0,0,0,0,0
0,0,0,0,0,0,0,0,0
0,0.421402397434215,0.423670654768417,0.428422259068626,0.421135523918878,0.427149367852405,0.424386500661133,0,0
0,0.422570394298,0.427427623243848,0.426565935772953,0.421873032889289,0.424607573674565,0.427048267298281,0,0
