EGFR,PI3K_AKT,mTOR,MEK_ERK,PKC,TGFb-SMAD,STAT3,DPD_NC,DPD_LB
0,0.53726913185617,0.540482040238777,0.53769936716781,0.534697048025953,0.540368822279249,0,0,0
0.545694831915076,0,0.542743721754814,0.541993426014783,0,0.537856694637341,0.538560780045437,0,0
0,0.558827105964851,0,0.566872493048706,0.55734905250216,0,0,0,0
0.542710338169017,0.551892636554132,0.559761708803668,0,0,0.55435212798129,0.545854853270606,0,0
0.0700617900014014,0,0,0,0,0,0,0,0
0.356274032229839,0,0,0.356009225414657,0,0,0,0,0
0.349967468105992,0,0,0.345428437116166,0,0,0,0,0
0,0.442322688897793,0.439537398482139,0.443794946502366,0.442815107908552,0.435323184203611,0.435645141533217,0,0
0,0.413538656534063,0.413089069258439,0.411564791445995,0.413647578994293,0.414611064518699,0.402637651019715,0,0
