EGFR,PI3K_AKT,mTOR,MEK_ERK,PKC,TGFb-SMAD,STAT3,DPD_NC,DPD_LB
0,0.530480312053428,0.529097160454221,0.527787272510465,0.527185633610083,0.526263710147969,0,0,0
0.518541800427138,0,0.523914738319919,0.524082453755597,0,0.516147302790231,0.521371705745804,0,0
0,0.610597304406392,0,0.621018827312846,0.602671690357814,0,0,0,0
0.502942305005475,0.506181763880276,0.502460813856881,0,0,0.506861765882398,0.504612132795424,0,0
0.0669308146383554,0,0,0,0,0,0,0,0
0.0902104189896402,0,0,0,0,0,0,0,0
0.194118660239305,0,0,0,0,0,0,0,0
0,0.446741970293269,0.441498819953764,0.448117761497296,0.44979119564314,0.44903562024965,0.445592582649502,0,0
0,0.464524400676711,0.46574629109169,0.466072191951731,0.466679167103393,0.462979978205239,0.46322732596664,0,0
