EGFR,PI3K_AKT,mTOR,MEK_ERK,PKC,TGFb-SMAD,STAT3,DPD_NC,DPD_LB
0,0.563505031498596,0.564529598173849,0.572329052409736,0.57885514508216,0.56006238924974,0,0,0
0.484559722045314,0,0.483630560549038,0.490672772047242,0,0.483149887403508,0.483259640002862,0,0
0,0.563384456521901,0,0.568270398262755,0.56716966699634,0,0,0,0
0.497604807571342,0.497400877330016,0.49432689526337,0,0,0.499393076084714,0.500041012488561,0,0
0.0598264505862273,0,0,0,0,0,0,0,0
0.0720542401455644,0,0,0,0,0,0,0,0
0.0767413610725889,0,0,0,0,0,0,0,0
0,0.481757880789326,0.483657018555986,0.473854255462049,0.479337098934853,0.483000642952575,0.483061747574119,0,0
0,0.503012846449251,0.508799395502509,0.499978791903482,0.509364934416825,0.505503317924082,0.503953786761244,0,0
