EGFR,PI3K_AKT,mTOR,MEK_ERK,PKC,TGFb-SMAD,STAT3,DPD_NC,DPD_LB
0,4.44089209850063e-16,4.44089209850063e-16,4.44089209850063e-16,4.44089209850063e-16,4.44089209850063e-16,0,0,0
9.9920072216264e-16,0,9.9920072216264e-16,9.9920072216264e-16,0,9.9920072216264e-16,9.9920072216264e-16,0,0
0,4.44089209850063e-16,0,4.44089209850063e-16,4.44089209850063e-16,0,0,0,0
1.11022302462516e-16,0.0140962608637968,1.11022302462516e-16,0,0,1.11022302462516e-16,1.11022302462516e-16,0,0
1.11022302462516e-15,0,0,0,0,0,0,0,0
4.44089209850063e-16,0,0,4.44089209850063e-16,0,0,0,0,0
2.22044604925031e-16,0,0,2.22044604925031e-16,0,0,0,0,0
0,2.22044604925031e-16,2.22044604925031e-16,2.22044604925031e-16,2.22044604925031e-16,2.22044604925031e-16,2.22044604925031e-16,0,0
0,1.4432899320127e-15,1.4432899320127e-15,1.4432899320127e-15,1.4432899320127e-15,1.4432899320127e-15,1.4432899320127e-15,0,0
