EGFR,PI3K_AKT,mTOR,MEK_ERK,PKC,TGFb-SMAD,STAT3,DPD_NC,DPD_LB
0,0.493236824726255,0.490065743781743,0.487550402702998,0.491297925031725,0.488562668312815,0,0,0
0.500458419374995,0,0.520205426149713,0.509264753129393,0,0.512297429358183,0.510024111222581,0,0
0,0.60509918949085,0,0.591892169768681,0.599904118206797,0,0,0,0
0.504553617444892,0.502453574961244,0.505794739839238,0,0,0.511450909824584,0.498132816389388,0,0
0.0685510185754388,0,0,0,0,0,0,0,0
0.231405478568222,0,0,0.22827790305944,0,0,0,0,0
0.256162393855166,0,0,0.249925988223969,0,0,0,0,0
0,0.457446178528127,0.452239426386316,0.452366251756185,0.459340097370958,0.450144982526962,0.456146376849976,0,0
0,0.473096132477085,0.46635319171921,0.466237087687353,0.471756795694355,0.470514833347462,0.462417358241092,0,0
