EGFR,PI3K_AKT,mTOR,MEK_ERK,PKC,TGFb-SMAD,STAT3,DPD_NC,DPD_LB
0,0.495044297634963,0.50409631636768,0.493124345815851,0.497889116214447,0.511868740228689,0,0,0
0.520221678654297,0,0.521651106263559,0.53151311384738,0,0.523388696615761,0.519222519888234,0,0
0,0.539426294882155,0,0.530114951253574,0.534157441480966,0,0,0,0
0.496227986710281,0.498394459192926,0.492796488889926,0,0,0.492622555206336,0.489312057670454,0,0
0.0606212416097081,0,0,0,0,0,0,0,0
0.344268032516727,0,0,0.339187478028277,0,0,0,0,0
0.079348101783728,0,0,0.0352870250988184,0,0,0,0,0
0,0.449176883685447,0.4527050663212,0.451678971244959,0.449478636103805,0.445575648056188,0.449987036294223,0,0
0,0.414861612715228,0.413047166942952,0.421171563237236,0.41502767211564,0.417985232647603,0.419391534435158,0,0
