EGFR,PI3K_AKT,mTOR,MEK_ERK,PKC,TGFb-SMAD,STAT3,DPD_NC,DPD_LB
0,0.015851428851988,0.0182134474974912,0.017886636843827,0.0205392296236603,0.0191468830470566,0,0,0
0.530377885690022,0,0.529553009051695,0.52649500887187,0,0.526210145541917,0.529308047431772,0,0
0,0.380906456505397,0,0.102829773413767,0.3851560421405,0,0,0,0
0.516651699859656,0.52438490129081,0.520937498481022,0,0,0.523307257917766,0.521585327868133,0,0
0.0539084202941978,0,0,0,0,0,0,0,0
0.0763511108693627,0,0,0,0,0,0,0,0
0.0693526001493339,0,0,0,0,0,0,0,0
0,0.493412565175804,0.481760431862573,0.489744719810733,0.494944205927554,0.49028908170931,0.48854730780839,0,0
0,0.494529637837546,0.483664416910697,0.491755905880503,0.493393802362413,0.486313582419557,0.488720654538151,0,0
