EGFR,PI3K_AKT,mTOR,MEK_ERK,PKC,TGFb-SMAD,STAT3,DPD_NC,DPD_LB
0,0.552468784576796,0.539987750857441,0.542599297944503,0.548332886349604,0.545786837525952,0,0,0
0.473629685942509,0,0.485679339400897,0.477303955219773,0,0.477506757231803,0.485483962493008,0,0
0,0.44234789559424,0,0.365989750966249,0.444918949291913,0,0,0,0
0.452745817647379,0.44987559438719,0.451011908398037,0,0,0.449484269693807,0.450896303717011,0,0
0.0710932940641286,0,0,0,0,0,0,0,0
0.0736904507988521,0,0,0,0,0,0,0,0
0.0793632466080776,0,0,0,0,0,0,0,0
0,0.436821877507759,0.439483046178531,0.441386758945167,0.44624462854561,0.442638416930122,0.441339301877322,0,0
0,0.468132162667279,0.467522503393239,0.468696946834048,0.46974725459151,0.463348929378395,0.467402076994014,0,0
