EGFR,PI3K_AKT,mTOR,MEK_ERK,PKC,TGFb-SMAD,STAT3,DPD_NC,DPD_LB
0,-0.0172957488110733,0.0778315855732283,0.0977215497174604,0.00598084887742488,0.13041850040412,0,0,0
0.267285182945209,0,-0.142067045490974,-0.100212934792594,0,-0.185699907080907,-0.071779324538888,0,0
0,0.0727738980759981,0,0.127158964937375,0.998085405440601,0,0,0,0
0.159400899258623,0.113914759192489,0.0278375405687157,0,0,0.140529067853366,-0.0767917838369017,0,0
0,0,0,0,0,0,0,0,0
0.32967474105837,0,0,0.390072153232355,0,0,0,0,0
0.663794942808609,0,0,0.163366608484808,0,0,0,0,0
0,-0.00127616285130778,-0.399346181161166,-2.91391730533799,-1.54259943454949,-3.73854757363818,-4.02252161266218,0,0
0,3.10675335645709,-6.17947249566491,11.4640204097075,1.80104471736105,11.8488018726658,8.56406931103715,0,0
