EGFR,PI3K_AKT,mTOR,MEK_ERK,PKC,TGFb-SMAD,STAT3,DPD_NC,DPD_LB
0,0.543322962603584,0.5420858004606,0.54334151967664,0.536439123346089,0.546665857309752,0,0,0
0.472942249528361,0,0.475521754532193,0.479441199732938,0,0.473558781855494,0.469954613743478,0,0
0,0.176201821037012,0,0,0,0,0,0,0
0.452159416003184,0.44963475177472,0.451865874170773,0,0,0.457148988103262,0.449412924065396,0,0
0.0650171105059852,0,0,0,0,0,0,0,0
0.074522690017103,0,0,0,0,0,0,0,0
0.0794313167754539,0,0,0,0,0,0,0,0
0,0.446429327892913,0.45481611271119,0.450001744069709,0.443767067298018,0.456695580977067,0.45433034416077,0,0
0,0.473205707653003,0.481284306260992,0.475147332099936,0.480752083383311,0.481494425591941,0.477041861105502,0,0
