EGFR,PI3K_AKT,mTOR,MEK_ERK,PKC,TGFb-SMAD,STAT3,DPD_NC,DPD_LB
0,6.66133814775094e-16,6.66133814775094e-16,6.66133814775094e-16,6.66133814775094e-16,6.66133814775094e-16,0,0,0
7.7715611723761e-16,0,7.7715611723761e-16,7.7715611723761e-16,0,7.7715611723761e-16,7.7715611723761e-16,0,0
0,0.311732069660578,0,0.311732069660578,0.311732069660578,0,0,0,0
6.66133814775094e-16,6.66133814775094e-16,6.66133814775094e-16,0,0,6.66133814775094e-16,6.66133814775094e-16,0,0
4.44089209850063e-16,0,0,0,0,0,0,0,0
0.473398602453643,0,0,0.473398602453643,0,0,0,0,0
0,0,0,0,0,0,0,0,0
0,4.44089209850063e-16,4.44089209850063e-16,4.44089209850063e-16,4.44089209850063e-16,4.44089209850063e-16,4.44089209850063e-16,0,0
0,2.22044604925031e-16,2.22044604925031e-16,2.22044604925031e-16,2.22044604925031e-16,2.22044604925031e-16,2.22044604925031e-16,0,0
