EGFR,PI3K_AKT,mTOR,MEK_ERK,PKC,TGFb-SMAD,STAT3,DPD_NC,DPD_LB
0,0.577940620663369,0.574372091815243,0.574982842729489,0.57695350889889,0.580780062339512,0,0,0
0.507059361625268,0,0.517863611221344,0.23007968907912,0,0.505758779568016,0.506258928533314,0,0
0,0.391477308123233,0,0.156587107710675,0.391108695959947,0,0,0,0
0.469642323992456,0.463717359840012,0.469502004929003,0,0,0.46342825871731,0.464564337967936,0,0
0,0,0,0,0,0,0,0,0
0.0785317964061139,0,0,0,0,0,0,0,0
0.0879395570612455,0,0,0,0,0,0,0,0
0,0.478355965309973,0.47223606490925,0.481016587521819,0.473174184949979,0.472990443852264,0.475066141257837,0,0
0,0.484055542404945,0.478672074831446,0.483758386553589,0.480442545276804,0.490153994997684,0.483987744998025,0,0
