EGFR,PI3K_AKT,mTOR,MEK_ERK,PKC,TGFb-SMAD,STAT3,DPD_NC,DPD_LB
0,0.00542788969917954,-0.0236772828603558,0.00597175025614647,0.00980523238457187,-0.00645960999421681,0,0,0
-0.0154530092505956,0,-0.0771690994720211,0.0429096332727144,0,-0.16858588703552,-0.0713606110178616,0,0
0,0.514325979094033,0,0,0,0,0,0,0
0.00310341580654312,0.733463263881215,0.0103213735535273,0,0,-0.133501508808471,-0.851232393414625,0,0
-0.00116520324696967,0,0,0,0,0,0,0,0
-0.000103401108951554,0,0,0,0,0,0,0,0
-0.00078505901957495,0,0,0,0,0,0,0,0
0,-0.617664168476424,-0.525895907875301,0.719848016515769,-0.477460567562487,0.269520321530739,0.449949769644055,0,0
0,0.0687006108463375,0.476376530345398,-0.172475069555857,0.236775094021752,0.234361572231138,0.385449030569295,0,0
