EGFR,PI3K_AKT,mTOR,MEK_ERK,PKC,TGFb-SMAD,STAT3,DPD_NC,DPD_LB
0,0.065257099701952,-0.0224982133588103,0.0284661442775434,-0.00523398779722055,0.0423825317481256,0,0,0
0.168369432248273,0,-0.133943261050057,0.182544470191971,0,-0.320888325968887,0.102365381051045,0,0
0,-0.731017790112945,0,0.632410183288667,1.55316184262756,0,0,0,0
0.370647812746641,0.265313410169243,-0.100753419186301,0,0,-0.286335197094904,-0.105578548300134,0,0
0.604958888733641,0,0,0,0,0,0,0,0
-0.0203109267259402,0,0,0,0,0,0,0,0
0.219962721883436,0,0,0,0,0,0,0,0
0,-0.247307880834187,-0.190499613971234,0.0184073222819113,0.137958902561901,-0.432666911038001,-0.152093029317313,0,0
0,0.549929348751556,-0.129764592268283,0.621592321426489,-0.630148271977689,0.0949469204736378,0.562437636436612,0,0
