EGFR,PI3K_AKT,mTOR,MEK_ERK,PKC,TGFb-SMAD,STAT3,DPD_NC,DPD_LB
0,0.00143867441638551,-0.0175372137995904,0.0079027144727407,0.000366260568638985,0.0139641589443436,0,0,0
0.00125517317782603,0,0.0250055229293357,0.0573142700093257,0,-0.0754189262356806,0.0960943963708387,0,0
0,0.285678800978256,0,0,0,0,0,0,0
0.00561452862438694,0.524737868094963,0.400739740875145,0,0,0.20147350914384,-0.360650502075995,0,0
0.00122673913611745,0,0,0,0,0,0,0,0
0.000572648489626674,0,0,0,0,0,0,0,0
-0.0019383314901206,0,0,0,0,0,0,0,0
0,-0.614043876285929,1.55796549935925,-0.0573680296846968,-0.945890916518517,-2.52763807081446,-0.918387756848157,0,0
0,0.0369117910275739,-0.205540996994484,0.00887657193247745,0.254410584165348,0.655323538049026,0.31696843784233,0,0
