EGFR,PI3K_AKT,mTOR,MEK_ERK,PKC,TGFb-SMAD,STAT3,DPD_NC,DPD_LB
0,-0.00564266331115614,0.00384049238458589,0.00386233938742463,0.00488763646015083,0.00654664931748781,0,0,0
0.00539968213131561,0,-0.0220170565831959,0.346565687917434,0,-0.404933623942783,0.46740870016541,0,0
0,0.223236357437015,0,0.197055432733033,0.251025264589198,0,0,0,0
-0.0184739755364996,0.549270808514344,0.140968615505452,0,0,0.0844257628735956,0.229825263942066,0,0
0.000269013130659741,0,0,0,0,0,0,0,0
0.000655401458627552,0,0,0,0,0,0,0,0
-0.000662326553570338,0,0,0,0,0,0,0,0
0,0.0211260659991001,-0.472459651639256,0.232719952798422,0.0747365002346081,-0.344756053402494,0.616538343426384,0,0
0,0.012715140093279,-0.180406200092529,0.504709527633344,-0.158231317007884,-0.083629523242636,0.0849841903404835,0,0
