EGFR,PI3K_AKT,mTOR,MEK_ERK,PKC,TGFb-SMAD,STAT3,DPD_NC,DPD_LB
0,0.519668207355191,0.514867001888432,0.513740008441814,0.522342724812803,0.512260293027995,0,0,0
0.481042734952025,0,0.491419581865506,0.497891497321142,0,0.491407188784702,0.496634029893216,0,0
0,0.600915565215231,0,0.599763009468645,0.599566782436161,0,0,0,0
0.476128281927578,0.474048106450878,0.469034639394161,0,0,0.472961690759332,0.472030328889013,0,0
0.0669305825769232,0,0,0,0,0,0,0,0
0.0881962317601813,0,0,0,0,0,0,0,0
0.0887473142023134,0,0,0,0,0,0,0,0
0,0.469952996026144,0.466730589818754,0.468076411779808,0.465884993584117,0.472811167437005,0.467966021369194,0,0
0,0.439495704621301,0.439505192591091,0.442725732689512,0.438390442489336,0.440241284926568,0.436066618380135,0,0
