EGFR,PI3K_AKT,mTOR,MEK_ERK,PKC,TGFb-SMAD,STAT3,DPD_NC,DPD_LB
0,0.53458698477349,0.538432990198626,0.537550396146146,0.541262601482001,0.531407169809338,0,0,0
0.498117634885891,0,0.50065708952578,0.496845477479758,0,0.494685600809645,0.491827502716672,0,0
0,0,0,0,0,0,0,0,0
0.466075601462046,0.470922880777253,0.458746080368425,0,0,0.466165529214286,0.461985631065704,0,0
0.0685538022301557,0,0,0,0,0,0,0,0
0.0870085570827506,0,0,0,0,0,0,0,0
0.0857250235749272,0,0,0,0,0,0,0,0
0,0.473262745265536,0.477589847402565,0.470791636270732,0.475774027140307,0.471295567606308,0.47454318875905,0,0
0,0.624588778207227,0.956326004306312,1.01205859865874,0.438539053885725,1.68165971942111,0.537842117892686,0,0
