EGFR,PI3K_AKT,mTOR,MEK_ERK,PKC,TGFb-SMAD,STAT3,DPD_NC,DPD_LB
0,-0.0270694110031375,0.0475716178758696,0.0486582240220347,0.0513934690192602,0.218949204654547,0,0,0
0.0980930157932823,0,0.0653809747150961,-0.0330821793876496,0,0.098655129910739,0.311094595051362,0,0
0,0,0,0,0,0,0,0,0
0.0975900421624253,0.0347149868295262,-0.050560784202783,0,0,0.129249789962401,0.0921243909361049,0,0
1.05378789333678,0,0,0,0,0,0,0,0
1.0007341804061,0,0,0,0,0,0,0,0
1.32359138297629,0,0,0,0,0,0,0,0
0,1.26890405854485,-0.239283111923745,0.359730024491772,0.333339761393798,-1.6723980469605,-0.261698695410033,0,0
0,-44.0065255092385,-6.21653167007036,-0.895993757112729,8.27667880704316,49.07834086948,-11.6825007610866,0,0
