EGFR,PI3K_AKT,mTOR,MEK_ERK,PKC,TGFb-SMAD,STAT3,DPD_NC,DPD_LB
0,0.583934148203463,0.586539313009633,0.585804533242788,0.593718290673117,0.580236501663826,0,0,0
0.491215299299043,0,0.483165486368504,0.480581389195669,0,0.481937857662315,0.493502908911374,0,0
0,0.596801932787622,0,0.607179060231601,0.599988715598235,0,0,0,0
0.490651526831567,0.4927312212943,0.482813553587724,0,0,0.486525608821872,0.490615695498694,0,0
0.0611301750718149,0,0,0,0,0,0,0,0
0.0711099550649549,0,0,0,0,0,0,0,0
0.0736078753135953,0,0,0,0,0,0,0,0
0,0.494214035375535,0.503139901918714,0.492364691334558,0.488514767332774,0.499666137460961,0.493377526941622,0,0
0,0.498036220373118,0.486925597204669,0.495837860393398,0.499242513613562,0.495496547976294,0.50577791707633,0,0
