EGFR,PI3K_AKT,mTOR,MEK_ERK,PKC,TGFb-SMAD,STAT3,DPD_NC,DPD_LB
0,-0.0501972332800056,0.00748908844896407,0.137595044616263,0.0526535214901269,-0.0737338172441733,0,0,0
0.138813317898242,0,0.00947768482061408,-0.0790222426077043,0,0.125380751215764,0.232661126193166,0,0
0,0.63843473619259,0,0.00651508257347549,0.740814671874249,0,0,0,0
0.145764166786189,0.0394376721445974,0.0604207007225571,0,0,0.401323235783903,0.281563614736306,0,0
0.353678620156009,0,0,0,0,0,0,0,0
0.0442603487777607,0,0,0.211238772523678,0,0,0,0,0
0.639085312425317,0,0,0.298800240171268,0,0,0,0,0
0,-0.263043295073218,-0.116918316489539,0.261025041118123,0.134541551079757,-0.561330001434555,-0.220472503752095,0,0
0,-0.893941469078455,0.513455000650055,-0.606568019955244,1.6139072673329,-1.49112538662803,1.63557756055821,0,0
