EGFR,PI3K_AKT,mTOR,MEK_ERK,PKC,TGFb-SMAD,STAT3,DPD_NC,DPD_LB
0,0.515721776858527,0.517892479473641,0.52277268431625,0.519259655329829,0.524994322435478,0,0,0
0.513453642687222,0,0.515963985689853,0.515778247715661,0,0.510481597693152,0.509682570629461,0,0
0,0.56583048746071,0,0.569642071386508,0.559043957781944,0,0,0,0
0.508600954335535,0.510198237986326,0.516460205235011,0,0,0.51267179014593,0.50977096841374,0,0
0.0609974776108475,0,0,0,0,0,0,0,0
0.0853206238339837,0,0,0,0,0,0,0,0
0.0807925766506449,0,0,0,0,0,0,0,0
0,0.479642256091546,0.472005396237426,0.478916221916709,0.472654524796509,0.467911617259217,0.481197987782718,0,0
0,0.464637530930885,0.455665376028758,0.460683531001844,0.460549755825456,0.466063048142855,0.469095735303592,0,0
