EGFR,PI3K_AKT,mTOR,MEK_ERK,PKC,TGFb-SMAD,STAT3,DPD_NC,DPD_LB
0,0.566074258290531,0.576186782531674,0.571178419851729,0.568425342821182,0.580492885611604,0,0,0
0.507832509165215,0,0.515959832597264,0.519764519526331,0,0.526134121942669,0.52531051656236,0,0
0,0,0,0,0,0,0,0,0
0.511887590971322,0.51379469388765,0.518733595495147,0,0,0.515522571647096,0.516366064821555,0,0
0.054910649066054,0,0,0,0,0,0,0,0
0.0708867699380771,0,0,0,0,0,0,0,0
0.0713958475243377,0,0,0,0,0,0,0,0
0,0.480799230962354,0.478738195964452,0.484272716567766,0.479114462719136,0.483709980194438,0.479325740671083,0,0
0,0.482854218510588,0.48940919678789,0.491346973731938,0.481513662360291,0.479973801645806,0.481872316407117,0,0
