EGFR,PI3K_AKT,mTOR,MEK_ERK,PKC,TGFb-SMAD,STAT3,DPD_NC,DPD_LB
0,0.557246845214145,0.550556814673477,0.552455298770138,0.559929222940715,0.548086539534298,0,0,0
0.498513758043965,0,0.501459794493987,0.505968379073404,0,0.501306413643108,0.500742513018073,0,0
0,0.447513217738526,0,0.427061672040438,0.447530641665279,0,0,0,0
0.475048556751126,0.481783831233753,0.474518453772177,0,0,0.478632670976717,0.475600103728365,0,0
0.0619472448087205,0,0,0,0,0,0,0,0
0.0851046471688888,0,0,0,0,0,0,0,0
0.0820726757382515,0,0,0,0,0,0,0,0
0,0.483032549028969,0.478846160690711,0.483049888844517,0.471354424563013,0.485310175401894,0.481839054226798,0,0
0,0.442950315318168,0.436837859227028,0.410587163831647,0.438042145955575,0.435984033782049,0.433802511561224,0,0
