EGFR,PI3K_AKT,mTOR,MEK_ERK,PKC,TGFb-SMAD,STAT3,DPD_NC,DPD_LB
0,0.0824189168353378,0.0727456353395407,0.0690814830759151,-0.00377590086734779,0.0697812663612083,0,0,0
0.125960252661931,0,-0.0525307067196591,0.0874058670111469,0,-0.0361282309642245,0.0971252872373994,0,0
0,-0.526680540914805,0,0.163595723056334,1.44620768496857,0,0,0,0
0.804866217772692,0.041805391789788,-0.166163557092299,0,0,0.0391494232518338,0.0881070089305901,0,0
0.670622274349882,0,0,0,0,0,0,0,0
-0.257448462907507,0,0,0.0586214336985344,0,0,0,0,0
1.36970407133639,0,0,0.0721132114838649,0,0,0,0,0
0,-0.486285148100864,0.730412488316406,0.408175583282769,-0.0465403891294847,-1.15385216740658,0.668548305655573,0,0
0,0.228691490454297,-0.137144927165743,0.310729815335352,-0.182795333819494,0.76301922645182,0.537310117606485,0,0
