EGFR,PI3K_AKT,mTOR,MEK_ERK,PKC,TGFb-SMAD,STAT3,DPD_NC,DPD_LB
0,0.545920764159773,0.542130190159893,0.540464539023693,0.542715293817458,0.535487982445555,0,0,0
0.500783031409568,0,0.493875173149033,0.489976127999787,0,0.492408573995114,0.494330841886965,0,0
0,0.589496877580015,0,0.580076031823042,0.586540681674532,0,0,0,0
0.509269656323794,0.513059047778985,0.513917357943467,0,0,0.50890844548751,0.508315288835497,0,0
0,0,0,0,0,0,0,0,0
0.354528522088835,0,0,0.358886489562679,0,0,0,0,0
0.351045162882507,0,0,0.35381235567737,0,0,0,0,0
0,0.424313894383235,0.428593354547272,0.432240171928686,0.425928377289868,0.42748943157257,0.434520890418884,0,0
0,0.406558964314115,0.402666233149274,0.39959240801074,0.398670983598603,0.408109104322816,0.410622228088475,0,0
