EGFR,PI3K_AKT,mTOR,MEK_ERK,PKC,TGFb-SMAD,STAT3,DPD_NC,DPD_LB
0,-0.0557140438890082,-0.0256805016712866,-0.00274908024927477,-0.0375270321184081,0.109726761321148,0,0,0
0.561182730914206,0,-0.0152804253618895,0.0361140546205232,0,0.22810269115279,-0.289376443772324,0,0
0,-0.0521445087369658,0,0.132114334781552,0.828121417956554,0,0,0,0
0.569020672310936,0.847702608975724,0.323261220301024,0,0,0.165186544740068,0.207311997837521,0,0
0.663408979443695,0,0,0,0,0,0,0,0
1.3473299845378,0,0,0,0,0,0,0,0
0.635631868289491,0,0,0,0,0,0,0,0
0,-0.168207518428266,-0.211988325139017,-0.540965745656012,-0.1889009774589,-0.272643028028461,-0.156405713420026,0,0
0,-1.12888296468452,0.480350641899786,-0.139861048051063,-0.281273880537679,0.967438219049429,1.65670261364963,0,0
