EGFR,PI3K_AKT,mTOR,MEK_ERK,PKC,TGFb-SMAD,STAT3,DPD_NC,DPD_LB
0,-0.000285200342318307,0.000395416172953168,-0.000148976663629606,-0.000422918792639767,-0.000191948955958794,0,0,0
-0.00223162721989121,0,0.371925399883852,0.395528131110575,0,-0.150701776522612,-0.70136282790845,0,0
0,0.506833695888859,0,-0.00422963151961495,0.506416437152297,0,0,0,0
-0.00682685516196968,0.549655362688016,0.0485994138715609,0,0,0.575471784749107,-0.0544592422324342,0,0
-0.000896063889127863,0,0,0,0,0,0,0,0
-0.000908035864212989,0,0,0,0,0,0,0,0
-0.000973227437473844,0,0,0,0,0,0,0,0
0,0.0470858780929134,0.232169868794065,0.0582967122663834,0.810532037601317,-0.55528045118478,0.450637730485537,0,0
0,0.722783277934952,0.0341859066384345,-0.00031823783230225,-0.0506418258788199,0.509506141625986,0.0613058180416391,0,0
