EGFR,PI3K_AKT,mTOR,MEK_ERK,PKC,TGFb-SMAD,STAT3,DPD_NC,DPD_LB
0,0.00943134368482984,-0.00493500032021441,0.0168259198545142,-0.00277537940583788,0.00173550052757096,0,0,0
0.000749480940464264,0,0.360780423245034,0.00490548279557425,0,0.68649714693006,0.584879810806487,0,0
0,0.517634526417727,0,0.316104187604306,0.533777258797674,0,0,0,0
0.0011640845900444,0.190571767409672,-0.011700896158971,0,0,-0.405636854053387,0.054957304344854,0,0
-8.67998974436563e-05,0,0,0,0,0,0,0,0
-0.000256048988616209,0,0,0,0,0,0,0,0
0.00225237192376763,0,0,0,0,0,0,0,0
0,-0.204110419937451,0.109690665719521,0.705684492026763,0.275162469655748,-0.0918749033476469,-0.147989224231008,0,0
0,-0.00557070256814068,-0.0958633158780582,0.263987183966292,-0.0095020030507468,-0.157352930415082,-0.138004906958535,0,0
