EGFR,PI3K_AKT,mTOR,MEK_ERK,PKC,TGFb-SMAD,STAT3,DPD_NC,DPD_LB
0,-0.107506715455907,0.0337910524295425,-0.0469993973531317,-0.054907116193076,0.0850262816424729,0,0,0
-0.00125657486035158,0,0.0958434117721522,0.00645207027990837,0,0.0405587099684693,0.0352673015630516,0,0
0,0.0977820030574909,0,0.0885986803845047,0.640104951295228,0,0,0,0
0.036047799643684,-0.292728632087349,-0.404769157314252,0,0,0.229464843600264,0.182869387394076,0,0
-0.0216571007940062,0,0,0,0,0,0,0,0
0.226974851699093,0,0,0,0,0,0,0,0
0.372406367056966,0,0,0,0,0,0,0,0
0,0.667099716653582,0.302187589935733,0.541551275390409,-0.155885846494799,-0.0263369613115761,-0.235889364698699,0,0
0,2.75287810824614,0.972219654915411,0.8726925398718,-0.0472038622101229,0.212941350406098,-2.30945783833365,0,0
