EGFR,PI3K_AKT,mTOR,MEK_ERK,PKC,TGFb-SMAD,STAT3,DPD_NC,DPD_LB
0,0.0305328660628499,-0.0273462937871983,0.0421090797900403,0.0438789422556899,0.0295493514786101,0,0,0
0.00366686982491064,0,0.0318528165961868,-0.0074153058621999,0,0.0288303751035478,-0.0282031570413966,0,0
0,0.638638153187366,0,0.349418377778669,0.866702559925731,0,0,0,0
-0.00948416659936947,0.0208203976933256,-0.000176416898876566,0,0,0.265619657725833,0.143104838064349,0,0
0.0860375190225226,0,0,0,0,0,0,0,0
0.249064778287595,0,0,0,0,0,0,0,0
0.336973296245093,0,0,0,0,0,0,0,0
0,-0.615204304943709,0.0698119426851509,-0.226354555053471,-0.251992805159625,0.0633464564451171,-0.189572016963343,0,0
0,0.367612225117159,0.261743031610181,-0.959189369160303,-0.813882403936494,-0.603476569120425,-0.580697282557586,0,0
