EGFR,PI3K_AKT,mTOR,MEK_ERK,PKC,TGFb-SMAD,STAT3,DPD_NC,DPD_LB
0,-0.0474465066372075,-0.0135220878567911,0.0273285952803517,0.017587245354806,0.214331854582919,0,0,0
0.0469074800544467,0,0.0647693621127175,0.0142667894941058,0,0.12342023707922,0.232370227230026,0,0
0,0.0273838656941874,0,0.0337964184972049,0.404087939581804,0,0,0,0
0.044544200248648,0.0317242018554016,-0.0341149385157758,0,0,0.0650909349702196,0.0695040166236862,0,0
0.208485137577799,0,0,0,0,0,0,0,0
0.650917226858358,0,0,0,0,0,0,0,0
0.581691814911788,0,0,0,0,0,0,0,0
0,0.0354484423762716,0.0258886155593607,0.3267784327103,0.590003571632872,-0.283122599781037,-0.394618877266086,0,0
0,-12.6323154094803,-3.80581618584032,-1.45934636585245,0.266450703781475,1.10676692295957,-12.7817251026333,0,0
