EGFR,PI3K_AKT,mTOR,MEK_ERK,PKC,TGFb-SMAD,STAT3,DPD_NC,DPD_LB
0,0.0210728103934514,-0.0468420681399022,-0.109858105606246,-0.0181276097632126,0.122240507695735,0,0,0
-0.114231857659099,0,-0.0537541771242126,0.182366033050901,0,0.0954966083939301,-0.0293729317819817,0,0
0,0.217514610017114,0,0.206326599438591,0.770445427098496,0,0,0,0
-0.0222378083351274,0.118170944033364,-0.0384801468788037,0,0,0.307129201089052,-0.0152758881926702,0,0
0.174458857876809,0,0,0,0,0,0,0,0
1.05704653860216,0,0,0.317782281507666,0,0,0,0,0
0.955932166372284,0,0,-0.0518126169387123,0,0,0,0,0
0,-0.719164808809281,0.0306635165529646,1.05797936980618,1.34376272287983,-1.59636394610856,1.90705219825241,0,0
0,2.88584570732373,-0.813325369749132,0.694619793107775,-11.2979724740324,4.81255456088537,-10.2049433081308,0,0
