EGFR,PI3K_AKT,mTOR,MEK_ERK,PKC,TGFb-SMAD,STAT3,DPD_NC,DPD_LB
0,0.535553115515237,0.535705468623042,0.537134198795647,0.53040425629547,0.530666405631462,0,0,0
0.52298599190189,0,0.510003392744318,0.514308576729644,0,0.513990009486272,0.509177933786684,0,0
0,0.604723528166063,0,0.604580113326317,0.609354185811035,0,0,0,0
0.500932077817122,0.49257867826174,0.500454733126553,0,0,0.493327542014969,0.497115246586577,0,0
0.056432934269354,0,0,0,0,0,0,0,0
0.0733997929457639,0,0,0,0,0,0,0,0
0.0854331730792209,0,0,0,0,0,0,0,0
0,0.479967115292651,0.479179028852665,0.477415176476565,0.477991959356528,0.471678142980635,0.473791362635433,0,0
0,0.472357942494108,0.476993478033425,0.478964908741488,0.482409843404021,0.484262025567063,0.481232350820342,0,0
