EGFR,PI3K_AKT,mTOR,MEK_ERK,PKC,TGFb-SMAD,STAT3,DPD_NC,DPD_LB
0,0.545018664494074,0.543838152947959,0.543058540950631,0.537633258964602,0.551010643844685,0,0,0
0.507024324644563,0,0.501972098123987,0.500315798675457,0,0.501783251599281,0.500423530400101,0,0
0,0.642568545901621,0,0.643103636768271,0.65049952813334,0,0,0,0
0.508337179499748,0.508462866243673,0.507179555452175,0,0,0.505963720865419,0.510120794622176,0,0
0.0574708099815338,0,0,0,0,0,0,0,0
0.0724705954926958,0,0,0,0,0,0,0,0
0.0753206758904587,0,0,0,0,0,0,0,0
0,0.452285556336029,0.450763320896574,0.451281157575745,0.451246670453175,0.44941765977292,0.450873235365416,0,0
0,0.465126442296043,0.465015993193891,0.469475805073249,0.46918430627164,0.46913420956617,0.469786341542265,0,0
