EGFR,PI3K_AKT,mTOR,MEK_ERK,PKC,TGFb-SMAD,STAT3,DPD_NC,DPD_LB
0,-0.0956757903332836,-0.0121406181106289,0.0484473275295856,0.0355989714909386,0.187927001768274,0,0,0
0.000311356366521534,0,0.110409274318375,-0.0270400448264945,0,-0.031623602382028,-0.0607084996889555,0,0
0,0.499392627016419,0,0.265127169439964,0.259587302269543,0,0,0,0
0.417815508531924,0.119850241834953,0.488054405739131,0,0,0.268525514330234,-0.230016072498791,0,0
0.0227498791663323,0,0,0,0,0,0,0,0
0.510269000068795,0,0,0,0,0,0,0,0
0.407625793304741,0,0,0,0,0,0,0,0
0,0.104421858733519,-0.255189657477219,-0.0595409336634682,0.256888447622835,-0.264346602763157,-0.267602028794747,0,0
0,0.739231716817446,0.797215511235326,0.280641760368679,1.2795293261492,-0.477408113151822,-0.80058689084152,0,0
