EGFR,PI3K_AKT,mTOR,MEK_ERK,PKC,TGFb-SMAD,STAT3,DPD_NC,DPD_LB
0,0.531576172608512,0.536103417649893,0.531204571637867,0.542201915158448,0.532505453204795,0,0,0
0.469529969636012,0,0.479886866085978,0.473363539324343,0,0.473254088801758,0.473638720982089,0,0
0,0.620680598478579,0,0.612042893782151,0.613120175505282,0,0,0,0
0.465631176843598,0.465678535456046,0.469168766373575,0,0,0.475128470702616,0.464808262041939,0,0
0.0657561779722356,0,0,0,0,0,0,0,0
0.0841743808502339,0,0,0,0,0,0,0,0
0.0886557352000898,0,0,0,0,0,0,0,0
0,0.474654987779711,0.475320020688081,0.477549231341352,0.48343736244871,0.467918993035032,0.477709327293735,0,0
0,0.440711441983415,0.448606310326472,0.450363363943101,0.447057654879199,0.443646655267965,0.449098101014171,0,0
