EGFR,PI3K_AKT,mTOR,MEK_ERK,PKC,TGFb-SMAD,STAT3,DPD_NC,DPD_LB
0,0.552585300120761,0.561735790159631,0.555206136588791,0.544618408961018,0.560057645230631,0,0,0
0.505985226933337,0,0.499042786614428,0.500976399215737,0,0.508802309525944,0.507699701032958,0,0
0,0.556909137862412,0,0.554800186023178,0.557031015692795,0,0,0,0
0.471741558606924,0.475569781927613,0.477499702249215,0,0,0.481531387754872,0.478843217283785,0,0
0.0669347947142557,0,0,0,0,0,0,0,0
0.0848638899569808,0,0,0,0,0,0,0,0
0.0861935833544196,0,0,0,0,0,0,0,0
0,0.474930937823544,0.474621533297138,0.465845725640034,0.461890434871974,0.472128002601355,0.47127909259291,0,0
0,0.436937853862,0.439505877708682,0.443364601277427,0.444721720225108,0.434947250030856,0.440341287921279,0,0
