EGFR,PI3K_AKT,mTOR,MEK_ERK,PKC,TGFb-SMAD,STAT3,DPD_NC,DPD_LB
0,-0.136700902925431,-0.0252338369349034,0.0487743292158616,0.044112404720936,0.210957953254155,0,0,0
0.0205383588386039,0,0.028243398340644,0.0123361674598006,0,0.0262848639213269,0.0664840140770456,0,0
0,1.43601173334844,0,0.316019508099253,0.48584506993744,0,0,0,0
0.299600777177455,0.21617144216952,0.3235567294813,0,0,0.292126966706869,0.0820946261068527,0,0
0.0736092698439533,0,0,0,0,0,0,0,0
0.856431308437009,0,0,0,0,0,0,0,0
0.897318723931655,0,0,0,0,0,0,0,0
0,0.0769634954906751,-0.470829526745494,-0.305153662026848,0.181931387714549,-0.357105130427661,-0.209874345872751,0,0
0,0.19285613069526,0.669725776454689,0.239527588817983,2.64062924454119,-0.601965191070056,-0.72132879318585,0,0
