EGFR,PI3K_AKT,mTOR,MEK_ERK,PKC,TGFb-SMAD,STAT3,DPD_NC,DPD_LB
0,-0.0443150123788436,0.00890360325421032,0.107333046161128,0.0652366030013538,0.102381033616034,0,0,0
0.345871861280647,0,-0.0746801271163989,-0.0676664695335499,0,0.0502152157752541,-0.204186628940601,0,0
0,1.40659340594791,0,0.206864582888668,0.563501757171323,0,0,0,0
0.0823756937969209,0.0781337706041379,0.0323155702409174,0,0,0.047421183025843,0.0278830983879352,0,0
0.420071314771793,0,0,0,0,0,0,0,0
0.374237121831826,0,0,0.412393426059235,0,0,0,0,0
0.461993079590068,0,0,0.319518813608603,0,0,0,0,0
0,-0.767007582851792,-0.30054952789657,-0.25265546371284,0.198827539584696,-0.218461395205802,0.219135591781344,0,0
0,-0.4078451452281,0.0692952446570795,-1.08813027179316,0.442303773537139,-0.682412268638804,-0.739184136102921,0,0
