EGFR,PI3K_AKT,mTOR,MEK_ERK,PKC,TGFb-SMAD,STAT3,DPD_NC,DPD_LB
0,0.544198653772997,0.552640938272214,0.545913057642998,0.552597698726771,0.54492484072786,0,0,0
0.490029344046334,0,0.480579865886747,0.487941904449678,0,0.484430230944403,0.481980671370147,0,0
0,0.611134949407874,0,0.603379514115933,0.599531064595145,0,0,0,0
0.497972080445549,0.488054951499621,0.4886635271481,0,0,0.490877141681648,0.48660193681437,0,0
0.0698875368681237,0,0,0,0,0,0,0,0
0.359466024469329,0,0,0.362433227298981,0,0,0,0,0
0.362301925148898,0,0,0.363956616601623,0,0,0,0,0
0,0.470746600934778,0.47434430848003,0.476692585287136,0.470772571675329,0.472810233600066,0.472213678655835,0,0
0,0.466823830682309,0.451366656106048,0.461453484267975,0.464206675806405,0.458970967289688,0.467987812045335,0,0
