EGFR,PI3K_AKT,mTOR,MEK_ERK,PKC,TGFb-SMAD,STAT3,DPD_NC,DPD_LB
0,-0.0191860503112505,-0.0407640536747403,0.156191645482481,0.0593219913173452,0.0366807290288524,0,0,0
0.295904977719537,0,-0.179851577077398,-0.242084761533641,0,0.377854929774879,0.218177535069963,0,0
0,0.753530600972235,0,0.0466297677001987,0.400163545713175,0,0,0,0
0.0591342469249953,0.139252826272052,-0.0183359386727782,0,0,0.121499039280257,-0.0953863329732074,0,0
0.797144831655846,0,0,0,0,0,0,0,0
0.363284844923835,0,0,0.236152645554324,0,0,0,0,0
0.746490578100362,0,0,0.140924675358795,0,0,0,0,0
0,-0.56608027513655,-0.339875317154355,0.0183090287952615,0.38562891538033,-0.219496375887707,-0.0457510731772111,0,0
0,-0.73923631531963,0.191298304863777,-1.01280174873079,0.65710203220738,-0.487598969006092,-0.412993866407037,0,0
