EGFR,PI3K_AKT,mTOR,MEK_ERK,PKC,TGFb-SMAD,STAT3,DPD_NC,DPD_LB
0,0.55611021791698,0.552958294925734,0.558550540682016,0.55925184982772,0.549872016117163,0,0,0
0.479477249496755,0,0.484009437618935,0.495689814295587,0,0.486570354465789,0.495484378361599,0,0
0,0.656676952010376,0,0.637524236205936,0.664667894520488,0,0,0,0
0.475834533342186,0.484646365936154,0.480568621757674,0,0,0.480780348724002,0.479863282711374,0,0
0.0658155766653966,0,0,0,0,0,0,0,0
0.338751120000017,0,0,0.322824985272162,0,0,0,0,0
0.271162659851711,0,0,0.246211652208451,0,0,0,0,0
0,0.464887427687022,0.457634613433369,0.463654596127066,0.463796933525922,0.467204783215242,0.46644328465202,0,0
0,0.455869048884747,0.454843628834331,0.454281412026456,0.450570044355145,0.456806488555864,0.454105224007796,0,0
