EGFR,PI3K_AKT,mTOR,MEK_ERK,PKC,TGFb-SMAD,STAT3,DPD_NC,DPD_LB
0,0.521533724515427,0.51814307362209,0.521956581232659,0.529027644972982,0.518913060330016,0,0,0
0.499669895030714,0,0.497765143777576,0.497663726400468,0,0.495021073669338,0.495572588569953,0,0
0,0.60648612546451,0,0.611665989999497,0.603902728055765,0,0,0,0
0.489706919513438,0.481789993008664,0.484994201746233,0,0,0.491585984903809,0.485886279478555,0,0
0.0676072680595294,0,0,0,0,0,0,0,0
0.086320112768305,0,0,0,0,0,0,0,0
0.0843395827963553,0,0,0,0,0,0,0,0
0,0.465785716775598,0.467642618323889,0.471248980717727,0.468143848427534,0.468964411727953,0.467935255579616,0,0
0,0.430290621218553,0.429584929019593,0.434032449976569,0.435296222668055,0.431267023807116,0.434287136609445,0,0
