EGFR,PI3K_AKT,mTOR,MEK_ERK,PKC,TGFb-SMAD,STAT3,DPD_NC,DPD_LB
0,0.120134831508239,0.129647338157242,-0.00670425979649852,0.0513378715639555,0.236525998880388,0,0,0
0.0866755101324795,0,-0.0890224872026877,0.0071720793467331,0,0.0371717781830499,0.0464495301309113,0,0
0,-0.0928344604611711,0,0.235125636104168,0.54048718714924,0,0,0,0
0.197054109664327,0.036851176208833,-0.105137408540521,0,0,0.140140657435443,0.119256814660555,0,0
0,0,0,0,0,0,0,0,0
0,0,0,0,0,0,0,0,0
0,0,0,0,0,0,0,0,0
0,-0.909618312986851,0.15415119646901,-0.00366307408233474,-0.340800119012431,-0.794928794551904,-0.500225226502314,0,0
0,-11.0719093835387,-2.30135643843075,3.1829636073948,4.17194082172328,-7.44493834855644,-8.28017964005423,0,0
