EGFR,PI3K_AKT,mTOR,MEK_ERK,PKC,TGFb-SMAD,STAT3,DPD_NC,DPD_LB
0,0.144302985736825,0.0118229759139267,0.0010359950108894,0.120462389682359,0.203599843926302,0,0,0
0.35011872358899,0,-0.071983901741292,0.0127154928885204,0,-0.0656965639545201,0.0362890056450568,0,0
0,-0.0682285613808429,0,0.0781035287522995,0.33976494212111,0,0,0,0
0.459767041651556,0.25425473097938,-0.143527703704824,0,0,-0.105789336548085,-0.0820118295278914,0,0
0,0,0,0,0,0,0,0,0
0,0,0,0,0,0,0,0,0
0,0,0,0,0,0,0,0,0
0,-0.29664750394436,-0.528812045423263,0.372964287988035,-0.196040624107719,-0.394106650741828,-0.217266554997209,0,0
0,-0.0893467575225806,1.49096072502046,1.03198843041697,-0.134812300688986,-0.860490556895792,-1.33450620818707,0,0
