EGFR,PI3K_AKT,mTOR,MEK_ERK,PKC,TGFb-SMAD,STAT3,DPD_NC,DPD_LB
0,0.527731620194142,0.514376508249298,0.521999370938372,0.531065786015371,0.513782506336986,0,0,0
0.481624899392118,0,0.485857525366521,0.474885817060599,0,0.469596861128963,0.479994447118564,0,0
0,0,0,0,0,0,0,0,0
0.480860548499638,0.470480569695202,0.483683660338212,0,0,0.470171200793271,0.468668153827308,0,0
0.0724288426688258,0,0,0,0,0,0,0,0
0.0909448116541818,0,0,0,0,0,0,0,0
0.0955993210481418,0,0,0,0,0,0,0,0
0,0.465757500259219,0.456403798063736,0.467452170031189,0.460782289184001,0.463982213435649,0.46298980262948,0,0
0,0.452537238992896,0.464050352362191,0.461311482966304,0.45987606873815,0.449117698679983,0.45130486443419,0,0
