EGFR,PI3K_AKT,mTOR,MEK_ERK,PKC,TGFb-SMAD,STAT3,DPD_NC,DPD_LB
0,-0.0609559445632175,0.0437986070549425,0.0450268693891107,0.0929856952669021,0.108429472090522,0,0,0
0.598885709793337,0,-0.0275519160137322,0.275846811731354,0,0.0391861617138967,0.0201152183658938,0,0
0,0,0,0,0,0,0,0,0
0.221258859258905,0.36321329422506,-0.0835976779622558,0,0,0.249332616419275,0.0597776845562233,0,0
0.44293525785982,0,0,0,0,0,0,0,0
0.723772112948657,0,0,0,0,0,0,0,0
0.832662094655646,0,0,0,0,0,0,0,0
0,-0.141854680301698,-0.19278361263969,0.400588786030475,0.175101628099573,-0.683206495015787,-0.207547765070892,0,0
0,0.433823230779424,0.464677731366993,0.308570828385563,0.0713091816853869,-0.209019596675819,-0.526656804739423,0,0
