EGFR,PI3K_AKT,mTOR,MEK_ERK,PKC,TGFb-SMAD,STAT3,DPD_NC,DPD_LB
0,8.88178419700126e-16,8.88178419700126e-16,8.88178419700126e-16,8.88178419700126e-16,8.88178419700126e-16,0,0,0
1.33226762955019e-15,0,1.33226762955019e-15,1.33226762955019e-15,0,1.33226762955019e-15,1.33226762955019e-15,0,0
0,0,0,0,0,0,0,0,0
2.22044604925031e-16,2.22044604925031e-16,2.22044604925031e-16,0,0,2.22044604925031e-16,2.22044604925031e-16,0,0
8.88178419700126e-16,0,0,0,0,0,0,0,0
1.77635683940025e-15,0,0,0,0,0,0,0,0
2.22044604925031e-16,0,0,0,0,0,0,0,0
0,9.99200722162641e-16,9.99200722162641e-16,9.99200722162641e-16,9.99200722162641e-16,9.99200722162641e-16,9.99200722162641e-16,0,0
0,2.22044604925031e-16,2.22044604925031e-16,2.22044604925031e-16,2.22044604925031e-16,2.22044604925031e-16,2.22044604925031e-16,0,0
