EGFR,PI3K_AKT,mTOR,MEK_ERK,PKC,TGFb-SMAD,STAT3,DPD_NC,DPD_LB
0,0.0566302292695305,0.0455664741903253,0.0339734163655973,-0.0849901497770235,0.120059339129993,0,0,0
0.27943696709246,0,-0.0486757783401842,-0.0152246557476509,0,0.158127434740367,0.103161105303673,0,0
0,0.03170152592416,0,0,-0.0484176472187305,0,0,0,0
0.246638572225282,0.299891001609247,0.0414209260940411,0,0,0.16824650587833,0.026372843164056,0,0
0.135540124242139,0,0,0,0,0,0,0,0
0.236070644015673,0,0,0,0,0,0,0,0
0.256971381926307,0,0,0,0,0,0,0,0
0,-0.141039594915889,0.384263718635874,0.2896859051824,-0.213490752184485,-0.626980536093924,-0.033106667802411,0,0
0,0.233136151398461,-0.13698097148758,0,0.165609762403078,-0.452577335482927,-0.260240629285314,0,0
