EGFR,PI3K_AKT,mTOR,MEK_ERK,PKC,TGFb-SMAD,STAT3,DPD_NC,DPD_LB
0,0.4940227381622,0.495839477527452,0.482034852376986,0.492927004499042,0.491339034738484,0,0,0
0.503573419215698,0,0.500401736503705,0.507848454455197,0,0.503921627163318,0.499972379337922,0,0
0,0.265131268974972,0,0,0.267806898739599,0,0,0,0
0.492054683173421,0.493364543352383,0.493664323546013,0,0,0.490252495722514,0.486371397115256,0,0
0.0671912610909772,0,0,0,0,0,0,0,0
0.0889019504400365,0,0,0,0,0,0,0,0
0.0890532166836456,0,0,0,0,0,0,0,0
0,0.475928081731476,0.469892620996337,0.462199143934889,0.463891733899534,0.47364680878033,0.47441981953886,0,0
0,0.57975120198845,0.602637911996374,0,0.583976347860683,0.583655831753974,0.585489653929583,0,0
