EGFR,PI3K_AKT,mTOR,MEK_ERK,PKC,TGFb-SMAD,STAT3,DPD_NC,DPD_LB
0,-0.0648222575870072,-0.0513078783567881,-0.0756297426831252,-0.0228702233637826,0.0502640323023393,0,0,0
0.151063454964599,0,0.0518862238569361,0.129182448185765,0,-0.773317101182581,-0.990481197127397,0,0
0,0.107507994926291,0,0.103316640519418,0.155183566030627,0,0,0,0
0.0264243017342867,0.256735899761679,0.0230959064957581,0,0,0.220756533188984,-0.180254050735774,0,0
-0.363336305798903,0,0,0,0,0,0,0,0
0.32477918670965,0,0,-0.328968102570702,0,0,0,0,0
0.162005094712343,0,0,-0.256737891821932,0,0,0,0,0
0,-0.398435101265263,0.0257689454083052,0.689390254869028,0.527895339674361,-1.10815593039646,0.0359034163920462,0,0
0,0.69991610797571,0.254704415487243,-0.504856907049691,-0.0210466842702755,0.0785463261635569,-0.356199202026696,0,0
