EGFR,PI3K_AKT,mTOR,MEK_ERK,PKC,TGFb-SMAD,STAT3,DPD_NC,DPD_LB
0,0.0133416070150372,0.0429793752850382,0.00633979371802874,-0.0748532435737312,0.0518639039524772,0,0,0
1.97813834929538,0,0.00791456798084386,-0.0849715946791579,0,-0.729990994516433,-0.0789257773924741,0,0
0,0.176086178704043,0,0.120256819895758,0.113377682606805,0,0,0,0
0.784528501847877,0.281781055072143,-0.0262152148884272,0,0,0.178270651093541,0.125174511011815,0,0
1.86568247720508,0,0,0,0,0,0,0,0
0,0,0,0,0,0,0,0,0
0.367119326568523,0,0,0,0,0,0,0,0
0,-0.448977006732177,0.496096405214484,0.344899129487682,0.578795719048131,-0.826679211929978,-0.108345346532606,0,0
0,-0.129652648627416,0.0867920008932112,0.154012775323591,0.399351306744384,-0.581885791483752,-0.0373115588071658,0,0
