EGFR,PI3K_AKT,mTOR,MEK_ERK,PKC,TGFb-SMAD,STAT3,DPD_NC,DPD_LB
0,0.565145277030349,0.564719813597804,0.547636609649322,0.563135150187641,0.56158688783463,0,0,0
0.468151850394041,0,0.477430647641252,0.464760842215006,0,0.474429285447788,0.467210227837805,0,0
0,0,0,0,0,0,0,0,0
0.491833253114619,0.491270896819258,0.483490515796415,0,0,0.486382619449447,0.487616600678171,0,0
0,0,0,0,0,0,0,0,0
0,0,0,0,0,0,0,0,0
0,0,0,0,0,0,0,0,0
0,0.463706750206411,0.461548799109107,0.459953411096235,0.456794322843588,0.4552510057174,0.463273231405242,0,0
0,0.636703311513917,0.626047475112907,0,0.633641214293431,0.626596687070186,0.629317206645437,0,0
