EGFR,PI3K_AKT,mTOR,MEK_ERK,PKC,TGFb-SMAD,STAT3,DPD_NC,DPD_LB
0,0.578288204944331,0.592105982069903,0.580554102600497,0.584905783798626,0.58005154079651,0,0,0
0.502039344077902,0,0.501871510357219,0.499161211494731,0,0.511558929726517,0.504041392345819,0,0
0,0.453944061601112,0,0.441489620669329,0.439690771717024,0,0,0,0
0.493629584966901,0.494473548512901,0.503515131656908,0,0,0.499778334459856,0.500170465576742,0,0
0.0631907909319941,0,0,0,0,0,0,0,0
0,0,0,0,0,0,0,0,0
0.0870975176080405,0,0,0,0,0,0,0,0
0,0.465248696273963,0.465084775396306,0.463462852050664,0.459135844213136,0.468869902634545,0.474139404457689,0,0
0,0.491604924868883,0.492439110666578,0.482920151397022,0.488004732599753,0.485337701853822,0.495349876565796,0,0
