EGFR,PI3K_AKT,mTOR,MEK_ERK,PKC,TGFb-SMAD,STAT3,DPD_NC,DPD_LB
0,0.0220848816170708,0.102617534026494,-0.0233563533229876,0.128867359953287,0.0816189013309147,0,0,0
0.816627201208591,0,-0.273200732341363,0.0176460261971035,0,-0.207389524921897,0.514775368023678,0,0
0,0,0,0,0,0,0,0,0
0.187405586230175,0.0667643966569766,-0.00334252025298724,0,0,0.0947312775856078,0.149950095729723,0,0
0,0,0,0,0,0,0,0,0
0,0,0,0,0,0,0,0,0
0,0,0,0,0,0,0,0,0
0,0.583326357329957,-0.0124002775726499,-0.48457386388696,-1.22967922272024,-0.852813485110133,-1.44394822672319,0,0
0,-0.0761918609526998,0.235333444693778,0,0.0828007859452023,-0.315610920226252,-0.725951067731338,0,0
