EGFR,PI3K_AKT,mTOR,MEK_ERK,PKC,TGFb-SMAD,STAT3,DPD_NC,DPD_LB
0,-0.000950821408610177,-0.0136821603466613,-0.00437175788789095,0.0087088730756367,-0.00345753919898075,0,0,0
-0.000747734380515469,0,-0.0206580683258073,0.124123892111351,0,-0.0662041473161342,0.251222220298541,0,0
0,0.011039783901559,0,0.438899242053403,0.506244453918384,0,0,0,0
-0.00352369289503991,0.140414494496138,0.0710774307263077,0,0,-0.0352372881356868,-0.0456796890584446,0,0
-0.000953616396191492,0,0,0,0,0,0,0,0
0.00110553507915349,0,0,-0.0559687033094359,0,0,0,0,0
-0.00619164003696175,0,0,0.261418666267486,0,0,0,0,0
0,-1.914528059322,4.74596321455461,2.32760118893694,3.58829649177386,-1.09544041470697,-0.968107143781546,0,0
0,0.436562672126243,-0.0624524468339793,-1.51499973703918,0.211444157681023,-0.041481806889437,0.00977678123683595,0,0
