EGFR,PI3K_AKT,mTOR,MEK_ERK,PKC,TGFb-SMAD,STAT3,DPD_NC,DPD_LB
0,0.521798916038878,0.512041666234915,0.509000801446286,0.51322993599446,0.518913958275657,0,0,0
0.483614553177738,0,0.478212609439292,0.485066411982718,0,0.474883380959366,0.484637911767247,0,0
0,0.580695074042164,0,0.580188274324997,0.583818610067617,0,0,0,0
0.493283004864839,0.495510707760117,0.505005879686224,0,0,0.502093243189892,0.501718249802251,0,0
0.0634932475677003,0,0,0,0,0,0,0,0
0.307863822024093,0,0,0.308765875865576,0,0,0,0,0
0.307297759710471,0,0,0.305445880319648,0,0,0,0,0
0,0.420328256334501,0.426170104201314,0.428962318998703,0.428279954429967,0.421690426867396,0.424813392229692,0,0
0,0.472118580401477,0.467907221001883,0.469206486931968,0.475350084534817,0.471499536518911,0.46709555861147,0,0
