EGFR,PI3K_AKT,mTOR,MEK_ERK,PKC,TGFb-SMAD,STAT3,DPD_NC,DPD_LB
0,0.542394479739238,0.546089950690086,0.543882232677675,0.542101048195739,0.537513260069618,0,0,0
0.497865930391082,0,0.502211088222003,0.505900288517481,0,0.509057399990499,0.496042119227187,0,0
0,0.445169760868706,0,0.422256920815487,0.467426733699417,0,0,0,0
0.490581263615425,0.499026256377317,0.494838246789639,0,0,0.499286511897576,0.49816507808834,0,0
0.0586774218184304,0,0,0,0,0,0,0,0
0.0692632538747115,0,0,0,0,0,0,0,0
0.0787848296719257,0,0,0,0,0,0,0,0
0,0.43079228697204,0.430255602420739,0.430814152339017,0.429963509563676,0.42657707644996,0.428136565761825,0,0
0,0.482854460539468,0.485463028513175,0.486080818656079,0.488215105981284,0.475328927564372,0.490823533191138,0,0
