EGFR,PI3K_AKT,mTOR,MEK_ERK,PKC,TGFb-SMAD,STAT3,DPD_NC,DPD_LB
0,-0.00384444116552849,-0.0106284338592101,-0.00189566458917248,0.00545528831794446,0.00938466439754755,0,0,0
0.00243667042767974,0,0.263465754533726,0.650965998544601,0,-0.468373819423882,-0.45756068591419,0,0
0,0.132193291185541,0,-0.0225956434019598,0.249995144366472,0,0,0,0
0.000731824217586315,0.344044869855651,-0.206695404377797,0,0,-0.442468927150907,0.280909549840751,0,0
2.61698939538164e-05,0,0,0,0,0,0,0,0
0.000326497303224714,0,0,0,0,0,0,0,0
-0.000179533035865324,0,0,0,0,0,0,0,0
0,-1.20518327894149,-0.237722959787937,1.17665321798189,1.64428786540163,0.344535162631646,2.66613530517909,0,0
0,0.0375920733659682,0.347657985436455,-0.042505107001621,-0.028355130718872,-0.187280653501418,-0.0952464920781144,0,0
