EGFR,PI3K_AKT,mTOR,MEK_ERK,PKC,TGFb-SMAD,STAT3,DPD_NC,DPD_LB
0,-0.00335684119856105,0.00519140914864992,0.00879965135447656,-0.000747256437968788,-0.00325437013553844,0,0,0
-0.00823807638003649,0,-0.172338909713214,0.466323626579949,0,-0.304882670659408,-0.331942252660595,0,0
0,0.264131077972327,0,-0.0813124267650688,0.464336435994773,0,0,0,0
0.0036196045872035,0.0959179184297806,-0.0796576251024337,0,0,-0.0673439215523069,-0.00966746036918686,0,0
-0.00120865986707307,0,0,0,0,0,0,0,0
-0.00221019645855757,0,0,-0.0264491579748623,0,0,0,0,0
-0.00351813896888369,0,0,0.0100848323658009,0,0,0,0,0
0,-2.01983677111274,0.52499768538539,-3.41542697244617,2.3864160269667,1.14490592909605,0.721426019183206,0,0
0,-0.0205730058979213,0.157145026923011,-0.527739913230071,0.221074982177917,-0.164266557384691,-0.230217528975374,0,0
