EGFR,PI3K_AKT,mTOR,MEK_ERK,PKC,TGFb-SMAD,STAT3,DPD_NC,DPD_LB
0,0.134776569841889,-0.0559380995183837,0.0136213735723325,0.0512371934724464,0.0432702128988419,0,0,0
0.78613293441465,0,0.424367135400776,0.0310986117126871,0,0.49532433456722,-0.285497089233937,0,0
0,0,0,0,0,0,0,0,0
0.502483669439622,0.86608283046237,0.863566237579542,0,0,1.10854786711244,-0.12978774187589,0,0
1.83913544139307,0,0,0,0,0,0,0,0
0.276408489174202,0,0,0,0,0,0,0,0
0.403809448264225,0,0,0,0,0,0,0,0
0,0.083245809926738,0.246636749064446,-0.138426444647676,-0.100060025698314,-0.752571169553587,0.237664451456687,0,0
0,-1.30183330104406,0.18430073496017,-0.947871542772947,0.977859561316088,0.340978856315814,-0.612062777467685,0,0
