EGFR,PI3K_AKT,mTOR,MEK_ERK,PKC,TGFb-SMAD,STAT3,DPD_NC,DPD_LB
0,0.536489335229326,0.538821398887753,0.535124103594691,0.540840077200092,0.541362047771151,0,0,0
0.481451362790085,0,0.471556909925366,0.479733366171505,0,0.475974058795622,0.476698778013763,0,0
0,0,0,0,0,0,0,0,0
0.465384835807828,0.462790169736588,0.465592397448157,0,0,0.463325220730379,0.463407213065176,0,0
0.0686141275514079,0,0,0,0,0,0,0,0
0.422897901592557,0,0,0.333802320693687,0,0,0,0,0
0.0911419108695742,0,0,0,0,0,0,0,0
0,0.461573613877588,0.463684966747524,0.465365865014977,0.465791907191048,0.462854657927559,0.470755878806552,0,0
0,0.466215127788204,0.460326396022655,0.464012333036527,0.470413635370414,0.455056797490542,0.455336385157158,0,0
