EGFR,PI3K_AKT,mTOR,MEK_ERK,PKC,TGFb-SMAD,STAT3,DPD_NC,DPD_LB
0,0.555230629464922,0.571478471919924,0.568697553221324,0.570144808115451,0.566397850012178,0,0,0
0.484878858388946,0,0.485128671616874,0.493760012246992,0,0.488767960557588,0.493347361694229,0,0
0,0,0,0,0,0,0,0,0
0.467967544773427,0.467355409708594,0.459071860118656,0,0,0.458614577628925,0.466759688201126,0,0
0.062703085731637,0,0,0,0,0,0,0,0
0.0815766689423006,0,0,0,0,0,0,0,0
0.0798559946061491,0,0,0,0,0,0,0,0
0,0.493961228384595,0.486698220389751,0.489044605588573,0.481430173602233,0.484931098548587,0.485734005837843,0,0
0,0.433099663280923,0.434326297310251,0.431125754547299,0.433052436547144,0.431136925087152,0.43064835689037,0,0
