EGFR,PI3K_AKT,mTOR,MEK_ERK,PKC,TGFb-SMAD,STAT3,DPD_NC,DPD_LB
0,-0.00619452708963888,-0.00306956945960292,-0.0107865243659894,0.00687716989650664,0.00372430887334738,0,0,0
0.00017826340273123,0,0.188412692558322,-0.0426632767387461,0,1.52916895495586,-0.740312221128167,0,0
0,0.357030793396927,0,0.142382862602731,0.618289604960602,0,0,0,0
0.00306058305614753,0.389846367772467,0.383797700984344,0,0,-0.241487605146461,-0.460287617030139,0,0
0.000843929084007952,0,0,0,0,0,0,0,0
-0.00151575377939422,0,0,0,0,0,0,0,0
-0.000986050748687382,0,0,0.0363646962722989,0,0,0,0,0
0,-0.532409467389031,0.0843532343251053,0.247661774460192,0.480619583318234,-0.114150540110888,0.0434797491740824,0,0
0,-0.0586831054230255,0.0108611337407253,0.302647840343852,0.00471411887533147,-0.054600342705646,0.0509591258642951,0,0
