EGFR,PI3K_AKT,mTOR,MEK_ERK,PKC,TGFb-SMAD,STAT3,DPD_NC,DPD_LB
0,-0.000631961253912686,0.00983796659308915,-0.00584753088723762,-0.00755670077750746,0.0112082822467998,0,0,0
0.00747484662008879,0,0.228641545889987,0.0833685584702149,0,0.449602275745682,-0.356560303076807,0,0
0,0,0,0,0,0,0,0,0
-0.00153236849953091,0.361960204099717,0.203002767583219,0,0,-0.127150284200366,-0.109880607920289,0,0
-0.00103329763570009,0,0,0,0,0,0,0,0
0.000714662470951571,0,0,0,0,0,0,0,0
0.000432678319673791,0,0,0,0,0,0,0,0
0,-0.049450927480636,0.49407876430112,-1.14321928365808,-0.723052061875706,-0.048331019273358,0.0544147893743711,0,0
0,-0.131945810500899,0.29666658979295,0.311936992189802,-0.0590304359067146,-0.219952767107708,-0.0300014673893551,0,0
