EGFR,PI3K_AKT,mTOR,MEK_ERK,PKC,TGFb-SMAD,STAT3,DPD_NC,DPD_LB
0,4.44089209850063e-16,4.44089209850063e-16,4.44089209850063e-16,4.44089209850063e-16,4.44089209850063e-16,0,0,0
2.22044604925031e-16,0,2.22044604925031e-16,2.22044604925031e-16,0,2.22044604925031e-16,2.22044604925031e-16,0,0
0,4.44089209850063e-16,0,4.44089209850063e-16,4.44089209850063e-16,0,0,0,0
0,0,0,0,0,0,0,0,0
4.44089209850063e-16,0,0,0,0,0,0,0,0
0,0,0,0,0,0,0,0,0
8.88178419700126e-16,0,0,0,0,0,0,0,0
0,2.22044604925031e-16,2.22044604925031e-16,2.22044604925031e-16,2.22044604925031e-16,2.22044604925031e-16,2.22044604925031e-16,0,0
0,5.55111512312578e-16,5.55111512312578e-16,5.55111512312578e-16,5.55111512312578e-16,5.55111512312578e-16,5.55111512312578e-16,0,0
