EGFR,PI3K_AKT,mTOR,MEK_ERK,PKC,TGFb-SMAD,STAT3,DPD_NC,DPD_LB
0,0.0589127137964328,0.0633079961656757,0.0609551663420359,-0.0627990318789162,0.199756132012072,0,0,0
0.250951358224251,0,0.0463084212242323,0.110963933387046,0,0.0477633193030263,-0.00498911876800513,0,0
0,0.0202456344570224,0,0.078376823930689,0.0553507250860231,0,0,0,0
0.573068344011416,0.734084368459656,-0.107066865975486,0,0,0.305369647650485,-0.137984686370776,0,0
1.00627560056042,0,0,0,0,0,0,0,0
0.829875110890544,0,0,0,0,0,0,0,0
0.807055557072157,0,0,0,0,0,0,0,0
0,-1.99522816935025,3.85483816397304,1.60101904983031,1.10437823237789,-2.00162919233339,-1.35899701654963,0,0
0,-1.05107622736566,0.29395884407018,-0.261708883204764,-1.82427904905421,0.408698226843552,0.856814242739905,0,0
