EGFR,PI3K_AKT,mTOR,MEK_ERK,PKC,TGFb-SMAD,STAT3,DPD_NC,DPD_LB
0,0.510819472833071,0.508830804112999,0.517615543544392,0.509282131875351,0.510125479656468,0,0,0
0.494522521035071,0,0.495625479371836,0.507359021685012,0,0.502890172884517,0.5063267877538,0,0
0,0.611393530130756,0,0.6089074786931,0.603595045004628,0,0,0,0
0.470494983677081,0.471022792847188,0.464569755027242,0,0,0.473246498190724,0.464313889348474,0,0
0.065447132292693,0,0,0,0,0,0,0,0
0.086973806482472,0,0,0,0,0,0,0,0
0.0896806558228461,0,0,0,0,0,0,0,0
0,0.420894960699735,0.438376048221684,0.430560176885813,0.43682592695765,0.431724513087745,0.427779883057793,0,0
0,0.404974395230964,0.416344773005841,0.408796600107726,0.411868725931018,0.415037060945268,0.410518918727749,0,0
