EGFR,PI3K_AKT,mTOR,MEK_ERK,PKC,TGFb-SMAD,STAT3,DPD_NC,DPD_LB
0,0.513502261257252,0.502013848539435,0.501609802719828,0.506946348445222,0.504274826109218,0,0,0
0.481729171716335,0,0.490782888404523,0.484218053236315,0,0.489150199189751,0.489644887187824,0,0
0,0.609258337678178,0,0.604719508464186,0.606995922053034,0,0,0,0
0.465427122498726,0.4619145297768,0.464147483248414,0,0,0.454101972999184,0.456971489273371,0,0
0.0764581914564425,0,0,0,0,0,0,0,0
0.0983733274525662,0,0,0,0,0,0,0,0
0.103690467306425,0,0,0,0,0,0,0,0
0,0.412829195454362,0.417533085467502,0.419445582098556,0.417964234385438,0.416878495169893,0.414708698600266,0,0
0,0.437429098236799,0.439936447399961,0.433662243050272,0.441771772125623,0.43130227753031,0.433657577237613,0,0
