EGFR,PI3K_AKT,mTOR,MEK_ERK,PKC,TGFb-SMAD,STAT3,DPD_NC,DPD_LB
0,0.0827266999958856,0.027089713288164,-0.00289935728881125,0.0439067010568814,0.278671061847826,0,0,0
0.214116078298847,0,0.0162759765270029,0.0567161169158013,0,-0.0865677821164103,0.136424124020651,0,0
0,0.129502225919605,0,0.0347269279107797,0.233644699141782,0,0,0,0
0.544994530658623,0.338889155169617,0.227106595979684,0,0,-0.0279377391793606,-0.105746901936571,0,0
0.251923837901599,0,0,0,0,0,0,0,0
0.928911181629378,0,0,0,0,0,0,0,0
0.797763417230482,0,0,0,0,0,0,0,0
0,6.15841532291058,-40.254789715628,14.4630490937585,20.7955376229132,19.3151542021695,38.2626289716003,0,0
0,7.8209313568823,2.91777238344658,-0.617942074936181,2.41737903266163,-2.29777227491958,1.41096256703992,0,0
