EGFR,PI3K_AKT,mTOR,MEK_ERK,PKC,TGFb-SMAD,STAT3,DPD_NC,DPD_LB
0,0.588479935990193,0.594730384898709,0.588255225637517,0.592306270503901,0.593297214202105,0,0,0
0.523072081730311,0,0.519193678512612,0.520993600930442,0,0.517845318908235,0.511717300213969,0,0
0,0,0,0,0,0,0,0,0
0.497826651030761,0.50727949364573,0.505579468514221,0,0,0.506763102561473,0.505304532564047,0,0
0.055264928405479,0,0,0,0,0,0,0,0
0.0696044636707547,0,0,0,0,0,0,0,0
0.0735995316201245,0,0,0,0,0,0,0,0
0,0.459171146659314,0.456229233493264,0.458310045932102,0.461344676462923,0.45320663280227,0.454743170515236,0,0
0,0.486440363942706,0.495014511987579,0.491000850994211,0.495232294831453,0.486678450892999,0.485435800831502,0,0
