EGFR,PI3K_AKT,mTOR,MEK_ERK,PKC,TGFb-SMAD,STAT3,DPD_NC,DPD_LB
0,0.580743306783319,0.578621583022943,0.575480827898763,0.579284750017936,0.574955843782101,0,0,0
0.521654671878672,0,0.5276893612792,0.524461354528097,0,0.527889699982654,0.524928297757493,0,0
0,0.620736447369458,0,0.622019423694599,0.621538715613421,0,0,0,0
0.499784198140969,0.507768589489106,0.506052379957096,0,0,0.50560734083591,0.505922531505173,0,0
0.0600444654756291,0,0,0,0,0,0,0,0
0.077420692299537,0,0,0,0,0,0,0,0
0.0762918771766359,0,0,0,0,0,0,0,0
0,0.483946964356599,0.477981164028067,0.474429266685121,0.480041708349285,0.474127775335649,0.477282988801924,0,0
0,0.479303168188666,0.478263875356125,0.477033417839707,0.482065772101232,0.47979662350051,0.487608551459164,0,0
