EGFR,PI3K_AKT,mTOR,MEK_ERK,PKC,TGFb-SMAD,STAT3,DPD_NC,DPD_LB
0,0.0312124526847297,0.0947151498961567,0.0182633925259596,0.0287977998831066,0.111666427152087,0,0,0
0.660773928597125,0,0.338590796105384,0.0726988978945449,0,-0.379797866750119,0.0751342980664526,0,0
0,0,0,0,0,0,0,0,0
0.654634003779186,0.788885252548855,-0.0144266073355205,0,0,0.0265491088277016,0.338039572303431,0,0
1.11678016671614,0,0,0,0,0,0,0,0
0.566907451064353,0,0,0.221943877467453,0,0,0,0,0
0.941668988646047,0,0,0,0,0,0,0,0
0,-0.202977123763864,-0.478301981756852,0.068334548724082,-0.13261631507618,-1.16430553224009,-0.409839565939415,0,0
0,-0.725161037704382,0.0870765032892721,-0.488839972141589,0.348776615531151,-0.234393261895061,0.0913532392895165,0,0
