EGFR,PI3K_AKT,mTOR,MEK_ERK,PKC,TGFb-SMAD,STAT3,DPD_NC,DPD_LB
0,0.530054543787397,0.524984520443371,0.523570734299706,0.522933299470974,0.524146760769451,0,0,0
0.481808865204215,0,0.484146127301953,0.48089597519676,0,0.487837557197089,0.482485007287763,0,0
0,0.35704078979055,0,0.260982678221506,0.367456466055723,0,0,0,0
0.461456726772493,0.460503714512615,0.457570951462721,0,0,0.459439737965946,0.462640345700481,0,0
0.0722953239941583,0,0,0,0,0,0,0,0
0.0941099004495189,0,0,0,0,0,0,0,0
0.0949863377937828,0,0,0,0,0,0,0,0
0,0.427097659833305,0.42306238889833,0.414611074080607,0.422185229606068,0.418568059742818,0.421563607444239,0,0
0,0.440440329832587,0.439046518724465,0.439746193416649,0.439279202364434,0.440649457726699,0.443745080223301,0,0
