EGFR,PI3K_AKT,mTOR,MEK_ERK,PKC,TGFb-SMAD,STAT3,DPD_NC,DPD_LB
0,0.535723410944816,0.533332350785307,0.535035557640229,0.526499859790821,0.538592247756663,0,0,0
0.486757822587976,0,0.50234784646072,0.486218026002771,0,0.492821480380302,0.492417076169085,0,0
0,0,0,0,0,0,0,0,0
0.474590250151431,0.480420700197387,0.479481421122084,0,0,0.481515659606274,0.478387025353719,0,0
0.0622525893024632,0,0,0,0,0,0,0,0
0.0798803951726272,0,0,0,0,0,0,0,0
0.0771068186576079,0,0,0,0,0,0,0,0
0,0.503687997723145,0.500617559809838,0.498907701677926,0.497024569221752,0.495304431389242,0.499505214660431,0,0
0,0.479886423921073,0.484756099133838,0.489783940635357,0.485539373041981,0.481482217276458,0.480948457986491,0,0
