EGFR,PI3K_AKT,mTOR,MEK_ERK,PKC,TGFb-SMAD,STAT3,DPD_NC,DPD_LB
0,0.115977813713595,0.0140214897711965,0.011272091214888,-0.00541062020120525,0.151584111908402,0,0,0
0.0870278366991914,0,0.00954766795214956,0.0844864226281941,0,-0.133176878192184,0.180110042749372,0,0
0,0.124277835579835,0,0.102606998155536,0.325250747146222,0,0,0,0
0.616715645551485,0.725662382238409,0.0774294815764102,0,0,-0.533011138718683,-0.194977915562146,0,0
0.567304358289863,0,0,0,0,0,0,0,0
0.0918398546931037,0,0,0,0,0,0,0,0
0.341083695936969,0,0,0,0,0,0,0,0
0,-0.618108229269045,0.250889948595232,1.34427776301142,-2.44584168082796,0.118182748577708,-0.155797865919655,0,0
0,8.23160565360295,10.6909136949428,-0.685124362191709,4.29048373976607,-1.60196132144925,6.69978652517059,0,0
