EGFR,PI3K_AKT,mTOR,MEK_ERK,PKC,TGFb-SMAD,STAT3,DPD_NC,DPD_LB
0,0.104768623759518,0.0166675199538576,-0.0129463851984222,-0.0490457107719701,0.0801099806328387,0,0,0
0.209101827057499,0,-0.190170850899827,-0.127590906924413,0,-0.222903768328665,0.195861457927023,0,0
0,0,0,0,0,0,0,0,0
0.0547252077659166,0.240396456915419,0.00296839616197569,0,0,-0.0787053742771661,-0.0618007125865818,0,0
0.517462063990534,0,0,0,0,0,0,0,0
0.611662209655325,0,0,0,0,0,0,0,0
0.554118459926516,0,0,0,0,0,0,0,0
0,0.0652389102991416,0.0530808186386077,-0.135043177875525,-0.0429444750099008,-0.54770397360794,0.848898888258325,0,0
0,-0.302346531341852,0.281822239240193,-0.449708143163796,0.298187597322794,-0.109246073108975,-0.726099616956014,0,0
