EGFR,PI3K_AKT,mTOR,MEK_ERK,PKC,TGFb-SMAD,STAT3,DPD_NC,DPD_LB
0,0.528681413243577,0.525673271683595,0.534066854718012,0.545614200956485,0.536815736049147,0,0,0
0.484936421716497,0,0.479200181216129,0.484728745262702,0,0.481365541439833,0.482170462804189,0,0
0,0,0,0,0,0,0,0,0
0.482938447527228,0.478881028874194,0.474811297375583,0,0,0.479540209745648,0.47432879831024,0,0
0.0683245294162624,0,0,0,0,0,0,0,0
0.275760875815704,0,0,0.24824974087914,0,0,0,0,0
0.337753316747448,0,0,0.314462620206717,0,0,0,0,0
0,0.458107376531982,0.453732232933007,0.455280751030584,0.45949134135427,0.461478151058603,0.456856719426846,0,0
0,0.476369887502479,0.479039888388891,0.46945170744015,0.47316182919426,0.481511528804155,0.473629669249072,0,0
