EGFR,PI3K_AKT,mTOR,MEK_ERK,PKC,TGFb-SMAD,STAT3,DPD_NC,DPD_LB
0,0.0581312939221592,-0.0306606064932639,0.0197736201056407,0.0939807161658976,0.0461207830164455,0,0,0
0.235186294581394,0,0.157824692217627,0.0105670226689732,0,0.560033284266985,0.107358924420136,0,0
0,0.902991725252099,0,0.333637047134842,1.02611212179533,0,0,0,0
1.01882440766882,1.00253537561642,0.142052626661574,0,0,0.127635861862886,-0.861566370392726,0,0
0.874627198345899,0,0,0,0,0,0,0,0
-0.0799019155670913,0,0,0,0,0,0,0,0
-0.196345179835617,0,0,0,0,0,0,0,0
0,-1.37507635967418,-0.0856463275472342,0.277388919815931,0.169105081378127,-0.289024565772788,0.470722677828467,0,0
0,-0.712993783090079,0.416535192304281,0.259592002724657,0.522997862834665,-0.210241180026721,0.236344011503133,0,0
