EGFR,PI3K_AKT,mTOR,MEK_ERK,PKC,TGFb-SMAD,STAT3,DPD_NC,DPD_LB
0,0.547485683866851,0.539248525530624,0.55393879927187,0.543594695001265,0.535792714004562,0,0,0
0.489881140428016,0,0.487974724015175,0.489098244263497,0,0.493141157154882,0.49842243863878,0,0
0,0.638975212069712,0,0.645059701206818,0.641616885383869,0,0,0,0
0.500496282120699,0.503357095191189,0.505909204315039,0,0,0.497883133055881,0.50039707466752,0,0
0.0647066698076247,0,0,0,0,0,0,0,0
0.0922436499791899,0,0,0,0,0,0,0,0
0.0926668910631008,0,0,0,0,0,0,0,0
0,0.473233857757915,0.468016133648872,0.484032592756172,0.472955347239027,0.47733966437642,0.477012498088852,0,0
0,0.485342425133931,0.488686050699829,0.495631103868969,0.483433502250061,0.487624784953406,0.487258596858411,0,0
