EGFR,PI3K_AKT,mTOR,MEK_ERK,PKC,TGFb-SMAD,STAT3,DPD_NC,DPD_LB
0,0.587190555045148,0.570674889950764,0.585016655794066,0.580583182881833,0.586662655984535,0,0,0
0.492482195136749,0,0.494180413383595,0.491533637628835,0,0.489015007593321,0.492070699550556,0,0
0,0,0,0,0,0,0,0,0
0.505871928383746,0.512410764593084,0.507683066709796,0,0,0.507855192657263,0.511571865500591,0,0
0.0632876902115409,0,0,0,0,0,0,0,0
0.0897507233911113,0,0,0,0,0,0,0,0
0.0875402973301329,0,0,0,0,0,0,0,0
0,0.51231399008791,0.518648350263794,0.520114380381435,0.512129495652238,0.509445546271327,0.513570483137303,0,0
0,0.506198928545269,0.497276019459136,0.50045838005569,0.508359186183361,0.503413133178346,0.507330749508078,0,0
