EGFR,PI3K_AKT,mTOR,MEK_ERK,PKC,TGFb-SMAD,STAT3,DPD_NC,DPD_LB
0,0.0187942698133621,0.0753830700169232,-0.0334431485798204,0.0198445039964038,0.124871143213314,0,0,0
0.160139437216898,0,0.0552902858390562,0.0486022262950038,0,0.104645645958894,0.0388248266173106,0,0
0,0.733623838855194,0,0.114436333456189,0.324744878816156,0,0,0,0
1.47367241592604,0.680027512114807,0.45958263200211,0,0,-0.303837212321616,-0.480513438074881,0,0
1.14159301842163,0,0,0,0,0,0,0,0
0,0,0,0,0,0,0,0,0
0,0,0,0,0,0,0,0,0
0,-1.0387642241759,0.629940166733634,-0.0123577077142218,0.537008240267969,-0.888479807150105,-0.505172811242067,0,0
0,0.219935372064085,0.283314056028023,-0.0718050679428167,-0.328990048451371,-0.16880946950785,-0.15169567124383,0,0
