EGFR,PI3K_AKT,mTOR,MEK_ERK,PKC,TGFb-SMAD,STAT3,DPD_NC,DPD_LB
0,0.550881071970143,0.548332892735155,0.547997353027234,0.542166811364277,0.551542507618882,0,0,0
0.504065713972238,0,0.497682231340983,0.492383538493123,0,0.489652383279236,0.493453608505602,0,0
0,0.562145548052857,0,0.565396301630297,0.567493682760375,0,0,0,0
0.457723510298864,0.457968142370967,0.46159923566161,0,0,0.461430142362491,0.465215167113625,0,0
0.0652528453314886,0,0,0,0,0,0,0,0
0.0840826002851413,0,0,0,0,0,0,0,0
0.0808152408432527,0,0,0,0,0,0,0,0
0,0.478714881058526,0.480877227134249,0.479293298969552,0.468852427517962,0.471854225521479,0.477933760742948,0,0
0,0.474905063246525,0.474030034294537,0.470192388502608,0.472924592888736,0.465319600009156,0.472499440907267,0,0
