EGFR,PI3K_AKT,mTOR,MEK_ERK,PKC,TGFb-SMAD,STAT3,DPD_NC,DPD_LB
0,1,1,1,1,1,0,0,0
1,0,1,1,0,1,1,0,0
0,0.114112422739895,0,0.114112422739895,0.114112422739895,0,0,0,0
1,1,1,0,0,1,1,0,0
1,0,0,0,0,0,0,0,0
1,0,0,1,0,0,0,0,0
1,0,0,1,0,0,0,0,0
0,1,1,1,1,1,1,0,0
0,1,1,1,1,1,1,0,0
