EGFR,PI3K_AKT,mTOR,MEK_ERK,PKC,TGFb-SMAD,STAT3,DPD_NC,DPD_LB
0,0.544181086701594,0.547441870119576,0.541041222868588,0.548169773910306,0.541373994372874,0,0,0
0.485904864061795,0,0.496806430598732,0.493078344517053,0,0.491610107360331,0.494474097285903,0,0
0,0,0,0,0,0,0,0,0
0.488093660187313,0.479111171228819,0.473075113602547,0,0,0.479478009184038,0.492777332074179,0,0
0.0595599704302395,0,0,0,0,0,0,0,0
0.0874318003809101,0,0,0,0,0,0,0,0
0.0810204284219002,0,0,0,0,0,0,0,0
0,0.481726981612001,0.481100348443524,0.481883521544078,0.480941282884836,0.482733322725891,0.474511785112696,0,0
0,0.48742555175329,0.487054542685423,0.485625918125583,0.498057714295616,0.487648946636691,0.487229749063997,0,0
