EGFR,PI3K_AKT,mTOR,MEK_ERK,PKC,TGFb-SMAD,STAT3,DPD_NC,DPD_LB
0,-0.00419328147403359,-0.0197956519968864,0.0231720307654561,-0.00414661292454248,0.19488035225294,0,0,0
0.489372429372266,0,0.218797134595454,0.17923004882621,0,0.0876117000225917,0.112882688055357,0,0
0,0.12391635309616,0,0.0827569813705105,0.162652693326078,0,0,0,0
0.534903438659928,0.192148489040026,-0.0413529380199403,0,0,-0.0199441996571704,0.0186243285413696,0,0
0.28227673840918,0,0,0,0,0,0,0,0
1.10856137964491,0,0,0,0,0,0,0,0
0.717738931689851,0,0,0,0,0,0,0,0
0,-0.170055493153868,-0.155160396403546,0.453407738437866,-0.58668512421655,-0.714362432205013,-0.531762943863357,0,0
0,0.0511634645180038,0.0190127554564241,-0.134933773836078,-0.315185391294339,-0.277914236443592,-0.248292992590311,0,0
