EGFR,PI3K_AKT,mTOR,MEK_ERK,PKC,TGFb-SMAD,STAT3,DPD_NC,DPD_LB
0,-0.0125519730866155,0.090947161044437,0.109704594628473,0.133914484310595,0.113901029491898,0,0,0
0.0521328569656268,0,0.123950914537159,0.53311958527037,0,-0.296281348514296,-0.13172761642197,0,0
0,0,0,0,0,0,0,0,0
0.48536949268181,0.486021632555477,-0.289521288256912,0,0,0.143145995996097,0.890654877513116,0,0
0.650944053373168,0,0,0,0,0,0,0,0
0.769963800715652,0,0,0.0810356015217451,0,0,0,0,0
0.568875975328754,0,0,0.125274372899075,0,0,0,0,0
0,-0.161835826962305,-0.515052711948919,1.08613302352044,-0.803751223189864,-0.560625375448718,-0.205895200301738,0,0
0,0.291480229751615,0.197595087068416,0.0633946302133002,-0.107119837942535,-0.127736598650088,-0.112119470468846,0,0
