EGFR,PI3K_AKT,mTOR,MEK_ERK,PKC,TGFb-SMAD,STAT3,DPD_NC,DPD_LB
0,-0.0055294156860306,0.0110342655978705,0.0909320799912853,0.159681720760495,0.0693696948634519,0,0,0
0.0853391544752083,0,-0.343930480849348,0.304247905760165,0,-0.682867644829261,0.213836434359361,0,0
0,0,0,0,0,0,0,0,0
0.193403684733241,0.234849301778155,-0.0789776048990368,0,0,-0.436468985609837,0.191235347157872,0,0
1.09357505734482,0,0,0,0,0,0,0,0
0.761658379578958,0,0,0,0,0,0,0,0
0.890420418269321,0,0,0,0,0,0,0,0
0,0.0514279076404225,0.173462569046274,0.214435859081972,0.105159751438003,-0.100811747765946,-0.15610117601925,0,0
0,0.149376639655191,-0.0858955915924424,-0.320314887909106,-0.446463898657875,0.65137244509794,0.243314600275539,0,0
