EGFR,PI3K_AKT,mTOR,MEK_ERK,PKC,TGFb-SMAD,STAT3,DPD_NC,DPD_LB
0,0.0152644934579704,0.0811172206037257,0.072807062158548,0.203737565207575,0.146457606865111,0,0,0
-0.0946251525801095,0,-0.342057237493142,-0.35701404983087,0,-0.217252526229903,0.108311604422253,0,0
0,-0.00748202040434679,0,0.0256571136031085,-0.00187994834941674,0,0,0,0
0.206658978339184,-0.0192315483362133,-0.0435879363454899,0,0,0.0923443288443685,-0.086014329728634,0,0
0.318703188813609,0,0,0,0,0,0,0,0
1.43342932602059,0,0,-0.102173281863468,0,0,0,0,0
1.22164632676015,0,0,-0.359022275650257,0,0,0,0,0
0,0.106749680210252,-0.164113748876541,-0.634467215268054,-0.528611032946206,-0.231247466461099,0.956126418221857,0,0
0,0.00801338267225172,0.209004925646514,-0.339211786149787,-0.372148634444228,0.630662436883541,-0.148879768445718,0,0
