EGFR,PI3K_AKT,mTOR,MEK_ERK,PKC,TGFb-SMAD,STAT3,DPD_NC,DPD_LB
0,0.527896772068112,0.531248566620344,0.530563802296996,0.526314811790023,0.527582866563966,0,0,0
0.472287394745016,0,0.475251899017674,0.470051086885508,0,0.471413826979963,0.469670301061197,0,0
0,0.507418480739872,0,0.477708201209189,0.495031769464561,0,0,0,0
0.445078729139133,0.44561559520931,0.445836362221568,0,0,0.442051513995029,0.439646384000583,0,0
0.0700519730725192,0,0,0,0,0,0,0,0
0,0,0,0,0,0,0,0,0
0,0,0,0,0,0,0,0,0
0,0.471922242031627,0.465323378683335,0.473764963793828,0.46596482894929,0.473517021199784,0.472323482226625,0,0
0,0.48145335808867,0.484093113215674,0.47914399598385,0.477298239238825,0.48885480131767,0.487721494813568,0,0
