EGFR,PI3K_AKT,mTOR,MEK_ERK,PKC,TGFb-SMAD,STAT3,DPD_NC,DPD_LB
0,-0.04403356466434,-0.00765430438812553,0.0608008379665178,0.0967830076704004,0.076789617996993,0,0,0
0.162621256214876,0,-0.20190740332095,0.190022308820925,0,-0.0806766211767158,-0.15093994185517,0,0
0,0,0,0,0,0,0,0,0
0.355341734620456,0.43429283897438,0.0883990608105794,0,0,0.227950493112457,0.280486394984593,0,0
0.348333205864912,0,0,0,0,0,0,0,0
0.401897038973622,0,0,0,0,0,0,0,0
0.64332350321631,0,0,0,0,0,0,0,0
0,-0.00317172345242533,0.245387400092227,0.317597910329848,0.302549143436708,-0.134234654372385,0.135738772048533,0,0
0,0.21759648183067,0.379457884596878,-0.0730291423177304,0.0911960290880929,0.249580977895829,-0.258219501818114,0,0
