EGFR,PI3K_AKT,mTOR,MEK_ERK,PKC,TGFb-SMAD,STAT3,DPD_NC,DPD_LB
0,0,0,0,0,0,0,0,0
1.4432899320127e-15,0,1.4432899320127e-15,1.4432899320127e-15,0,1.4432899320127e-15,1.4432899320127e-15,0,0
0,0,0,0,0,0,0,0,0
9.9920072216264e-16,9.9920072216264e-16,9.9920072216264e-16,0,0,9.9920072216264e-16,9.9920072216264e-16,0,0
2.22044604925031e-16,0,0,0,0,0,0,0,0
4.44089209850063e-16,0,0,0.469497669197406,0,0,0,0,0
1.11022302462516e-15,0,0,0.379166743729279,0,0,0,0,0
0,4.44089209850063e-16,4.44089209850063e-16,4.44089209850063e-16,4.44089209850063e-16,4.44089209850063e-16,4.44089209850063e-16,0,0
0,1.22124532708767e-15,1.22124532708767e-15,1.22124532708767e-15,1.22124532708767e-15,1.22124532708767e-15,1.22124532708767e-15,0,0
