EGFR,PI3K_AKT,mTOR,MEK_ERK,PKC,TGFb-SMAD,STAT3,DPD_NC,DPD_LB
0,1,1,1,1,1,0,0,0
0.999999999999999,0,0.999999999999999,0.999999999999999,0,0.999999999999999,0.999999999999999,0,0
0,0,0,0,0,0,0,0,0
0.999999999999999,0.999999999999999,0.999999999999999,0,0,0.999999999999999,0.999999999999999,0,0
1,0,0,0,0,0,0,0,0
1,0,0,0.67196493426918,0,0,0,0,0
0.999999999999999,0,0,0.825933398794499,0,0,0,0,0
0,1,1,1,1,1,1,0,0
0,0.999999999999999,0.999999999999999,0.999999999999999,0.999999999999999,0.999999999999999,0.999999999999999,0,0
