EGFR,PI3K_AKT,mTOR,MEK_ERK,PKC,TGFb-SMAD,STAT3,DPD_NC,DPD_LB
0,0.569286935768347,0.571371180029898,0.560698622861751,0.571891728404038,0.567505862904737,0,0,0
0.504591430663146,0,0.505304694472689,0.506911408184161,0,0.508295490467643,0.509488787104861,0,0
0,0.0920488527653041,0,0.115291437365417,0.0896931415093991,0,0,0,0
0.515555007106173,0.505739413861181,0.511568397245896,0,0,0.506520895296509,0.505701889511175,0,0
0.0595595985485793,0,0,0,0,0,0,0,0
0.341363247099185,0,0,0.345941585717675,0,0,0,0,0
0.35030211943582,0,0,0.347706049155476,0,0,0,0,0
0,0.475750969654659,0.481476791804566,0.479061619156259,0.481434400353204,0.487335417423001,0.48986342158828,0,0
0,0.486855210702943,0.488332511303753,0.483454973482355,0.483682997262433,0.490127794516154,0.49209080413177,0,0
