EGFR,PI3K_AKT,mTOR,MEK_ERK,PKC,TGFb-SMAD,STAT3,DPD_NC,DPD_LB
0,0,6.66133814775094e-16,6.66133814775094e-16,0,0,0,0,0
2.22044604925031e-16,0,0.255416071766533,2.22044604925031e-16,0,0.490482416791278,2.22044604925031e-16,0,0
0.437403013313318,0,0,0.437403013313318,0.305667430103806,0.00995729674348435,0,0,0
4.44089209850063e-16,0.326773724439077,0.392749546406503,0,0,4.44089209850063e-16,4.44089209850063e-16,0,0
0,0,0,0.405237563877414,0,0.405237563877414,0,0,0
0.150342221635342,0.147331172181778,0.147331172181778,0.150342221635342,0,0,0.0306266882898496,0,0
0,0,0,0,0,0,0,0,0
0,2.22044604925031e-16,2.22044604925031e-16,0,2.22044604925031e-16,2.22044604925031e-16,2.22044604925031e-16,0,0
0,3.33066907387547e-16,3.33066907387547e-16,0.0188949956222316,3.33066907387547e-16,0.136436040885183,3.33066907387547e-16,0,0
