EGFR,PI3K_AKT,mTOR,MEK_ERK,PKC,TGFb-SMAD,STAT3,DPD_NC,DPD_LB
0,0,4.44089209850063e-16,4.44089209850063e-16,0,0,0,0,0
1.11022302462516e-16,0,1.11022302462516e-16,1.11022302462516e-16,0.106096603837654,0.109847535127786,0.452196709414532,0,0
1.11022302462516e-16,0,0,1.11022302462516e-16,0,0,0,0,0
1.11022302462516e-15,1.11022302462516e-15,1.11022302462516e-15,0,0,1.11022302462516e-15,0.496885316774786,0,0
0.308032286454353,0,0.308032286454353,0.308032286454353,0,0,0.308032286454353,0,0
0.324508410261985,0,0.324508410261985,2.22044604925031e-16,0,0,0,0,0
0.351893973189758,4.44089209850063e-16,0.351893973189758,0.351893973189758,4.44089209850063e-16,0,0,0,0
0,0,4.44089209850063e-16,4.44089209850063e-16,0,0,0,0,0
0,1.11022302462516e-15,1.11022302462516e-15,1.11022302462516e-15,1.11022302462516e-15,1.11022302462516e-15,0,0,0
