EGFR,PI3K_AKT,mTOR,MEK_ERK,PKC,TGFb-SMAD,STAT3,DPD_NC,DPD_LB
0,-0.318670820750612,0.475551127005105,0.632831728699634,0.717959529920259,0.336241417401707,0,0,0
0.0105556977251045,0,0.679172695043673,0,0,0.438277791746036,-0.0572509014483931,0,0
1.39190387784897,-0.651971622384922,0,-0.560497016624951,-0.774744187134782,0,0.696083626498233,0,0
0.333774328062139,0.0734763944023156,0.167231496648623,0,0,0.589592729560785,0.234712977145723,0,0
0.751800585630389,0,0,0,0,0,0.36810040248899,0,0
0,0.568163145034153,0,0,0,0,0,0,0
-1.09079043,0,0.764123217196781,0,0,2.32518857296011,0,0,0
0,-1.65166603549827,-4.67482827335765,-1.35038125858684,-3.70603746730391,-2.32429510460054,2.30585220625978,0,0
0,0.569443223292737,0.517721721923633,0.612425307262193,0,0,0,0,0
