EGFR,PI3K_AKT,mTOR,MEK_ERK,PKC,TGFb-SMAD,STAT3,DPD_NC,DPD_LB
0,0,0.222136996194466,0.695914348608097,0,0,0,0,0
0.992898373953408,0,0.0193709347080133,-0.605102092009091,0,0.377401227836532,0.482247273461751,0,0
0.47790393395212,1.67447055312824,0,-0.243749616248809,0.0185293536138716,7.46859245459873e-05,-1.22320543660335,0,0
1.28540694566778,-0.300052734974266,-0.0834014185238273,0,0,0.0698918031573931,0.289326534274693,0,0
0.11390910439652,0,0,0.306374811594215,0,0.960286344796435,0,0,0
-0.0278148763950744,0.514528622922267,0.00491065666810472,0.0250794517468751,0,0,-0.000274879537649741,0,0
-2.78648923719815,0.907338208630137,0,2.12887215134832,0,0,0,0,0
0,1.19029337530385,-0.544427229319165,0,-0.907459240195484,-0.842540796795632,-1.09314052374097,0,0
0,-1.08111477188353,0.411731827342818,5.18935069795354e-05,1.01907407878271,-0.2443204956011,0.838229794099074,0,0
