EGFR,PI3K_AKT,mTOR,MEK_ERK,PKC,TGFb-SMAD,STAT3,DPD_NC,DPD_LB
0,-0.121042231264047,-0.194357778129604,0.456517181116097,0.72738947353196,-0.583238198237898,-7.02475432775542e-05,0,0
0.00801116475014183,0,0.381412286714548,0.223769469726219,0.00155510127896242,0.216339277869975,0.191164924237236,0,0
0,-0.725146950360415,0,0,0,0,0,0,0
-0.198771366890021,0.769008203118591,1.28067603299845,0,0,-0.261720885322786,0.317598536903234,0,0
0.727043842776372,0,0,0,0,0,0,0,0
0.292640862802634,0,0,0,0,0,0,0,0
0,0,0,-0.0139027277973345,-2.88591452779326,6.50390507138313,0,0,0
0,11.0088687411451,10.8387741319973,-6.89334270709389,18.0132595676505,-50.6880851074155,6.30003128989205,0,0
0,0.356866139325457,-0.495779146081852,0.425131713383766,0,0,0,0,0
