EGFR,PI3K_AKT,mTOR,MEK_ERK,PKC,TGFb-SMAD,STAT3,DPD_NC,DPD_LB
0,0,0,4.44089209850063e-16,4.44089209850063e-16,0.211421668360838,0,0,0
2.22044604925031e-16,0,0.492017662075981,2.22044604925031e-16,0,2.22044604925031e-16,2.22044604925031e-16,0,0
0.163812977399451,0.163812977399451,0,0.163812977399451,2.22044604925031e-16,0,0,0,0
9.99200722162641e-16,0.285424608016849,0.496317968592526,0,0,0.496317968592526,0.263510314244521,0,0
4.44089209850063e-16,0.491861227198346,0,0,0,0,0.491861227198346,0,0
9.9920072216264e-16,0,0,9.9920072216264e-16,0.230223052765603,0,0,0,0
7.77156117237609e-16,7.77156117237609e-16,0,7.77156117237609e-16,0,0,0,0,0
0,4.44089209850063e-16,0,0.465165193026502,0.427546337030748,4.44089209850063e-16,0.465165193026502,0,0
0,0.484995531668334,0,1.11022302462516e-15,0.496967752838701,0.484995531668334,0.496967752838701,0,0
