EGFR,PI3K_AKT,mTOR,MEK_ERK,PKC,TGFb-SMAD,STAT3,DPD_NC,DPD_LB
0,0,1,1,0,0,0,0,0
1,0,0.070159761907574,1,0,0.40290726691154,1,0,0
0.742236669281159,1,0,0.742236669281159,0.104313985370048,9.91575906655907e-05,1,0,0
1,0.878442773766674,0.809431404025974,0,0,1,1,0,0
1,0,0,0.207113474494474,0,0.792886525505525,0,0,0
0.0231381579600337,0.977800717562817,0.0221992824371827,0.0231381579600337,0,0,0.00093887552285102,0,0
1,1,0,1,0,0,0,0,0
0,1,1,0,1,1,1,0,0
0,1,1,0.000357148414554172,1,0.981025162281119,1,0,0
