EGFR,PI3K_AKT,mTOR,MEK_ERK,PKC,TGFb-SMAD,STAT3,DPD_NC,DPD_LB
0,0.174754276516536,0,0.163835355901359,0,0.130341147940814,0,0,0
0.501444149759756,0,0.423850785052033,0.459670759101326,0,0.422300602908291,0.427612799401027,0,0
0,0.425765587808334,0,0.33739594007762,0.418728768053269,0.422363312765815,0,0,0
0.250932419138863,0.136574912447228,0.128916211326681,0,0,0.129971692908476,0.150554926217198,0,0
0,0.0474213281052088,0,0,0,0,0,0,0
0.423745774326338,0,0.420121515375053,0.424775386926748,0,0,0,0,0
0.315507728251804,0,0,0.31655643976085,0,0,0,0,0
0,6.41683234216092,1.81280044090993,0.61755799211262,0,6.10425720846998,8.88104955513919,0,0
0,0.133621223523191,0.0682051036855067,0.0813962168672375,0.0363359814080293,0.774843503077455,0.779474068450512,0,0
