EGFR,PI3K_AKT,mTOR,MEK_ERK,PKC,TGFb-SMAD,STAT3,DPD_NC,DPD_LB
0,0,0,1,1,0.0468986005897579,0,0,0
1,0,0.588986629362425,1,0,1,1,0,0
0.0275962442618316,0.0275962442618316,0,0.0275962442618316,1,0,0,0,0
0.999999999999999,0.910527457228414,0.560567929238069,0,0,0.560567929238069,0.0750737542975798,0,0
1,0.410152723029927,0,0,0,0,0.589847276970073,0,0
0.999999999999999,0,0,0.999999999999999,0.943843830615325,0,0,0,0
0.999999999999999,0.999999999999999,0,0.999999999999999,0,0,0,0,0
0,1,0,0.683361236897598,0.759237593129527,1,0.683361236897598,0,0
0,0.621570285274609,0,0.999999999999999,0.445017706136873,0.621570285274609,0.445017706136873,0,0
