EGFR,PI3K_AKT,mTOR,MEK_ERK,PKC,TGFb-SMAD,STAT3,DPD_NC,DPD_LB
0,8.88178419700126e-16,8.88178419700126e-16,8.88178419700126e-16,8.88178419700126e-16,8.88178419700126e-16,0,0,0
0.497192915774387,0,7.7715611723761e-16,0,0,0.421502519664483,0.497192915774387,0,0
4.44089209850063e-16,4.44089209850063e-16,0,4.44089209850063e-16,4.44089209850063e-16,0,4.44089209850063e-16,0,0
0.152519625196945,0.460442076339337,4.44089209850063e-16,0,0,4.44089209850063e-16,0.152519625196945,0,0
0,0,0,0,0,0,0,0,0
0,0,0,0,0,0,0,0,0
6.66133814775094e-16,0,6.66133814775094e-16,0,0,6.66133814775094e-16,0,0,0
0,1.11022302462516e-15,1.11022302462516e-15,1.11022302462516e-15,1.11022302462516e-15,1.11022302462516e-15,1.11022302462516e-15,0,0
0,3.33066907387547e-16,3.33066907387547e-16,3.33066907387547e-16,0,0,0,0,0
