EGFR,PI3K_AKT,mTOR,MEK_ERK,PKC,TGFb-SMAD,STAT3,DPD_NC,DPD_LB
0,0,0.409345939755931,0.404290442409339,0,0,0,0,0
0.659941742977175,0,0.109372235635822,0.542837089115192,0,0.535379450325917,0.459372767783139,0,0
0.473436229174618,0.464661251880856,0,0.402556360758736,0.126669339667327,0.00749987881183909,0.418946591823422,0,0
0.447402405829709,0.445553311248472,0.42811690635191,0,0,0.469124126261474,0.448406504010958,0,0
0.565491507906725,0,0,0.607236084608601,0,0.545354939622834,0,0,0
0.184554346194529,0.116385083367578,0.046796837427578,0.16737608146496,0,0,0.00933825751597502,0,0
0.308934542472479,0.31230063415752,0,0.308722389079065,0,0,0,0,0
0,0.521548474713352,0.519073834451792,0,0.515346382682739,0.514508209665015,0.517476320964661,0,0
0,0.546598263034982,0.546658936887816,0.00285440491339903,0.555853491577498,0.547906244622414,0.546404462592224,0,0
