EGFR,PI3K_AKT,mTOR,MEK_ERK,PKC,TGFb-SMAD,STAT3,DPD_NC,DPD_LB
0,0.0531925278135331,0,0.78681278984446,0,0.0311077712223756,0,0,0
0.33391900411675,0,0.087040388422876,0.0779756294211189,0,0.0126005742699748,-0.120118078017979,0,0
0,0.692989636552231,0,-0.0223043505936684,0.56965627330317,-1.57796814628646,0,0,0
0.958395123952881,0.0202694211044803,-0.00524613584918898,0,0,0.0049770889837621,-0.0315046687422838,0,0
0,2.69024652672306,0,0,0,0,0,0,0
1.31286516705702,0,-0.274326037852713,-0.801202521612295,0,0,0,0,0
1.66326066248651,0,0,-1.64464156457644,0,0,0,0,0
0,53.6657042431369,-5.14140183137172,-34.8406017235179,0,5.34142362744946,-8.05614194666536,0,0
0,0.023634863443272,0.000209843510222346,-0.0108561143729966,-0.00299017239281811,0.879735760180409,-1.2012954333085,0,0
