EGFR,PI3K_AKT,mTOR,MEK_ERK,PKC,TGFb-SMAD,STAT3,DPD_NC,DPD_LB
0,0,0.333491841336429,0.333609280328139,0,0,0,0,0
0.624485336849269,0,0.621787698488019,0.71813957441034,0.0622417013579842,0.0236847742162608,0.411787440707643,0,0
0.266674691366429,0,0,0.265560450697408,0,0,0,0,0
0.424138858090716,0.422589176736378,0.424924492810601,0,0,0.424583069427639,0.260399051488965,0,0
0.356302882022726,0,0.429450449449737,0.429111910620885,0,0,0.162785099735863,0,0
0.308764117256833,0,0.306306498764784,0.40691588891693,0,0,0,0,0
0.282525344905282,0.260321360907941,0.40119280233395,0.363855024028973,0.347234897066843,0,0,0,0
0,0,0.547777747283401,0.544578213715224,0,0,0,0,0
0,0.480979333606831,0.488363608024725,0.487881145654356,0.481743597209823,0.482463654912299,0,0,0
