EGFR,PI3K_AKT,mTOR,MEK_ERK,PKC,TGFb-SMAD,STAT3,DPD_NC,DPD_LB
0,0.291301516117283,0.343076381147953,0.444699622743426,0.447213852263178,0.646733826655885,0.00474815053034513,0,0
0.536496427638931,0,0.535445487751202,0.535133853919051,0.025335986578939,0.53375229628257,0.535556206424989,0,0
0,0.0713393732264096,0,0,0,0,0,0,0
0.428418721076712,0.416885323778541,0.428509369675642,0,0,0.425853752129325,0.423312557516576,0,0
0.0399995454835689,0,0,0,0,0,0,0,0
0.0717470571714097,0,0,0,0,0,0,0,0
0,0,0,0.0691164989117665,0.325724852699373,0.321810597195822,0,0,0
0,0.423289759017232,0.410114060067852,0.421179781342515,0.420967603659161,0.41794553081693,0.411382049551818,0,0
0,0.705693257771469,0.717684259155396,0.712505807098721,0,0,0,0,0
