EGFR,PI3K_AKT,mTOR,MEK_ERK,PKC,TGFb-SMAD,STAT3,DPD_NC,DPD_LB
0,0,-0.893828583662405,1.23526179084157,0,0,0,0,0
-0.412151921988576,0,0.0388078536554669,0.494032343481868,-0.00545984856024941,0.000668801055132121,0.153884023220886,0,0
-0.940308651723373,0,0,1.27014783951783,0,0,0,0,0
0.163359420922056,0.291997823261162,0.535035591956657,0,0,0.487776349751379,0.00159809501287678,0,0
0.115781574126116,0,0.142194190353012,-0.142179508452528,0,0,-0.413846729785176,0,0
0.105271176810674,0,0.104032738602714,0.0763658460526208,0,0,0,0,0
0.105139423817281,1.30132262368831,0.157437783556379,-0.141240866852447,-1.91903709044066,0,0,0,0
0,0,6.76433499893741,-7.82930286312048,0,0,0,0,0
0,-0.704150149409703,-1.2678272319042,0.784111009473968,1.90349065731824,-1.57230573840639,0,0,0
