EGFR,PI3K_AKT,mTOR,MEK_ERK,PKC,TGFb-SMAD,STAT3,DPD_NC,DPD_LB
0,0.474268810682744,0.473266375769111,0.475962251225968,0.475862635802157,0.476970961247827,0,0,0
0.409771940070372,0,0.340735293670442,0.420830552636229,0,0.421294669018663,0.411144449524611,0,0
0,0.408140012514722,0,0.407108153123259,0,0,0,0,0
0.494382246812095,0.494521643510805,0.49267100527749,0,0,0.49153292262529,0.492386102892149,0,0
0.312721715360071,0.181344633142291,0,0,0,0.309095517858246,0,0,0
0.415645330964751,0,0,0.435164206035655,0,0,0.135144108628313,0,0
0.255705096151355,0,0,0.255508579053276,0,0.254884053575723,0,0,0
0,2.86961219654713,2.0257762264722,1.38707830399192,1.85622791090963,1.8026230773467,0.685465152103157,0,0
0,0.446759724389335,0.450445977285602,0.453308892016013,0.449136056760067,0.447750989093817,0.447471965471596,0,0
