EGFR,PI3K_AKT,mTOR,MEK_ERK,PKC,TGFb-SMAD,STAT3,DPD_NC,DPD_LB
0,0.321584716803555,0.504365082806179,0.288193907086756,0.0739694435642037,-0.442812911292973,0,0,0
1.80544437105596,0,-0.615860353336499,-0.367972701081116,0,-0.308186459550248,0.19452788830545,0,0
0,0.357869853681676,0,0.390964921609413,0,0,0,0,0
1.12806953837986,0.0460170419911997,0.0160825670953045,0,0,0.0872187675255135,0,0,0
2.07092532235883,0,0,0,0,0,0,0,0
0.582692542873979,0,0,0,0,0,0,0,0
0,0,0,-1.29099513834868,0,4.41692932842533,0,0,0
0,-0.0825046186475536,-5.64884069661164,1.09400569306319,-3.24043857462527,4.44284594205701,0.929927106208307,0,0
0,4.35688826670809,-0.0543883558009978,3.45778633239054,-5.39102521954941,-6.80619557090521,0.837273454293537,0,0
