EGFR,PI3K_AKT,mTOR,MEK_ERK,PKC,TGFb-SMAD,STAT3,DPD_NC,DPD_LB
0,0.00724398405894331,6.66133814775094e-16,0.0033335219676705,6.66133814775094e-16,0.433588284235148,0.0519361384577425,0,0
2.22044604925031e-16,0,2.22044604925031e-16,2.22044604925031e-16,0,2.22044604925031e-16,2.22044604925031e-16,0,0
0.468210896826414,5.55111512312578e-16,0,5.55111512312578e-16,5.55111512312578e-16,0.420500713642875,0.381283533319003,0,0
0,0.130353243245219,0,0,0.300919454096664,0.190357338649347,0.130671278924198,0,0
1.33226762955019e-15,0.485618242473187,1.33226762955019e-15,0.490331457181618,0,0.280897692288977,0.300608580825493,0,0
4.44089209850063e-16,0.328376362543329,0.0437953392949623,0.328376362543329,0.328376362543329,0,4.44089209850063e-16,0,0
1.55431223447522e-15,1.55431223447522e-15,0,1.55431223447522e-15,1.55431223447522e-15,0,0,0,0
0,8.88178419700126e-16,8.88178419700126e-16,8.88178419700126e-16,8.88178419700126e-16,8.88178419700126e-16,8.88178419700126e-16,0,0
0,0,0,0,0,0,0,0,0
