EGFR,PI3K_AKT,mTOR,MEK_ERK,PKC,TGFb-SMAD,STAT3,DPD_NC,DPD_LB
0,0.999947521941008,1,0.999988887507804,1,0.250999598847671,0.997295322240315,0,0
1,0,1,1,0,1,1,0,0
0.675438183110192,0.999999999999999,0,0.999999999999999,0.999999999999999,0.229483549805501,0.823454582932097,0,0
1,0.982709055203497,1,0,0.899308755408851,0.962346281073329,0.982623058778085,0,0
0.999999999999999,0.380941516147513,0.999999999999999,0.402147753739882,0,0.0863618894894632,0.899542840173719,0,0
1,0.122947000379506,0.00192172477005271,0.122947000379506,0.122947000379506,0,1,0,0
1,1,0,1,1,0,0,0,0
0,1,1,1,1,1,1,0,0
0,1,1,1,1,1,1,0,0
