EGFR,PI3K_AKT,mTOR,MEK_ERK,PKC,TGFb-SMAD,STAT3,DPD_NC,DPD_LB
0,8.88178419700125e-16,0.326048610029288,8.88178419700125e-16,8.88178419700125e-16,8.88178419700125e-16,0,0,0
8.88178419700125e-16,0,8.88178419700125e-16,8.88178419700125e-16,0,8.88178419700125e-16,8.88178419700125e-16,0,0
0,6.66133814775094e-16,0,6.66133814775094e-16,0,0,0,0,0
6.66133814775094e-16,0.422944779582132,0.422944779582132,0,0,0.431433811982068,0,0,0
4.44089209850063e-16,0,0,0,0,0,0,0,0
3.33066907387547e-16,0,0,0,0,0,0,0,0
0,0,0,6.66133814775094e-16,0,6.66133814775094e-16,0,0,0
0,6.66133814775094e-16,6.66133814775094e-16,6.66133814775094e-16,6.66133814775094e-16,6.66133814775094e-16,6.66133814775094e-16,0,0
0,2.22044604925031e-16,0.265865762877112,2.22044604925031e-16,2.22044604925031e-16,2.22044604925031e-16,2.22044604925031e-16,0,0
