EGFR,PI3K_AKT,mTOR,MEK_ERK,PKC,TGFb-SMAD,STAT3,DPD_NC,DPD_LB
0,-0.158909000158303,0.29235139467428,0.400338646121844,0.518375703545578,0.621319390799136,0,0,0
1.16610831789981,0,-0.118933928420903,0.798290029884758,0,-2.09001317229657,0.47509127808573,0,0
0,0.240286787959145,0,0.239882790724286,0,0,0,0,0
1.14934276982421,-0.155038269498284,0.276657514159021,0,0,-0.459405690333814,0.229080651239476,0,0
0.564056956650846,0.0265338199699124,0,0,0,0.0455907356054354,0,0,0
1.03862262978458,0,0,-0.658910575825706,0,0,0.0430511355276996,0,0
-5.21127161323629,0,0,4.45279547589309,0,2.44793210768857,0,0,0
0,-5.37411611940548,3.66184066684721,1.95372568708943,3.3586772794206,-3.19308975291912,-0.386330244590707,0,0
0,0.0377853301384836,0.929276010400285,1.00112566175393,-0.93526428020896,-0.807530053554173,-0.282242622258717,0,0
