EGFR,PI3K_AKT,mTOR,MEK_ERK,PKC,TGFb-SMAD,STAT3,DPD_NC,DPD_LB
0,0.265345457146181,0.267026623677074,0.273724802155857,0.264346860398309,0.152611059615208,0.273147636850404,0,0
0.438149819468406,0,0.437415021536048,0.437898666073239,0,0.442900329501011,0.442867581554966,0,0
0.515365156647004,0.423566757014249,0,0.36125834074745,0.360272491315255,0.22681861941303,0.339796093072253,0,0
0.538373611315217,0.389632026527178,0.471711257558501,0,0.434318969984344,0.403682356426515,0.35307032895572,0,0
0.745710330095707,0.459299437802737,0.437691559720525,0.303692614105164,0,0.541846459322841,0.445358722801332,0,0
0.509255542420764,0.341589034779627,0.0305966503215136,0.205261766042687,0.260633211854132,0,0.45773541731053,0,0
0.331631247149183,0.330407140337173,0,0.332850703289911,0.333348926084668,0,0,0,0
0,0.276044533497896,0.278258585723809,0.280414261935172,0.278735579899752,0.268801369281595,0.280579662199172,0,0
0,0.23852823729491,0.240210056345842,0.242938991808811,0.239772412524895,0.24542406394119,0.238651142323307,0,0
