EGFR,PI3K_AKT,mTOR,MEK_ERK,PKC,TGFb-SMAD,STAT3,DPD_NC,DPD_LB
0,0.123382028008095,-0.397767478093849,0.0905638848782458,0.165269875760287,0.0132247695717419,0.0511080185688839,0,0
0.303963057714133,0,-0.186443858032557,-0.143384776931462,0,0.739636691095989,0.642058673699591,0,0
-0.613493668822977,-1.05117852789218,0,0.249340950848611,0.46943042002203,-0.0655174712312006,0.174541369491819,0,0
0.99389682341178,0.298977299307551,-0.583754557098472,0,0.816865144066532,-0.0393696842864638,0.111963298287786,0,0
1.07572459400523,0.310851971229984,0.742754379805342,0.0497684649211071,0,-0.157543883144094,-0.467636920267379,0,0
0.123829323164482,0.118896210084658,0.00129311024163485,0.0630360376200264,-0.0865609311462524,0,0.172825102919134,0,0
-1.59250501898948,1.24860029366664,0,0.903467559653188,-0.877094916066085,0,0,0,0
0,2.25161816043798,-0.593850947181283,-2.53269446623334,7.84017152457354,-3.94602349514305,-2.0550925207675,0,0
0,2.11174412334838,1.09546006850876,0.692714676691426,-0.601086495341314,-1.3933354904598,-1.814831717012,0,0
