EGFR,PI3K_AKT,mTOR,MEK_ERK,PKC,TGFb-SMAD,STAT3,DPD_NC,DPD_LB
0,0.119859592361644,0.119859592361644,1,0.119859592361644,0.119859592361644,0,0,0
1,0,0.291550080639052,1,0,1,0.0235659646215001,0,0
0,1,0,0.00548967938343658,1,0,0.00548967938343658,0,0
0.998746992242408,0.995682614107791,0.758175860125236,0,0.00125300775759345,0.999842452194396,0.799561898045805,0,0
0.999999999999999,0,0,0.999999999999999,0,0,0,0,0
0.999999999999999,0,0,0.999999999999999,0,0,0,0,0
1,1,1,0.133719809128012,0,0,0,0,0
0,1,1,1,1,1,0.70866615334927,0,0
0,0.94174232131381,0.999999999999999,0.961598977102185,0.999999999999999,0.999999999999999,0.665601923657176,0,0
