EGFR,PI3K_AKT,mTOR,MEK_ERK,PKC,TGFb-SMAD,STAT3,DPD_NC,DPD_LB
0,0.999999999999999,0.879067677200218,0.999999999999999,0.999999999999999,0.999999999999999,0,0,0
0.999999999999999,0,0.999999999999999,0.999999999999999,0,0.999999999999999,0.999999999999999,0,0
0,1,0,1,0,0,0,0,0
0.999999999999999,0.233320954283577,0.233320954283577,0,0,0.247285010577881,0,0,0
1,0,0,0,0,0,0,0,0
1,0,0,0,0,0,0,0,0
0,0,0,1,0,1,0,0,0
0,1,1,1,1,1,1,0,0
0,1,0.0765435132982716,1,1,1,1,0,0
