EGFR,PI3K_AKT,mTOR,MEK_ERK,PKC,TGFb-SMAD,STAT3,DPD_NC,DPD_LB
0,0,0.16532395186143,0.563989631875773,0.567093847253248,0.565788915927632,0,0,0
0.552832666832717,0,0.402910653873141,0.458850573101338,0,0.449652732101331,0.309603676978177,0,0
0,0,0,0.262192813751454,0.262438853106673,0,0,0,0
0.582233296229534,0,0.583281937724925,0,0,0.584220845874626,0,0,0
0.037417189893766,0,0,0,0,0,0,0,0
0.271810082628858,0,0,0.27213241774197,0,0,0,0,0
0.218781678253101,0,0,0.218417934317902,0,0,0,0,0
0,0.767738576867711,2.06651011222859,1.79411135825365,1.78261118264313,0.448607209898425,0.101392893070447,0,0
0,0.576372616322191,0.166345477662488,0.580529068494309,0.59252461958549,0.578881822836812,0,0,0
