EGFR,PI3K_AKT,mTOR,MEK_ERK,PKC,TGFb-SMAD,STAT3,DPD_NC,DPD_LB
0,0,-0.0111260362916475,0.458591125559336,-0.068547057288136,0.253576877934723,0,0,0
-0.142791065951744,0,0.0704842779508928,0.436991038774643,0,-0.0680578435926605,0.130201038505219,0,0
0,0,0,0.565164153914319,0.789068560888543,0,0,0,0
0.977427181089566,0,0.33705291466385,0,0,-0.193175376779484,0,0,0
1.71324830251742,0,0,0,0,0,0,0,0
2.07955031007685,0,0,-0.895804070585758,0,0,0,0,0
4.67766416617662,0,0,-2.06214648772125,0,0,0,0,0
0,-4.74285317582206,1.500773776846,2.19881357319556,-0.98706380848773,-0.0701011035352077,0.00456098190401246,0,0
0,-3.60040564123467,0.0450012399256186,5.65499002075665,-2.37449372394263,-4.35910036976944,0,0,0
