EGFR,PI3K_AKT,mTOR,MEK_ERK,PKC,TGFb-SMAD,STAT3,DPD_NC,DPD_LB
0,0,0.351683153630616,3.33066907387547e-16,0.256908050914516,0.256908050914516,0,0,0
1.11022302462516e-16,0,0.435328787763574,1.11022302462516e-16,0,0.435328787763574,0.499732412496271,0,0
0,0,0,2.22044604925031e-16,2.22044604925031e-16,0,0,0,0
4.44089209850063e-16,0,4.44089209850063e-16,0,0,0.334952423825489,0,0,0
4.44089209850063e-16,0,0,0,0,0,0,0,0
0,0,0,0,0,0,0,0,0
4.44089209850063e-16,0,0,4.44089209850063e-16,0,0,0,0,0
0,0.013581907572995,0.485513484077007,0.485513484077007,0.430665571327116,0.204660845491913,0.0452334209694545,0,0
0,2.22044604925031e-16,0.299292448261983,2.22044604925031e-16,2.22044604925031e-16,2.22044604925031e-16,0,0,0
