EGFR,PI3K_AKT,mTOR,MEK_ERK,PKC,TGFb-SMAD,STAT3,DPD_NC,DPD_LB
0,0.113755296001659,0.121429815715476,0.180688857455199,0.117735908474504,0.197316576037902,0,0,0
0.644149260762087,0,0.278710617547862,0.544247459819027,0,0.58777280667028,0.0403187319224771,0,0
0,0.320913867000331,0,0.0521374182556739,0.31438379056981,0,0.0259148256205639,0,0
0.455942973668326,0.441569788132889,0.386818049030503,0,0.0270347655557905,0.448156220267642,0.403150316270033,0,0
0.431401636771017,0,0,0.431614542186964,0,0,0,0,0
0.188205347310324,0,0,0.188231970989203,0,0,0,0,0
0.416262170877184,0.413682307482234,0.410549629554813,0.130708960109673,0,0,0,0,0
0,0.472965585541953,0.441295714739038,0.418686813352799,0.424839215398368,0.438591464155636,0.395809126408833,0,0
0,0.498508007460131,0.459593379034314,0.447498091684559,0.465407927277275,0.469435660033799,0.379432002021298,0,0
