EGFR,PI3K_AKT,mTOR,MEK_ERK,PKC,TGFb-SMAD,STAT3,DPD_NC,DPD_LB
0,4.44089209850063e-16,4.44089209850063e-16,4.44089209850063e-16,4.44089209850063e-16,4.44089209850063e-16,0,0,0
1.11022302462516e-16,0,0.478397397165052,1.11022302462516e-16,0,1.11022302462516e-16,1.11022302462516e-16,0,0
0,4.44089209850063e-16,0,4.44089209850063e-16,0,0,0,0,0
6.66133814775094e-16,6.66133814775094e-16,6.66133814775094e-16,0,0,0.194613176961757,6.66133814775094e-16,0,0
4.44089209850063e-16,0.144901944521313,0,0,0,0.144901944521313,0,0,0
6.66133814775094e-16,0,0,6.66133814775094e-16,0,0,0.346495180235164,0,0
8.88178419700126e-16,0,0,8.88178419700126e-16,0,8.88178419700126e-16,0,0,0
0,0.413455229607734,0.413455229607734,0.466244200406693,0.413455229607734,0.413455229607734,2.22044604925031e-16,0,0
0,3.33066907387547e-16,3.33066907387547e-16,3.33066907387547e-16,3.33066907387547e-16,3.33066907387547e-16,3.33066907387547e-16,0,0
