EGFR,PI3K_AKT,mTOR,MEK_ERK,PKC,TGFb-SMAD,STAT3,DPD_NC,DPD_LB
0,0,0,0.382069265461821,-0.0281808875815236,1.12751765048581,0,0,0
1.79041657339559,0,-0.0281861283818601,-1.0024130738261,0,-1.98958290500975,-0.385987758085514,0,0
0,0,0,0,0.938601046467786,0,0,0,0
0.28910481949622,0.0161936693254913,0.432948943031019,0,0,0.0119656844859062,-0.000674602584407749,0,0
1.2116623663405,0,0,0,0,0,0,0,0
0,0,0,0,-0.578930672794297,0,0,0,0
0,0,0.598643615639,-0.215755372974795,0,0,0,0,0
0,-1.56015548033846,-6.99423853604335,2.4055815393706,5.0057632981466,1.73622769345329,4.21485100717383,0,0
0,0.733236488692438,1.47498310875914,0,-1.54371876726896,1.08309514036407,-0.691832920813504,0,0
