EGFR,PI3K_AKT,mTOR,MEK_ERK,PKC,TGFb-SMAD,STAT3,DPD_NC,DPD_LB
0,0.147773259285294,0.147773259285294,1.4432899320127e-15,1.4432899320127e-15,0.147773259285294,0,0,0
0.426394125481661,0,4.44089209850063e-16,4.44089209850063e-16,0.0545882432715244,4.44089209850063e-16,4.44089209850063e-16,0,0
2.22044604925031e-16,2.22044604925031e-16,0,2.22044604925031e-16,2.22044604925031e-16,0.460763820159897,0.0272172626233006,0,0
8.88178419700125e-16,8.88178419700125e-16,8.88178419700125e-16,0,0.28627787843189,0.282765903018504,0.283674911277157,0,0
0,0,0,6.66133814775094e-16,0,0,0,0,0
0,0,0,0,0,0,0,0,0
0.496160766265271,4.44089209850063e-16,4.44089209850063e-16,4.44089209850063e-16,0,0,0,0,0
0,1.11022302462516e-16,0.0279335863775689,1.11022302462516e-16,1.11022302462516e-16,0.0279335863775689,0.0279335863775689,0,0
0,8.88178419700126e-16,0.49999940711234,8.88178419700126e-16,8.88178419700126e-16,8.88178419700126e-16,0.49999940711234,0,0
