EGFR,PI3K_AKT,mTOR,MEK_ERK,PKC,TGFb-SMAD,STAT3,DPD_NC,DPD_LB
0,0.483787995871812,0,0,0.489852808608275,0,0,0,0
0.717666152010915,0,0.518559080040543,0.780895742427554,0.469131532553947,0.740312129036149,0.658785866798718,0,0
0.036460690541567,0.328920019922832,0,0.0315437722543666,0.326518471953246,0,0.0234116065445772,0,0
0.520444255646804,0,0.459992593944989,0,0,0.517974044113088,0.536380042222998,0,0
0.0269345614079295,0,0,0,0,0,0,0,0
0.206972229252095,0,0.175075650349299,0.26572703597112,0,0,0,0,0
0.302242449106491,0,0,0.300694695042972,0.3023177599841,0,0,0,0
0,0.691655809944025,0,0.681744181552111,0,0,0.689955506253239,0,0
0,0,0,0.580129094831413,0.586003381482416,0,0.577691544800961,0,0
