EGFR,PI3K_AKT,mTOR,MEK_ERK,PKC,TGFb-SMAD,STAT3,DPD_NC,DPD_LB
0,0,0,0.350215421837112,0.264041025109139,0.351068978331742,0,0,0
0.418717107587903,0,0.420742995227318,0.415146972912917,0,0.423101107668803,0.419909027147117,0,0
0,0,0,0,0.0569107696675277,0,0,0,0
0.477134588935232,0.140276154123814,0.482838833446558,0,0,0.141234858977705,0.138487408010322,0,0
0.0293383381933957,0,0,0,0,0,0,0,0
0,0,0,0,0.0456718602233553,0,0,0,0
0,0,0.301681103870644,0.3033799622826,0,0,0,0,0
0,0.385703872257237,0.385859832616317,0.383871845859872,0.385143571921491,0.381992727204119,0.381932790662374,0,0
0,0.501671813886347,0.500132850700619,0,0.503989744742243,0.49944559721261,0.49835234823997,0,0
