EGFR,PI3K_AKT,mTOR,MEK_ERK,PKC,TGFb-SMAD,STAT3,DPD_NC,DPD_LB
0,0.426612804195299,0.425248835765485,0.428308478459132,0.423835023979005,0.426924892816785,0,0,0
0.214332948744367,0,0.207631118257409,0.204416059276098,0.208664060117336,0.205812665865128,0.192202079500948,0,0
0.17558513015971,0.17211895581776,0,0.16331750108089,0.160200656693553,0.168767772818579,1.10809077133265e-08,0,0
0.177926599029824,0.171893769474909,0.179189283728042,0,0.179007060410042,0.222801570266965,0.217695510240745,0,0
0.0640780111694445,0,0,0.0387392590451334,0,0.0311070390667319,0.0381783415372211,0,0
1.28651798236815,0.591609485324659,1.36092944478728,0.700224831565578,1.29302151542552,0,0.556385751539967,0,0
0.234838442643993,0.193946356598487,0.214772584614923,0.218554533636012,0.231302029274543,0.231393097684894,0,0,0
0,0.414870472969174,0.417795469313496,0.416449726412617,0.416379991257441,0.415291054814958,0.415945889006808,0,0
0,0.409583265977212,0.398843442052698,0.399551390441763,0.408737191280768,0.400151666015476,0.401729456669513,0,0
