EGFR,PI3K_AKT,mTOR,MEK_ERK,PKC,TGFb-SMAD,STAT3,DPD_NC,DPD_LB
0,0,0,0.103989127649815,0,0,0,0,0
0.382289568238518,0,0.380917976067191,0.381864811587797,0,0.308089232456908,0.380148132056541,0,0
0,0,0,0.216585800342598,0.219187458765121,0,0,0,0
0.760764125179989,0.0412267314414354,0.0596297414737735,0,0,0.350870170447282,0.409415676965641,0,0
0,0,0,0,0,0,0,0,0
0.0527302732051452,0,0,0,0,0,0,0,0
0.313872580073281,0,0.320737507863084,0.317443155092692,0,0,0,0,0
0,0.391505942077564,0.397831044713259,0.394116728199905,0.401178491719729,0.397553877776396,0.394346624227438,0,0
0,0,0.614272018914817,0.609388547548448,0,0,0,0,0
