EGFR,PI3K_AKT,mTOR,MEK_ERK,PKC,TGFb-SMAD,STAT3,DPD_NC,DPD_LB
0,0,0,0.619578869680543,0,0,0,0,0
-0.264844977170933,0,-0.108889460687052,0.754217336675113,0,-0.0424067060517413,0.927643429195516,0,0
0,0,0,0.308179911210494,1.36785786915095,0,0,0,0
0.937785280766481,0.00284706068874722,-0.00752875053471224,0,0,0.144118370691498,-0.311640181636049,0,0
0,0,0,0,0,0,0,0,0
-0.41076347303725,0,0,0,0,0,0,0,0
2.46474222371076,0,-0.488919925916361,-2.13052255639554,0,0,0,0,0
0,4.52344184236957,-1.77703434154592,1.15476523854108,-10.6179181669901,8.98110115684577,-7.71688566059604,0,0
0,0,0.277334459937278,0.384611908767334,0,0,0,0,0
