EGFR,PI3K_AKT,mTOR,MEK_ERK,PKC,TGFb-SMAD,STAT3,DPD_NC,DPD_LB
0,0.00288575494947531,-0.000637041729512071,0.687258929270531,-0.592183996962331,0.00873235202565797,0,0,0
0.0819801999993391,0,-0.655807649056765,0.812516792424473,0.00163899798378668,-0.574602579198309,1.03190392315849,0,0
-1.14591582762503,0.448752653749232,0,1.14838336238739,0.0470128102874941,-0.812360846910968,0.000149786333002202,0,0
-0.283811859662913,0.780737332438211,0.582936614453595,0,0.0331966315475629,-0.414188869676757,-0.257316077558758,0,0
0,0,0,0.901582724632255,0,0,0,0,0
0,0,0,0,0,0,0,0,0
0.205700937085389,0.737141663839611,0.524600296746655,-0.858721946848662,0,0,0,0,0
0,-1.57317727452296,0.000249096498881046,1.0260950454056,1.03283610162004,0.00020437350968617,-0.000345658309940198,0,0
0,0.382099949335084,0.0412317408172537,0.31650430131997,-0.461462966177414,-0.555398859071494,0.0177666038813785,0,0
