EGFR,PI3K_AKT,mTOR,MEK_ERK,PKC,TGFb-SMAD,STAT3,DPD_NC,DPD_LB
0,0.49460726711032,1.11022302462516e-16,1.11022302462516e-16,1.11022302462516e-16,1.11022302462516e-16,0,0,0
0,0,0,0,0,0,0.0459010717763472,0,0
0.0591889010251952,0.0591889010251952,0,0.0591889010251952,8.88178419700126e-16,0,0,0,0
0.394462226809267,0,0,0,0.49414995380528,0.225985277518389,0.0851894057446044,0,0
4.44089209850063e-16,4.44089209850063e-16,0,0,0,0,0,0,0
6.66133814775094e-16,0,0,6.66133814775094e-16,0,0,0,0,0
0,0,0,0,0,0,0,0,0
0,8.88178419700125e-16,8.88178419700125e-16,8.88178419700125e-16,8.88178419700125e-16,8.88178419700125e-16,0.24543871199126,0,0
0,6.66133814775094e-16,6.66133814775094e-16,6.66133814775094e-16,6.66133814775094e-16,6.66133814775094e-16,0.235602202743628,0,0
