EGFR,PI3K_AKT,mTOR,MEK_ERK,PKC,TGFb-SMAD,STAT3,DPD_NC,DPD_LB
0,0.0391211730831641,0.0334663445260829,0.488947138005155,0.488220524350237,0.0665335880199287,0,0,0
0.390924766861194,0,0.416396843188216,0.43849307630285,0.0307761104521129,0.425471432649468,0.420363765277701,0,0
0.88823686298062,0.586097762054454,0,0.802239012614621,0.526695400836514,0.638801610554577,0.00832113617522016,0,0
0.534987794516949,0.551271326569973,0.485609973930481,0,0.148713894132024,0.46985725954552,0.454929247289918,0,0
0,0,0,0.049140336461545,0,0,0,0,0
0,0,0,0,0,0,0,0,0
0.354741725073683,0.392518425976453,0.384536773334044,0.396770885180836,0,0,0,0,0
0,0.590669016662081,0.0102984390003606,0.582843475279404,0.578755144620378,0.00858217390393849,0.0130679329097846,0,0
0,0.518798940602741,0.300074892791425,0.510475479639895,0.514133042114996,0.508879264606219,0.301041587857298,0,0
