EGFR,PI3K_AKT,mTOR,MEK_ERK,PKC,TGFb-SMAD,STAT3,DPD_NC,DPD_LB
0,2.22044604925031e-16,0,0,2.22044604925031e-16,0,0,0,0
4.44089209850063e-16,0,4.44089209850063e-16,4.44089209850063e-16,0.468320784646399,0.15716037586312,4.44089209850063e-16,0,0
0.0955203251040423,2.22044604925031e-16,0,0.0955203251040423,2.22044604925031e-16,0,0.0955203251040423,0,0
6.66133814775094e-16,0,0.459856701774968,0,0,0.0936628341221979,6.66133814775094e-16,0,0
7.77156117237609e-16,0,0,0,0,0,0,0,0
0.462302615650972,0,2.22044604925031e-16,0.462302615650972,0,0,0,0,0
8.88178419700126e-16,0,0,8.88178419700126e-16,8.88178419700126e-16,0,0,0,0
0,1.4432899320127e-15,0,1.4432899320127e-15,0,0,1.4432899320127e-15,0,0
0,0,0,4.44089209850063e-16,4.44089209850063e-16,0,4.44089209850063e-16,0,0
