EGFR,PI3K_AKT,mTOR,MEK_ERK,PKC,TGFb-SMAD,STAT3,DPD_NC,DPD_LB
0,0.190965505242824,0,0,-1.06646546952853,0,0,0,0
0.123522392612973,0,-1.05356059980641,0.546769163150795,0.294782512335859,-1.46250663641026,1.05763232058736,0,0
-0.00290154490752259,0.123747810587743,0,0.00230639244141157,0.600728617331029,0,-0.0011961616958549,0,0
0.444454710231094,0,-0.152723295614347,0,0,-0.595976424889405,0.0685408680073223,0,0
0.59722055335886,0,0,0,0,0,0,0,0
0.0782829047732745,0,-0.485021637212102,-0.137157104481691,0,0,0,0,0
1.37291796755005,0,0,-1.5873732525368,0.562646164362843,0,0,0,0
0,-0.190184796804365,0,-1.84752546729284,0,0,-1.03540966307787,0,0
0,0,0,0.622393226157256,-0.596651187557387,0,0.82990422201386,0,0
