EGFR,PI3K_AKT,mTOR,MEK_ERK,PKC,TGFb-SMAD,STAT3,DPD_NC,DPD_LB
0,0.0911451880980878,-0.0267667184192001,0.484154176911233,-0.149966058776136,0.59250085357432,0,0,0
2.26570189904248,0,-0.556063734331335,-1.89312221525384,1.50238735912142,0.562456779218939,0.000350862236680119,0,0
-0.00458576652289555,0.00122827332541287,0,0.00285316641361602,0.616283794773536,0,0,0,0
0.12002701860176,0.362448514346298,0.310200562681065,0,-0.0167204154055919,0.56151592876766,0.000825820201861507,0,0
1.19276227184786,0.586621887622352,0,0,0,0,0,0,0
0.691999181180021,0,0,-0.237072312674549,0,0,0,0,0
0,0,0,0,0,0,0,0,0
0,-0.292484440797114,0.346078714493172,0.62463514825972,0.314933912857193,-0.214315036599478,-0.0114810779975057,0,0
0,0.914875023619251,-0.823354130480721,0.714908876289329,0.0771475823164768,0.883808830768208,-0.0248557045494251,0,0
