EGFR,PI3K_AKT,mTOR,MEK_ERK,PKC,TGFb-SMAD,STAT3,DPD_NC,DPD_LB
0,0.345184359510044,0.4557323220385,0.462096435809823,0.475976310365961,0.531054771311415,0,0,0
0.489505264228768,0,0.490714757754353,0.497881934440883,0.489840582998049,0.487510291893927,0.00998069077742291,0,0
0.0780172434946712,0.0232623114324029,0,0.0491910327102297,0.0606374036149387,0,0,0,0
0.452429763790482,0.477041011373455,0.474924134935268,0,0.257309462207176,0.494555695506877,0.0192684151164946,0,0
0.163240392335245,0.162041418350979,0,0,0,0,0,0,0
0.352637236674959,0,0,0.350958084387091,0,0,0,0,0
0,0,0,0,0,0,0,0,0
0,0.490496354256721,0.491922120888738,0.491581364918396,0.492647314642633,0.487365927130583,0.087074600434389,0,0
0,0.483133764467539,0.487813237341738,0.482988821974429,0.488179127185282,0.482455220734572,0.120508447262184,0,0
