EGFR,PI3K_AKT,mTOR,MEK_ERK,PKC,TGFb-SMAD,STAT3,DPD_NC,DPD_LB
0,0.25021476716614,0.039080438076064,0.562061643218604,-0.689919732249053,0.140727118393926,0,0,0
1.04400935289386,0,0.263189469259199,-0.440198239505089,0.452156853821456,-0.662673879894956,-0.00649477462389829,0,0
0.57848473508129,-0.142199414582835,0,-0.188631717077297,0.874736013271108,-0.331330867973514,-1.53338283338054e-16,0,0
0.379828521054461,-0.0133069129372213,0.230819867789036,0,0.169594429730416,0.00899309572044789,0.00191401168472276,0,0
1.43215919184733,0,0,0.00257051755163895,0,0.000673337668443602,0.00254409863816332,0,0
-1.77280466891708,0.495071246334547,0.847579289053077,1.56205521265258,-1.67848766153431,0,0.5782182945513,0,0
0.426142805440732,-0.0412544234598926,0.427750062183253,-0.814194952563246,0.355460612667794,0.803610643216706,0,0,0
0,-0.447145367455444,-1.31658228010964,0.0312917822649217,2.35994329042488,1.23885470651384,-0.0989359118499723,0,0
0,0.865785218053095,1.5081183448444,1.04019237027201,-3.06965145347481,0.0034475290710981,0.272391458605268,0,0
