EGFR,PI3K_AKT,mTOR,MEK_ERK,PKC,TGFb-SMAD,STAT3,DPD_NC,DPD_LB
0,0,0,1,0.426816823242905,1,0,0,0
1,0,1,1,0,1,1,0,0
0,0,0,0,0.999999999999999,0,0,0,0
1,0.150724877331782,1,0,0,0.150724877331782,0.150724877331782,0,0
0.999999999999999,0,0,0,0,0,0,0,0
0,0,0,0,1,0,0,0,0
0,0,0.999999999999999,0.999999999999999,0,0,0,0,0
0,1,1,1,1,1,1,0,0
0,0.999999999999999,0.999999999999999,0,0.999999999999999,0.999999999999999,0.999999999999999,0,0
