EGFR,PI3K_AKT,mTOR,MEK_ERK,PKC,TGFb-SMAD,STAT3,DPD_NC,DPD_LB
0,0.022335825249369,0.022335825249369,0.999999999999999,0.999999999999999,0.022335825249369,0,0,0
0.761128416214568,0,1,1,0.0029888092844097,1,1,0,0
1,1,0,1,1,0.694156385503175,0.000741328953322748,0,0
0.999999999999999,0.999999999999999,0.999999999999999,0,0.0900671075401047,0.912363242894089,0.911738442110882,0,0
0,0,0,0.999999999999999,0,0,0,0,0
0,0,0,0,0,0,0,0,0
0.561842493635517,1,1,1,0,0,0,0,0
0,1,0.000780895044984382,1,1,0.000780895044984382,0.000780895044984382,0,0
0,1,0.50076999175911,1,1,1,0.50076999175911,0,0
