EGFR,PI3K_AKT,mTOR,MEK_ERK,PKC,TGFb-SMAD,STAT3,DPD_NC,DPD_LB
0,6.66133814775094e-16,6.66133814775094e-16,0.11225779250704,6.66133814775094e-16,6.66133814775094e-16,0.0564801855877606,0,0
0.0235301362003262,0,0.0796646690868783,0.0370576296781188,0.416681504932934,0.112531535187322,0.365361107707353,0,0
0.0824626777365819,0.0824626777365819,0,2.22044604925031e-16,2.22044604925031e-16,0,0.0824626777365819,0,0
1.11022302462516e-16,0.499947671468712,1.11022302462516e-16,0,0,1.11022302462516e-16,0.314566185618829,0,0
0,1.11022302462516e-16,0,0,0,0,0,0,0
4.44089209850063e-16,0,4.44089209850063e-16,4.44089209850063e-16,0,0,0,0,0
2.22044604925031e-16,0,0,2.22044604925031e-16,2.22044604925031e-16,2.22044604925031e-16,0,0,0
0,0,0.409146884371441,0.441905855410648,1.11022302462516e-16,0.441905855410648,0.441905855410648,0,0
0,0.454650449167026,2.22044604925031e-16,2.22044604925031e-16,2.22044604925031e-16,2.22044604925031e-16,2.22044604925031e-16,0,0
