EGFR,PI3K_AKT,mTOR,MEK_ERK,PKC,TGFb-SMAD,STAT3,DPD_NC,DPD_LB
0,0.256252466051682,-0.280123273159276,0.179306818312899,-0.764912394888175,-0.0813862404442762,0,0,0
-0.127289745829108,0,0.0189061802686863,0.29913351494724,0.109382048510048,-0.0653914939735076,0.170559746929756,0,0
0,0,0,0.436681513383333,0.539783816285201,0,0,0,0
0,0,0,0,0,0,0,0,0
0,0,0,0,0,0,0,0,0
0,0,0,0,0,0,0,0,0
-0.304133272362938,0,0,-1.06604506662938,0,-1.16373573938495,0,0,0
0,0.050328004284108,0.186049074274306,0.244453266140019,0.340581408348388,-0.216546466833461,0.162041401041365,0,0
0,0.104150661186958,-0.452613043362629,0.733819331565775,-0.275087278409516,0.249995756476889,0.104160456282883,0,0
