EGFR,PI3K_AKT,mTOR,MEK_ERK,PKC,TGFb-SMAD,STAT3,DPD_NC,DPD_LB
0,0.480209998588968,-0.364792873661173,0.227729918085897,-0.521195155364492,-0.288885996462056,0.000488908088601686,0,0
-0.0286719506337764,0,-0.013032570579684,0.123829671813008,0.206388198774842,-0.0723222286408753,0.00576002831873567,0,0
-0.000340379019656299,-0.0010278406759022,0,0.521648902201979,0.857091452366265,0,0.00187410222313738,0,0
-0.419074635715004,-0.0345739976936857,0.0474875391245064,0,0,0.0840074499921544,0.765259362208277,0,0
0,0.902157773382208,0,0,0,0,0,0,0
-0.716323198835854,0,-0.541995456183177,0.247814550021286,0,0,0,0,0
1.26544997323111,0,0,-1.26921602777649,0.800668507538274,-0.599852965402495,0,0,0
0,0,0.110418540104846,0.0477659104738923,0.351472119343106,0.0320665510398509,0.0210345180784982,0,0
0,0.323188473535188,-0.613054469912482,0.228061359592182,0.35873409869355,0.129618687093436,-0.384463080143921,0,0
