EGFR,PI3K_AKT,mTOR,MEK_ERK,PKC,TGFb-SMAD,STAT3,DPD_NC,DPD_LB
0,0.999999999999999,0.999999999999999,0.999999999999999,0.999999999999999,0.929242461285985,0.168510929065179,0,0
0.707418562160683,0,0.677408596258493,0.707418562160683,0.285546445898421,0.613502277668744,0.707418562160683,0,0
0.653469657048467,1,0,1,0.996949074829034,0.089444272853518,0.646908530216662,0,0
0.992289030039045,0.992289030039045,0.984811339567598,0,0.930804790491847,0.211720282688834,0.992289030039045,0,0
0,0,0,0,0,0,0,0,0
0.0200514883822693,0.0200514883822693,0.0200514883822693,0.0200514883822693,0.0200514883822693,0,0.0200514883822693,0,0
1,1,1,1,0.675901584498688,1,0,0,0
0,0,0,0.999999999999999,0,0,0,0,0
0,1,1,1,1,1,1,0,0
