EGFR,PI3K_AKT,mTOR,MEK_ERK,PKC,TGFb-SMAD,STAT3,DPD_NC,DPD_LB
0,8.88178419700125e-16,8.88178419700125e-16,8.88178419700125e-16,8.88178419700125e-16,8.88178419700125e-16,0,0,0
0,0,0,0,0,0,0,0,0
0,0,0,0,8.88178419700126e-16,0,0,0,0
1.33226762955019e-15,0.420853153498564,0.420853153498564,0,0,1.33226762955019e-15,1.33226762955019e-15,0,0
0,0,0,0,0,0,0,0,0
0.360904334492073,0,0,2.22044604925031e-16,0,0,2.22044604925031e-16,0,0
0.361051882287299,0,0,6.66133814775094e-16,0,6.66133814775094e-16,0,0,0
0,0.227429975929859,0,0,0,1.11022302462516e-16,1.11022302462516e-16,0,0
0,4.44089209850063e-16,4.44089209850063e-16,4.44089209850063e-16,4.44089209850063e-16,4.44089209850063e-16,0.180392534891584,0,0
