EGFR,PI3K_AKT,mTOR,MEK_ERK,PKC,TGFb-SMAD,STAT3,DPD_NC,DPD_LB
0,0.540644875407623,0.144413941512445,0.967410051475806,-0.276577222893314,0.116447226959954,-0.018537842062372,0,0
0.0608210926101099,0,-0.0291342995008936,-0.0455998942339681,0.0404355842366117,0.0882981818052938,0.0567865548989165,0,0
0.272961506597964,0.471706044928955,0,0.0409334550855092,0.772033796244556,0.0344644162626055,-0.13099928451313,0,0
0.15646814031161,-0.223688159789416,0.00464605255117812,0,0.18449154573783,0.0129417982130017,0.112183001353893,0,0
0,0,0,0,0,0,0,0,0
0.00672579591282768,-0.00507064498826199,-0.00432610530330965,-0.00555716530854041,0.00399194156755333,0,-0.00874321802957276,0,0
2.38978978538518,-1.93462224570078,-0.414209687173999,-3.173021427309,0.0915076235842861,-2.68432550393656,0,0,0
0,0,0,0.271468222805252,0,0,0,0,0
0,0.844030191134075,0.402693831658354,0.431054062089836,0.311089449544678,-0.0606060348586745,0.21400883101099,0,0
