EGFR,PI3K_AKT,mTOR,MEK_ERK,PKC,TGFb-SMAD,STAT3,DPD_NC,DPD_LB
0,0.488569847900142,0.155616057172396,0.488821525721751,0.490235265882563,0.516957138541145,0.107785769236391,0,0
0.656589433749282,0,0.515686402996395,0.789124251533159,0,0.64042357844796,0.0285833849821845,0,0
0,0.446992051559904,0,0.448141616430508,0.43938865658173,0,0,0,0
0.0395464262671158,0.00828224232940926,0.0310227373428501,0,0,0.0385422536701047,0.019404464115935,0,0
0.110676204263222,0,0.106975839229191,0.172700270323789,0,0,0,0,0
0.208222229368815,0,0.00471138896190936,0.210218656550926,0,0,0,0,0
0.410622222370959,0.408627901261873,0.405017804598107,0.409500520007824,0.412328001485306,0,0,0,0
0,0.264868132779862,0.552070162442252,0.267953895690063,0.289343354948396,0.561746000893124,0.535247716004996,0,0
0,4.10547248781615,0.774991139089834,4.09096045158164,7.5171446993337,9.78556299477328,1.62402468207885,0,0
