EGFR,PI3K_AKT,mTOR,MEK_ERK,PKC,TGFb-SMAD,STAT3,DPD_NC,DPD_LB
0,9.99200722162641e-16,9.99200722162641e-16,9.99200722162641e-16,9.99200722162641e-16,0.256419401428888,0.374319376803779,0,0
0.454947843242732,0,0.467467849133618,0.454947843242732,0.451674299836954,0.48694684819189,0.454947843242732,0,0
0.475864544135646,1.11022302462516e-15,0,1.11022302462516e-15,0.0551508569885243,0.285383942973713,0.477930835738373,0,0
0.0874729152550393,0.0874729152550393,0.122302759685421,0,0.253785800409075,0.408527605660859,0.0874729152550393,0,0
0,0,0,0,0,0,0,0,0
0.140176410982465,0.140176410982465,0.140176410982465,0.140176410982465,0.140176410982465,0,0.140176410982465,0,0
4.44089209850063e-16,4.44089209850063e-16,4.44089209850063e-16,4.44089209850063e-16,0.468036999147344,4.44089209850063e-16,0,0,0
0,0,0,1.4432899320127e-15,0,0,0,0,0
0,4.44089209850063e-16,4.44089209850063e-16,4.44089209850063e-16,4.44089209850063e-16,4.44089209850063e-16,4.44089209850063e-16,0,0
