EGFR,PI3K_AKT,mTOR,MEK_ERK,PKC,TGFb-SMAD,STAT3,DPD_NC,DPD_LB
0,0.999999999999999,0.999999999999999,0.987235249157371,0.999999999999999,0.999999999999999,0.00320025298318427,0,0
0.999446025802982,0,0.993612743453081,0.998624841020419,0.776363028364549,0.987172098532319,0.841337459085368,0,0
0.00684697427622667,0.00684697427622667,0,1,1,0,0.00684697427622667,0,0
1,0.507233656959829,1,0,0,1,0.888649089623558,0,0
0,1,0,0,0,0,0,0,0
1,0,1,1,0,0,0,0,0
1,0,0,1,1,1,0,0,0
0,0,0.787400116578164,0.266078613731486,1,0.266078613731486,0.266078613731486,0,0
0,0.708069625539679,1,1,1,1,1,0,0
