EGFR,PI3K_AKT,mTOR,MEK_ERK,PKC,TGFb-SMAD,STAT3,DPD_NC,DPD_LB
0,0.0476742529648372,0.416095342423972,1.55431223447522e-15,1.55431223447522e-15,0.192376608647748,0.327539259036671,0,0
8.88178419700126e-16,0,0.301547225517428,8.88178419700126e-16,0,0.397458597426602,0.121192447847186,0,0
0,4.44089209850063e-16,0,4.44089209850063e-16,4.44089209850063e-16,0,0,0,0
0.104103607015327,0.0494049534657453,0.104103607015327,0,0,0.104103607015327,0.104103607015327,0,0
0.207413729609106,0,0.207413729609106,0.207413729609106,0,0,0,0,0
6.66133814775094e-16,0,0.0487212963081655,6.66133814775094e-16,0,0,0,0,0
1.11022302462516e-16,1.11022302462516e-16,1.11022302462516e-16,1.11022302462516e-16,1.11022302462516e-16,0,0,0,0
0,0.490746533515017,4.44089209850063e-16,0.490746533515017,0.490746533515017,0.0900496401945219,4.44089209850063e-16,0,0
0,2.22044604925031e-16,2.22044604925031e-16,2.22044604925031e-16,2.22044604925031e-16,0.0867881196345291,2.22044604925031e-16,0,0
