EGFR,PI3K_AKT,mTOR,MEK_ERK,PKC,TGFb-SMAD,STAT3,DPD_NC,DPD_LB
0,1,1,1,1,1,0,0,0
0,0,0,0,0,0,0,0,0
0,1,0,1,1,0,0,0,0
0,1,0,0,0,0,0,0,0
0,0,0,0,0,0,0,0,0
0,0,0,0,0,0,0,0,0
1,1,0.590207968890205,0.590207968890205,0.590207968890205,0.409792031109795,0,0,0
0,0.672071887744031,0.999999999999999,0.999999999999999,0.999999999999999,0.999999999999999,0,0,0
0,1,1,1,1,1,0,0,0
