EGFR,PI3K_AKT,mTOR,MEK_ERK,PKC,TGFb-SMAD,STAT3,DPD_NC,DPD_LB
0,0.997721976211867,0.222755223650512,1,1,0.961509740357874,0.122219595810333,0,0
1,0,0.898834891631539,1,0,0.803358967778568,0.0149099149799007,0,0
0,1,0,1,1,0,0,0,0
0.0109576306633552,0.00244683643549434,0.0109576306633552,0,0,0.0109576306633552,0.0109576306633552,0,0
0.0450499535447439,0,0.0450499535447439,0.0450499535447439,0,0,0,0,0
1,0,0.00237942638386429,1,0,0,0,0,0
1,1,1,1,1,0,0,0,0
0,0.404251162706828,1,0.404251162706828,0.404251162706828,0.991824218904313,1,0,0
0,1,1,1,1,0.992410217491781,1,0,0
