EGFR,PI3K_AKT,mTOR,MEK_ERK,PKC,TGFb-SMAD,STAT3,DPD_NC,DPD_LB
0,0.999999999999999,0.999999999999999,0.999999999999999,0.999999999999999,0.999999999999999,0,0,0
0,0,0,0,0,0,0,0,0
0,0,0,0,1,0,0,0,0
1,0.769967818804973,0.769967818804973,0,0,1,1,0,0
0,0,0,0,0,0,1,0,0
0.153953671678439,0,0,1,0,0,1,0,0
0.154107620354541,0,0,1,0,1,0,0,0
0,0.0547185092005912,0,0,0,1,1,0,0
0,1,1,1,1,1,0.966324493625833,0,0
