EGFR,PI3K_AKT,mTOR,MEK_ERK,PKC,TGFb-SMAD,STAT3,DPD_NC,DPD_LB
0,-0.0547242562394831,-0.0334160647604543,1.21998681269565,-0.3977886002591,0.528088562256195,-0.00786151192961197,0,0
0.508505360771795,0,0.323215066371147,-0.66921672438484,0,0.849520049924157,0.00105459011109884,0,0
0,0.814573725949822,0,0.57287421107483,0.990689929374384,0,0,0,0
0.00363587211164082,-0.000329762836575002,0.0024869116519469,0,0,0.00312079300579276,0.000804439678808926,0,0
0.0198329747023597,0,0.0187953253080448,-0.0349691437344574,0,0,0,0,0
0.631615731927093,0,-0.0001180545429983,-0.947993542993438,0,0,0,0,0
-1.61674095062829,-1.43152379606908,0.840436525104374,0.413043538556741,-4.2781752558276,0,0,0,0
0,-0.0168105687504628,0.353048056474423,-0.0417726770092037,-0.0840133339561941,1.15392401796241,-0.176992561485927,0,0
0,83.4430474229496,-18.8782076233374,93.4819380204875,96.210370287711,111.775179926287,18.5625057199199,0,0
