EGFR,PI3K_AKT,mTOR,MEK_ERK,PKC,TGFb-SMAD,STAT3,DPD_NC,DPD_LB
0,0.437000450102861,0.441851064591395,0.436078507555797,0.439365002792648,0.438073983880493,0,0,0
0,0,0,0,0,0,0,0,0
0,0.46017999724794,0,0.455051986514546,0.458112401350643,0,0,0,0
0,0.196190360810173,0,0,0,0,0,0,0
0,0,0,0,0,0,0,0,0
0,0,0,0,0,0,0,0,0
0.983546095479659,0.374812964491539,0.653114652477616,1.08375069451978,1.82548551926977,2.4075910548064,0,0,0
0,0.491589904580768,0.531481853461156,0.528413688267599,0.538752028852122,0.589877011103019,0,0,0
0,0.533788355288504,0.534272935059313,0.540343644357786,0.540327799193298,0.537285247927759,0,0,0
