EGFR,PI3K_AKT,mTOR,MEK_ERK,PKC,TGFb-SMAD,STAT3,DPD_NC,DPD_LB
0,-0.774240735894546,-0.428666758472337,0.954603942328767,-0.987635847179865,0.341761412929011,0,0,0
0,0,0,0,0,0,0,0,0
0,-0.793733823116043,0,0.131715392572794,0.402311023172898,0,0,0,0
0,-0.74540918131388,0,0,0,0,0,0,0
0,0,0,0,0,0,0,0,0
0,0,0,0,0,0,0,0,0
-1.81990223627251,-4.27312644759825,-0.696252580418539,1.25035856650551,-2.16162106019715,-1.99753459114623,0,0,0
0,0.282108848681242,0.241748254741445,0.19102316629159,0.680155993130428,-0.437386382053815,0,0,0
0,0.640777578741282,-0.21212519062355,0.755768488962437,-1.11982461310196,-0.2327460265326,0,0,0
