EGFR,PI3K_AKT,mTOR,MEK_ERK,PKC,TGFb-SMAD,STAT3,DPD_NC,DPD_LB
0,0.457570131911935,0.456238938464027,0.446376998329645,0.459645230783092,0.47169237633849,0.0134192889251447,0,0
0.447529339254949,0,0.407469122360785,0.398990095040159,0.336282990713731,0.44083616699278,0.346952270423466,0,0
0.0190071524386351,0.0225326783602884,0,0.198425255907321,0.198509295596673,0,0.0292631963110675,0,0
0.597882349598783,0.327410616876038,0.513986111080905,0,0,0.527909938084091,0.544263701445463,0,0
0,0.0401591640464567,0,0,0,0,0,0,0
0.318749845984856,0,0.319563346631844,0.318027764663419,0,0,0,0,0
0.403214639302296,0,0,0.403146625162716,0.406793407357153,0.394290974778661,0,0,0
0,0,0.408409785976811,0.2359786573391,0.416872742278693,0.2299158205496,0.225515589920027,0,0
0,0.435012083603406,0.44151005363668,0.450568663262248,0.445676075404383,0.448297643807087,0.446980270746745,0,0
