EGFR,PI3K_AKT,mTOR,MEK_ERK,PKC,TGFb-SMAD,STAT3,DPD_NC,DPD_LB
0,0.43817459757694,0.432955176195368,0.409941502501733,0.443062146985354,0.558613028928722,0,0,0
0.468315330540985,0,0.441500477083263,0.470191554793592,0.304119738570227,0.463935563395287,0.464303490501346,0,0
0,0,0,0.202965364456989,0.204946457846144,0,0,0,0
0,0,0,0,0,0,0,0,0
0,0,0,0,0,0,0,0,0
0,0,0,0,0,0,0,0,0
0.448998356422103,0,0,0.443346690116667,0,0.440991928356556,0,0,0
0,0.4714445615263,0.474509612361988,0.47029475388073,0.470199651099854,0.470400354345443,0.471131916760647,0,0
0,0.452799550401462,0.456687854202605,0.45427963373785,0.455417892657982,0.454356073160692,0.454465903579469,0,0
