EGFR,PI3K_AKT,mTOR,MEK_ERK,PKC,TGFb-SMAD,STAT3,DPD_NC,DPD_LB
0,0.488599916006842,0.487581028652407,0.488956176625617,0.488929613227787,0.487968244028477,0,0,0
0,0,0,0,0,0,0,0,0
0,0,0,0,0.0523027724298724,0,0,0,0
0.422247574814698,0.533511597130272,0.411308015349209,0,0,0.633762517873881,0.459976738962078,0,0
0,0,0,0,0,0,0.0887669598775169,0,0
0.121658213819668,0,0,0.277091557448884,0,0,0.269305486315943,0,0
0.113510642359205,0,0,0.294790922245269,0,0.293736883581446,0,0,0
0,0.110715956594283,0,0,0,0.669315700026108,0.667432769852799,0,0
0,0.434669399129154,0.431587234493596,0.436361533641849,0.434517067067397,0.430956020569096,0.428990283961238,0,0
