EGFR,PI3K_AKT,mTOR,MEK_ERK,PKC,TGFb-SMAD,STAT3,DPD_NC,DPD_LB
0,0.119920767783304,-0.189094959903851,0.401006095229175,0.567136940257717,-0.0318223932982635,0,0,0
1.50429401162986,0,1.11060975398475,-0.618801682723875,0,-2.02067876781659,-0.326741221527013,0,0
0,-0.152997556018431,0,0,0.544413384630784,0,0,0,0
-0.387556518811676,0.260038305568393,0.904683549529439,0,0,-0.122983803138341,-0.321743232646158,0,0
0.77547773882761,0,0,0,0,0,0,0,0
0.960458297342878,0,0,-0.330146119416934,0,0,0,0,0
0.530716313905937,0,0,0,0,0,0,0,0
0,0,0.463964994929122,0.146917012118148,0,-0.0235193271356131,-0.0157347023115527,0,0
0,1.28444665267331,1.33658645515092,1.01542083748013,-2.46620700212881,-0.657813961336367,-1.95821451745812,0,0
