EGFR,PI3K_AKT,mTOR,MEK_ERK,PKC,TGFb-SMAD,STAT3,DPD_NC,DPD_LB
0,0,1,1,0,1,0,0,0
0.999999999999999,0,0.999999999999999,0.999999999999999,0,0.999999999999999,0.999999999999999,0,0
0,1,0,0.528225523262089,1,0.800192601587173,0.199807398412828,0,0
1,1,1,0,0,1,1,0,0
0.428010838924065,1,0,1,0,0,0,0,0
1,0,0,0,0,0,0,0,0
1,0,0,0,0,0,0,0,0
0,0,0,1,0,0.0861679636630925,0.0861679636630925,0,0
0,1,0,1,0.99744780150984,1,1,0,0
