EGFR,PI3K_AKT,mTOR,MEK_ERK,PKC,TGFb-SMAD,STAT3,DPD_NC,DPD_LB
0,0,-0.119999594824706,0.278898244449423,0,0.576497771647578,0,0,0
-0.713646273690167,0,0.263512439624486,-0.326050953123889,0,2.81034391827906,2.20266787478985,0,0
0,0.290882495358827,0,0.128679764405271,0.72143739994598,-0.995800174872017,-0.36178570729718,0,0
0.493113774526727,0.194112903598695,0.226088825173705,0,0,0.336310438214468,0.532884276878433,0,0
-0.138618603889161,0.33006575058546,0,0.528175162877063,0,0,0,0,0
0.65843110253916,0,0,0,0,0,0,0,0
0.520682962746708,0,0,0,0,0,0,0,0
0,0,0,0.492796630519609,0,0.0580842628306397,-0.0816502482190344,0,0
0,20.9421281752042,0,-9.34551897045883,-5.47497871366867,-21.0102317898554,36.8605347901823,0,0
