EGFR,PI3K_AKT,mTOR,MEK_ERK,PKC,TGFb-SMAD,STAT3,DPD_NC,DPD_LB
0,0.273227088304249,0.440675555285934,0.431338631636139,0.444765442724072,0.459368321191853,0,0,0
0.803208393837765,0,0.639441908626065,0.567260974177919,0.853794729131341,0.596164297997503,0.444625103755214,0,0
0,0.297726105345083,0,0.299175429805153,0,0,0,0,0
0.405674959589436,0,0.358178646044368,0,0.00579314275870359,0.406804094170261,0.314416613696006,0,0
0.323233799944682,0.320818725956114,0.0689731346994868,0.0529100564492229,0,0,0,0,0
0.17109898313871,0,0,0.17029531191371,0,0,0,0,0
0.774572444233977,0,0,0.552820748500979,0,0.577579118387357,0,0,0
0,0.135178457515739,0.489730453624755,0.288611392143576,0.516067431977103,0.53860669417146,0.3214934488058,0,0
0,0.144238102148561,0.51996624501007,0,0.515821375952804,0.525586016093015,0.17020713638585,0,0
