EGFR,PI3K_AKT,mTOR,MEK_ERK,PKC,TGFb-SMAD,STAT3,DPD_NC,DPD_LB
0,0.498370728075328,6.66133814775094e-16,6.66133814775094e-16,6.66133814775094e-16,6.66133814775094e-16,0,0,0
1.22124532708767e-15,0,0.499905928956288,1.22124532708767e-15,0.487591955728067,0.0166461320248594,0.4306978905617,0,0
0,4.44089209850063e-16,0,4.44089209850063e-16,0,0,0,0,0
6.66133814775095e-16,0,0.461158029942895,0,0.0277801598624915,6.66133814775095e-16,0.48429434401358,0,0
2.22044604925031e-16,2.22044604925031e-16,0.145886196470391,0.145886196470391,0,0,0,0,0
1.11022302462516e-16,0,0,1.11022302462516e-16,0,0,0,0,0
4.44089209850063e-16,0,0,4.44089209850063e-16,0,0.418193020446784,0,0,0
0,0.331250566261558,1.11022302462516e-15,0.480470106596811,0.276887490359336,0.223128670719696,0.484840387120089,0,0
0,0.325915458131115,6.66133814775094e-16,0,0.252715967329174,6.66133814775094e-16,0.406640147567308,0,0
