EGFR,PI3K_AKT,mTOR,MEK_ERK,PKC,TGFb-SMAD,STAT3,DPD_NC,DPD_LB
0,0.0340525462637044,-0.151743881040003,0.648883898304349,0.089113854072947,0.425570002436731,0,0,0
-1.59818231429516,0,0.447000652942765,1.28494234408873,-0.657028528232278,2.01285992814991,0.00893055696586417,0,0
0,0.27740000429252,0,0.183602076044476,0,0,0,0,0
1.65465422959041,0,0.0485163451726714,0,-0.000125825079266356,-1.15586869350464,0.177018351551623,0,0
0.388915379789281,0.512436611151037,0.00819662221057802,-0.00498772490992727,0,0,0,0,0
1.48999405206054,0,0,-0.863604741745138,0,0,0,0,0
-0.304263416119523,0,0,0.341317927413325,0,0.79591732207974,0,0,0
0,0.0113073971160561,0.417822404738163,0.0697213432984273,0.00789479754391269,0.325918327839469,0.153520952655865,0,0
0,-0.00418936838359947,0.517349842128243,0,-0.144231910662762,-0.898338909613859,-0.00780767642168026,0,0
