EGFR,PI3K_AKT,mTOR,MEK_ERK,PKC,TGFb-SMAD,STAT3,DPD_NC,DPD_LB
0,4.44089209850063e-16,4.44089209850063e-16,0.0894333548587244,4.44089209850063e-16,4.44089209850063e-16,0,0,0
4.44089209850063e-16,0,4.44089209850063e-16,0.4854701102447,0.4854701102447,0.499999922760403,0.485447924886997,0,0
0,1.11022302462516e-16,0,0,1.11022302462516e-16,0,1.11022302462516e-16,0,0
1.22124532708767e-15,1.22124532708767e-15,1.22124532708767e-15,0,0.085354423520586,1.22124532708767e-15,1.22124532708767e-15,0,0
1.11022302462516e-16,0,1.11022302462516e-16,0,0,0,0,0,0
0,0,0,2.22044604925031e-16,0,0,2.22044604925031e-16,0,0
0,0,0,1.11022302462516e-15,0,1.11022302462516e-15,0,0,0
0,0.172594727361831,0.160433318822109,4.44089209850063e-16,4.44089209850063e-16,4.44089209850063e-16,4.44089209850063e-16,0,0
0,0,6.66133814775094e-16,0,0,0,0,0,0
