EGFR,PI3K_AKT,mTOR,MEK_ERK,PKC,TGFb-SMAD,STAT3,DPD_NC,DPD_LB
0,6.66133814775094e-16,0.259675274233629,6.66133814775094e-16,6.66133814775094e-16,0.0440434263785991,0.0440434263785991,0,0
4.44089209850063e-16,0,4.44089209850063e-16,4.44089209850063e-16,4.44089209850063e-16,0.127764888215553,4.44089209850063e-16,0,0
0.295890916562645,4.44089209850063e-16,0,4.44089209850063e-16,4.44089209850063e-16,0.0585696592382661,0.29114393460656,0,0
4.44089209850063e-16,4.44089209850063e-16,4.44089209850063e-16,0,0,4.44089209850063e-16,4.44089209850063e-16,0,0
4.44089209850063e-16,4.44089209850063e-16,0,0,0,0,0,0,0
0,0,0,0,0,0,2.22044604925031e-16,0,0
0,0,0,0,0,6.66133814775094e-16,0,0,0
0,4.44089209850063e-16,0,0,0,0.406972156981427,4.44089209850063e-16,0,0
0,0,0,0,0,0,0,0,0
