EGFR,PI3K_AKT,mTOR,MEK_ERK,PKC,TGFb-SMAD,STAT3,DPD_NC,DPD_LB
0,0.412839547688366,-0.220969068840706,-0.000171218182429328,0.555917739117794,-0.871197305989966,0,0,0
1.1835949101848,0,0.439994937343962,-0.358966637320927,0.555871976207207,-0.483609376708977,-0.290510809124262,0,0
0,0.577680600978428,0,0,0.328778522149175,0,-0.790498526876578,0,0
0.697709398493981,0.1097899703168,0.257212085148823,0,0.000685773921425975,-0.0263392582836783,0.103104900504323,0,0
1.30503054560821,0,0.676390057598525,0,0,0,0,0,0
0,0,0,0.284890777851293,0,0,1.12346395283189,0,0
0,0,0,-0.254184131056439,0,0.717498366093363,0,0,0
0,-0.00464180034606816,0.00331030736023563,0.347498481229574,0.18098541107382,-0.501111034641482,1.08324501062664,0,0
0,0,21.4460079700729,0,0,0,0,0,0
