EGFR,PI3K_AKT,mTOR,MEK_ERK,PKC,TGFb-SMAD,STAT3,DPD_NC,DPD_LB
0,0,0.628635752026906,0.627524139238987,0,0.626750310905768,0,0,0
0.452395928654513,0,0.455110462423106,0.448084593509189,0,0.439982814879078,0.444327626529879,0,0
0,0.364738107855005,0,0.28925449249486,0.369053282372376,0.610539448413463,0.739084115046027,0,0
0.473853096564634,0.474805292540279,0.472309583470535,0,0,0.478154169240987,0.476677370989734,0,0
0.252713531047498,0.248511945975457,0,0.249215192250122,0,0,0,0,0
0.0394723006567205,0,0,0,0,0,0,0,0
0.0507538163373764,0,0,0,0,0,0,0,0
0,0,0,0.173918768140011,0,0.204789370489363,0.277457566000226,0,0
0,0.550822488629583,0,0.543618781108893,0.608922106875758,0.813668268687518,0.856443415055514,0,0
