EGFR,PI3K_AKT,mTOR,MEK_ERK,PKC,TGFb-SMAD,STAT3,DPD_NC,DPD_LB
0,0.495832658873881,0.498375753368763,0.0158921770525814,0.494339403704878,0.493818768746679,0,0,0
0.656118676704508,0,0.497631745457547,0.414420742907433,0.532806562416813,0.56341809022633,0.453509469783997,0,0
0,0.434676692404432,0,0,0.438218903231767,0,0.432349336460616,0,0
0.50968627946488,0.510044108296118,0.509984121022944,0,0.022411552542868,0.511011848208313,0.513752836527893,0,0
0.152818656194722,0,0.152080612304053,0,0,0,0,0,0
0,0,0,0.224595483189904,0,0,0.227304055012948,0,0
0,0,0,0.204859123052797,0,0.207667506133075,0,0,0
0,0.0510008189773338,0.0489424738849271,0.743566665504984,0.747932524503752,0.758143301313317,0.756810418278518,0,0
0,0,0.13028701754608,0,0,0,0,0,0
