EGFR,PI3K_AKT,mTOR,MEK_ERK,PKC,TGFb-SMAD,STAT3,DPD_NC,DPD_LB
0,0.459668654898852,0.999999999999999,0.999999999999999,0.999999999999999,0.999999999999999,0,0,0
0.999999999999999,0,0.509698566613208,0.999999999999999,0.38930183059653,0.999722829465104,0.753967177142445,0,0
0,1,0,1,0,0,0,0,0
1,0,0.69321819639772,0,0.000772333781455564,1,0.375665819838405,0,0
1,1,0.0217561106721776,0.0217561106721776,0,0,0,0,0
1,0,0,1,0,0,0,0,0
1,0,0,1,0,0.774070424616732,0,0,0
0,0.125469544160428,0.999999999999999,0.361621979104886,0.916333181097192,0.947452339699839,0.37781244327984,0,0
0,0.120817835135689,0.999999999999999,0,0.931433239165551,0.999999999999999,0.209063941068766,0,0
