EGFR,PI3K_AKT,mTOR,MEK_ERK,PKC,TGFb-SMAD,STAT3,DPD_NC,DPD_LB
0,1,0.927280647761738,1,1,0.998056399008018,0.00194360099198311,0,0
1,0,1,1,1,0.983400593027427,1,0,0
0.0969509142849744,1,0,1,1,0.00344225409655184,0.0935086601884225,0,0
1,1,1,0,0,1,1,0,0
1,1,0,0,0,0,0,0,0
0,0,0,0,0,0,1,0,0
0,0,0,0,0,0.999999999999999,0,0,0
0,1,0,0,0,0.790471450304303,1,0,0
0,0,1,1,1,1,1,0,0
