EGFR,PI3K_AKT,mTOR,MEK_ERK,PKC,TGFb-SMAD,STAT3,DPD_NC,DPD_LB
0,0.554041531954362,0.537441682754291,0.553781759730375,0.57194650905147,0.577806516361005,0.0214298931246076,0,0
0.438456995993378,0,0.438315137615549,0.437002134720921,0.43799257976282,0.427507126563439,0.427556715348643,0,0
0.181502750910465,0.383149784875187,0,0.387824969072298,0.384488385847583,0.0397953141748521,0.106174057495661,0,0
0.459381713157303,0.463840119515433,0.455818071018441,0,0,0.453781776949345,0.453847433628693,0,0
0.265287112472978,0.261105197232582,0,0,0,0,0,0,0
0,0,0,0,0,0,0.0396694191737188,0,0
0,0,0,0,0,0.0386690741531752,0,0,0
0,0.64881010113181,0,0,0,0.637348780343267,0.650403419696345,0,0
0,0,0.491331707641243,0.488722244591512,0.486227559833372,0.494627733358128,0.491839176464134,0,0
