EGFR,PI3K_AKT,mTOR,MEK_ERK,PKC,TGFb-SMAD,STAT3,DPD_NC,DPD_LB
0,-0.167109163680361,-0.162011516498194,0.375394120898744,0.132323459909537,-0.39556541999931,-0.000840224654809294,0,0
0.271054996019053,0,0.12260887600799,0.496134506530357,1.42252259536152,-0.45825244538009,-1.23200512482262,0,0
0.0483688936361979,0.45054392082222,0,-0.333715598456083,-0.490329177905029,-0.0022780505827454,-0.00919570815828273,0,0
1.13047540954276,0.149645921751171,0.304680441789138,0,0,0.304801546561696,-0.161259833990836,0,0
0.36786753845316,0.259280502568351,0,0,0,0,0,0,0
0,0,0,0,0,0,0.845507935069958,0,0
0,0,0,0,0,1.02215322839742,0,0,0
0,0.138931426496837,0,0,0,0.0446675668109722,0.638229753295346,0,0
0,0,0.389795460075291,0.704134595893138,1.11048135495615,-0.345359477218731,-1.22111988393996,0,0
