EGFR,PI3K_AKT,mTOR,MEK_ERK,PKC,TGFb-SMAD,STAT3,DPD_NC,DPD_LB
0,0.216729072258634,0.204172737482322,0.178605158485208,0.121551306704794,0.342474569858064,0,0,0
0.535610046102537,0,0.547709477584179,0.545151088273506,0,0.538852536995315,0.547095751513293,0,0
0,0.276043243520259,0,0,0.271615063275975,0,0,0,0
0.0441010435201869,0.036325787152582,0.05114709806797,0,0,0.232861522246905,0.14894230066186,0,0
0,0,0,0,0,0,0,0,0
0.032359436039576,0,0,0,0,0,0,0,0
0.240891728460815,0,0,0.239183461335687,0,0,0,0,0
0,0,0.730696919021297,0.719453848437056,0,0.724163567872163,0.720465899334881,0,0
0,0,0,0.613557456591074,0,0.626604153418898,0.62664027573713,0,0
