EGFR,PI3K_AKT,mTOR,MEK_ERK,PKC,TGFb-SMAD,STAT3,DPD_NC,DPD_LB
0,0.478686784214001,0.477286423074863,0.476091733931122,0.476892934716996,0.473360989709079,0,0,0
0,0,0.426745201565346,0,0,0,0.432495825570912,0,0
0.511704108774872,0.0531285247203698,0,0.511953373770149,0.517553809857713,0.108879074372933,0,0,0
0.471580256630147,0.434407697820119,0.469362910610885,0,0,0.464555022088522,0.443352135685909,0,0
0,0.0359716046852426,0,0,0,0,0,0,0
0.278790684927948,0,0.276998576665214,0.277149197744966,0,0,0,0,0
0,0,0,0,0,0.0439856931955411,0,0,0
0,0.415366080944805,0.420700763512028,0.423231478619229,0.417749315760557,0.418248109667654,0.415542015855235,0,0
0,0,0.411830934628192,0.299048315338115,0,0.349405396124324,0,0,0
