EGFR,PI3K_AKT,mTOR,MEK_ERK,PKC,TGFb-SMAD,STAT3,DPD_NC,DPD_LB
0,0.433343176237373,0.49968264751307,2.22044604925031e-16,0.433343176237373,2.22044604925031e-16,0,0,0
1.11022302462516e-15,0,0.497322465738036,1.11022302462516e-15,0,1.11022302462516e-15,0.104706893148418,0,0
0,0,0,0,4.44089209850063e-16,0,0,0,0
6.66133814775094e-16,6.66133814775094e-16,0.121288451765779,0,0,6.66133814775094e-16,0.37948576629519,0,0
2.22044604925031e-16,2.22044604925031e-16,0,0,0,0,0,0,0
1.55431223447522e-15,0,0,1.55431223447522e-15,0,0,0,0,0
4.44089209850063e-16,0,0,4.44089209850063e-16,0,0,0,0,0
0,0,0,8.88178419700126e-16,0,0,8.88178419700126e-16,0,0
0,4.44089209850063e-16,4.44089209850063e-16,4.44089209850063e-16,4.44089209850063e-16,4.44089209850063e-16,4.44089209850063e-16,0,0
