EGFR,PI3K_AKT,mTOR,MEK_ERK,PKC,TGFb-SMAD,STAT3,DPD_NC,DPD_LB
0,0.250573274069307,0.51781156293897,1,0.250573274069307,1,0,0,0
1,0,0.551675575199895,1,0,1,0.988913557315817,0,0
0,0,0,0,1,0,0,0,0
0.999999999999999,0.999999999999999,0.985066089794226,0,0,0.999999999999999,0.174438096240742,0,0
1,1,0,0,0,0,0,0,0
0.999999999999998,0,0,0.999999999999998,0,0,0,0,0
1,0,0,1,0,0,0,0,0
0,0,0,1,0,0,1,0,0
0,1,1,1,1,1,1,0,0
