EGFR,PI3K_AKT,mTOR,MEK_ERK,PKC,TGFb-SMAD,STAT3,DPD_NC,DPD_LB
0,2.22044604925031e-16,2.22044604925031e-16,2.22044604925031e-16,2.22044604925031e-16,2.22044604925031e-16,0,0,0
0,0,8.88178419700125e-16,0,0,0,8.88178419700125e-16,0,0
1.33226762955019e-15,0.194329155879443,0,1.33226762955019e-15,1.33226762955019e-15,0.194329155879443,0,0,0
4.44089209850063e-16,0.35985775901908,4.44089209850063e-16,0,0,0.252403120104974,4.44089209850063e-16,0,0
0,6.66133814775094e-16,0,0,0,0,0,0,0
4.44089209850063e-16,0,4.44089209850063e-16,4.44089209850063e-16,0,0,0,0,0
0,0,0,0,0,2.22044604925031e-16,0,0,0
0,2.22044604925031e-16,2.22044604925031e-16,2.22044604925031e-16,2.22044604925031e-16,2.22044604925031e-16,2.22044604925031e-16,0,0
0,0,1.11022302462516e-15,0.499851225259628,0,0.499851225259628,0,0,0
