EGFR,PI3K_AKT,mTOR,MEK_ERK,PKC,TGFb-SMAD,STAT3,DPD_NC,DPD_LB
0,0.421778765595681,0.421778765595681,0.421778765595681,0.33451893306764,3.33066907387547e-16,0,0,0
4.44089209850063e-16,0,4.44089209850063e-16,4.44089209850063e-16,0,4.44089209850063e-16,4.44089209850063e-16,0,0
0,1.88737914186276e-15,0,0,1.88737914186276e-15,0,0,0,0
0.0924904001779916,0.0924904001779916,0.0924904001779916,0,0,0.274893296242139,0.274893296242139,0,0
0,0,0,0,0,0,0,0,0
2.22044604925031e-16,0,0,0,0,0,0,0,0
2.22044604925031e-16,0,0,2.22044604925031e-16,0,0,0,0,0
0,0,2.22044604925031e-16,2.22044604925031e-16,0,2.22044604925031e-16,2.22044604925031e-16,0,0
0,0,0,1.11022302462516e-15,0,1.11022302462516e-15,0.327188624166596,0,0
