EGFR,PI3K_AKT,mTOR,MEK_ERK,PKC,TGFb-SMAD,STAT3,DPD_NC,DPD_LB
0,0.0430485768554093,-0.0323067094647013,0.290905258823479,-0.0242648340892232,0.610661841901916,0,0,0
-0.157525828790456,0,-0.0266466079381887,0.15481624803171,0,-0.335947621738771,0.966525199184126,0,0
0,0,0,0,0.398751128555664,0,0,0,0
0.0123014893797588,0.30588262223134,1.07412994953644,0,0,-0.359835965702308,-0.00480805772581815,0,0
0.217632455727412,0.539425727824819,0,0,0,0,0,0,0
1.35760707189896,0,0,-0.375307797004705,0,0,0,0,0
0.978485168264022,0,0,-0.4457507261414,0,0,0,0,0
0,0,0,0.337330121310084,0,0,-0.746766955824462,0,0
0,0.435910443359767,0.735588351162147,-0.148093904674834,-0.4487856516866,1.12748250545069,-1.97437439703934,0,0
