EGFR,PI3K_AKT,mTOR,MEK_ERK,PKC,TGFb-SMAD,STAT3,DPD_NC,DPD_LB
0,0.1923042529134,0.31169067326289,0.338893479395878,0.180395692488688,0.369409381436111,0,0,0
0.493493245836445,0,0.349283621406828,0.490673929180848,0,0.487990180876002,0.499371662333976,0,0
0,0,0,0,0.0500905902465416,0,0,0,0
0.562680860842898,0.546263793120401,0.563175286653375,0,0,0.548306621703082,0.146503227544925,0,0
0.224657284587059,0.226621125991847,0,0,0,0,0,0,0
0.192181257404269,0,0,0.191619921119075,0,0,0,0,0
0.160335420195222,0,0,0.159435922430153,0,0,0,0,0
0,0,0,0.579140117999372,0,0,0.582211202698445,0,0
0,0.452896358435012,0.454605235808155,0.457426139493381,0.454401310289632,0.453434851580374,0.459188178968642,0,0
