EGFR,PI3K_AKT,mTOR,MEK_ERK,PKC,TGFb-SMAD,STAT3,DPD_NC,DPD_LB
0,1,1,1,1,1,0,0,0
0,0,0.999999999999999,0,0,0,0.999999999999999,0,0
0.999999999999999,0.0393090198677825,0,0.999999999999999,0.999999999999999,0.0393090198677825,0,0,0
1,0.847134546355971,1,0,0,0.931616340007273,1,0,0
0,1,0,0,0,0,0,0,0
1,0,1,1,0,0,0,0,0
0,0,0,0,0,1,0,0,0
0,1,1,1,1,1,1,0,0
0,0,0.999999999999999,0.487803582228869,0,0.51219641777113,0,0,0
