EGFR,PI3K_AKT,mTOR,MEK_ERK,PKC,TGFb-SMAD,STAT3,DPD_NC,DPD_LB
0,-0.21393323077156,0.687729036091396,0.466884838287406,0.499656384928332,-0.639604776166316,0,0,0
0,0,0.663845532159816,0,0,0,-1.00552870553815,0,0
1.02802036209378,-0.0015350891038396,0,-0.20675259415421,0.361174982315005,0.0191535045918418,0,0,0
1.16626795470594,0.0951721133099487,-0.153248445949931,0,0,-0.397871769964762,0.905197465471728,0,0
0,0.503435030430971,0,0,0,0,0,0,0
-1.332038418957,0,1.00327237454028,0.608593438131035,0,0,0,0,0
0,0,0,0,0,0.594659178635218,0,0,0
0,-1.9862966641482,-1.71181742574823,1.55992215844152,6.82427180166467,-1.85459619103804,-1.07019510083212,0,0
0,0,0.420791110667957,0.113187196973494,0,0.20598022714909,0,0,0
