EGFR,PI3K_AKT,mTOR,MEK_ERK,PKC,TGFb-SMAD,STAT3,DPD_NC,DPD_LB
0,0.0786071485328488,0.0642306955087029,0.0431375733864413,0.0137331639782855,0.5749962709589,0,0,0
-1.26684028293311,0,-0.478742509235499,-0.17276536194929,0,1.1211997162436,-0.0173194360239364,0,0
0,-0.250282651299228,0,0,0.553036001230442,0,0,0,0
0.00367663608070505,0.00301454829668239,0.00449474048773163,0,0,0.0608525641957446,-0.0410234392658293,0,0
0,0,0,0,0,0,0,0,0
0.984689581601204,0,0,0,0,0,0,0,0
1.02755191509522,0,0,-0.215444204875975,0,0,0,0,0
0,0,-0.832434535177881,0.402718353088448,0,1.72249062049967,-1.30634674186191,0,0
0,0,0,0.301375755177531,0,0.660902350313327,0.281091821583894,0,0
