EGFR,PI3K_AKT,mTOR,MEK_ERK,PKC,TGFb-SMAD,STAT3,DPD_NC,DPD_LB
0,0.000197776479243006,0.111667129010375,0.111667129010375,0.111667129010375,1,0,0,0
1,0,1,1,0,1,1,0,0
0,1,0,1,1,1,0,0,0
0.00420855124046293,0.00420855124046293,1,0,0,0.00420855124046293,0.00420855124046293,0,0
0.999999999999999,0,0,0,0,0,0,0,0
1,0,0,0,0,0,0,0,0
1,0,0,0,0,1,0,0,0
0,0.769848738906582,1,0.769848738906582,0.136197606229687,0.741278198851318,1,0,0
0,1,1,1,0.159857097621127,1,1,0,0
