EGFR,PI3K_AKT,mTOR,MEK_ERK,PKC,TGFb-SMAD,STAT3,DPD_NC,DPD_LB
0,0.0434293022414241,0.163117041771248,0.349988183753665,0.214356280682568,0.374541333193887,0,0,0
0.512021438331935,0,0.293132447770728,0.411172581738193,0,0.639919219128415,0.462356121669502,0,0
0,0.361927365433621,0,0.363847957373107,0.366366004412045,0,0,0,0
0.326576505904736,0.304911123305071,0,0,0,0.419666724928708,0.384681708208512,0,0
0.0292332678979226,0,0,0,0,0,0,0,0
0.196043465203417,0,0,0.196048627617489,0,0,0,0,0
0.0323508655204783,0,0,0.0178751645315119,0,0.0674013387559162,0,0,0
0,0.05217738500771,0,0,0,0.272139259245623,0.22546840653295,0,0
0,1.6593505690962,0,0,0.659998365374784,3.33644428174828,4.80664654968535,0,0
