EGFR,PI3K_AKT,mTOR,MEK_ERK,PKC,TGFb-SMAD,STAT3,DPD_NC,DPD_LB
0,0.196189446272424,0.426427676669451,1.11022302462516e-16,0.446722684666568,1.11022302462516e-16,0,0,0
0.454228216418399,0,0.477358055991243,0.454228216418399,0,2.22044604925031e-16,2.22044604925031e-16,0,0
0,2.22044604925031e-16,0,2.22044604925031e-16,2.22044604925031e-16,0,0,0,0
0.499680290245944,0.498270998153451,0,0,0,3.33066907387547e-16,0.470056721428657,0,0
8.88178419700125e-16,0,0,0,0,0,0,0,0
4.44089209850063e-16,0,0,4.44089209850063e-16,0,0,0,0,0
0.101442203811031,0,0,0.101442203811031,0,0,0,0,0
0,0.180690034126631,0,0,0,7.77156117237609e-16,0.465660735995517,0,0
0,0.379747699789495,0,0,6.66133814775094e-16,6.66133814775094e-16,6.66133814775094e-16,0,0
