EGFR,PI3K_AKT,mTOR,MEK_ERK,PKC,TGFb-SMAD,STAT3,DPD_NC,DPD_LB
0,0.00119859262986919,0.117327552876822,0.127799790998164,0.151210717354019,0.280046752826044,0,0,0
0.487320827310451,0,0.489795200679052,0.488318617400646,0,0.486919734486522,0.488680608025461,0,0
0,0.521732909433973,0,0.527585395686764,0.529054835908008,0.531106026115562,0,0,0
0.0171058585988891,0.0136812544145925,0.202247706907228,0,0,0.0170932770074777,0.0139462910603567,0,0
0.0620293517238683,0,0,0,0,0,0,0,0
0.0390808470080167,0,0,0,0,0,0,0,0
0.275396581775982,0,0,0,0,0.27995833557251,0,0,0
0,0.409848644640156,0.433638341523588,0.417937033896776,0.122684305396047,0.542056149657702,0.489232979517799,0,0
0,0.46645663637974,0.468352144749162,0.468232011835783,0.12356894864574,0.466774841559073,0.463029570971505,0,0
