EGFR,PI3K_AKT,mTOR,MEK_ERK,PKC,TGFb-SMAD,STAT3,DPD_NC,DPD_LB
0,-1.68578379392559e-05,0.0133567116113903,-0.02297639852319,-0.0357048627868277,0.947631532103377,0,0,0
0.328671170669774,0,0.320127874599291,-0.526119202112583,0,-0.895270256362882,-1.03380803879196,0,0
0,0.562316060531644,0,0.379110506196218,0.426315734749263,1.85530296493372,0,0,0
0.000847289106683624,0.000325625092892209,0.152072211432664,0,0,-0.000788541093338319,0.000292277147703876,0,0
0.820864377555599,0,0,0,0,0,0,0,0
0.727687899668481,0,0,0,0,0,0,0,0
-0.986806583694143,0,0,0,0,2.17465335677641,0,0,0
0,0.189888097633981,-0.639569857025938,0.258031846426067,0.0062427971648755,0.633385376748171,1.62574693768216,0,0
0,-0.518119089389254,0.821692979110847,-0.77828500228546,-0.00386792033309355,-2.7195161319024,-0.9483636300503,0,0
