EGFR,PI3K_AKT,mTOR,MEK_ERK,PKC,TGFb-SMAD,STAT3,DPD_NC,DPD_LB
0,0,0,0.168976667509846,0,0.772461172040069,0,0,0
0.454088317092518,0,-0.0997688734494921,-0.116112975900716,0,-0.840598327238847,1.18604857103273,0,0
0,0.92191015014571,0,0.440665093619187,1.89123923108689,0,0,0,0
0.326845345016151,-2.40920601347924e-05,0,0,0,-0.0438953873218588,0.642192290873559,0,0
0,0,0,0,0,0,0,0,0
1.16696257416157,0,0,-0.200360271910842,0,0,0,0,0
0.942048277517872,0,0,-0.130887118946631,0,0,0,0,0
0,0,-0.177115799579218,0.20637427162722,0.0307274136417062,0,1.05483645851909,0,0
0,-0.0965776630415305,0,0,0,-1.21507208151354,1.91126357201307,0,0
