EGFR,PI3K_AKT,mTOR,MEK_ERK,PKC,TGFb-SMAD,STAT3,DPD_NC,DPD_LB
0,0.0400981613742778,0.23892637710735,1,0.275414063208993,1,0,0,0
0.70898977824133,0,0.351240844381726,0.70898977824133,0,1,1,0,0
0,1,0,1,1,0,0,0,0
0.4821224291435,0.458454694619443,0,0,0,1,0.67043086175849,0,0
0.999999999999999,0,0,0,0,0,0,0,0
1,0,0,1,0,0,0,0,0
0.0103986526918444,0,0,0.0103986526918444,0,1,0,0,0
0,0.0337906998275165,0,0,0,0.999999999999999,0.317900908975049,0,0
0,0.174743663390569,0,0,1,1,1,0,0
