EGFR,PI3K_AKT,mTOR,MEK_ERK,PKC,TGFb-SMAD,STAT3,DPD_NC,DPD_LB
0,0,0,0.940207601830843,0,0.724021228118939,0,0,0
-0.611182224396173,0,0,1.45957306706866,0,0.134021377661462,0.113557188990691,0,0
0,0.854278774020092,0,-0.678919500782492,0.936509538727309,0,0,0,0
0.64319001889011,0,0,0,0,-0.456242686581102,0.256001760365857,0,0
0.443489701978766,0,0,0,0,0,0,0,0
0.73923966361004,0,0,-0.631267397098854,0,0,0,0,0
0.430898250391101,0,0,0,0,0,0,0,0
0,0,1.41397925002349,5.81374958299051,-2.11268444440771,0,-3.98162208419881,0,0
0,0.80173645423966,0.582753377637829,0.638673916262565,-0.717830310905514,1.42430156533184,0,0,0
