EGFR,PI3K_AKT,mTOR,MEK_ERK,PKC,TGFb-SMAD,STAT3,DPD_NC,DPD_LB
0,0,0,0.426216632768016,0,0.428691744897088,0,0,0
0.506638626831881,0,0.372994261544181,0.393611175248105,0,0.430160586248119,0.447432891009382,0,0
0,0.326151562363138,0,0.325909824244346,0.324621171196096,0,0,0,0
0.493361946155062,0.0013116789017736,0,0,0,0.191417047761749,0.476092108911297,0,0
0,0,0,0,0,0,0,0,0
0.174991715805608,0,0,0.172216185238188,0,0,0,0,0
0.218871486304295,0,0,0.216896597395554,0,0,0,0,0
0,0,0.677760140856393,0.673429376007476,0.67820764709296,0,0.689965428065084,0,0
0,0.342432373691634,0,0,0,0.491378525679118,0.525105031685492,0,0
