EGFR,PI3K_AKT,mTOR,MEK_ERK,PKC,TGFb-SMAD,STAT3,DPD_NC,DPD_LB
0,0,0,1,0,1,0,0,0
0.801423409445373,0,0.780019161816927,0.801423409445373,0,1,1,0,0
0,0.999999999999999,0,0.999999999999999,0.999999999999999,0,0,0,0
1,0.000353717475412088,0,0,0,0.207826140651879,1,0,0
0,0,0,0,0,0,0,0,0
1,0,0,1,0,0,0,0,0
1,0,0,1,0,0,0,0,0
0,0,1,1,1,0,1,0,0
0,0.434488207842107,0,0,0,1,1,0,0
