EGFR,PI3K_AKT,mTOR,MEK_ERK,PKC,TGFb-SMAD,STAT3,DPD_NC,DPD_LB
0,4.1253712439139e-05,0.00472291624719473,0.385744378093244,0.0671949090593347,0.613922475472396,0,0,0
-0.487187753852365,0,-0.081906189093675,0.152428580847309,0,0.0512035480167864,0.826202619422919,0,0
0,0.346146667149287,0,0.13934156607193,0.714851144363049,0,0,0,0
0.200943886444673,0.0260088774038417,0,0,0,0.278659984753172,0.276805196952724,0,0
0.594171549243874,0,0,0,0,0,0,0,0
1.14757347576198,0,0,-0.416027923520548,0,0,0,0,0
-0.00307426562322718,0,0,0.00133705159752299,0,0.878333812045172,0,0,0
0,-0.00330323854445136,0,0,0,0.59152068934558,0.0461862297488013,0,0
0,-0.759433963355343,0,0,-18.0555574628229,-31.9952488095779,22.6938219284873,0,0
