EGFR,PI3K_AKT,mTOR,MEK_ERK,PKC,TGFb-SMAD,STAT3,DPD_NC,DPD_LB
0,0,0,1,0,1,0,0,0
1,0,0,1,0,0.918584390671111,0.61196976223373,0,0
0,1,0,1,1,0,0,0,0
1,0,0,0,0,0.841931822585763,0.625988906328965,0,0
1,0,0,0,0,0,0,0,0
1,0,0,1,0,0,0,0,0
1,0,0,0,0,0,0,0,0
0,0,1,1,1,0,1,0,0
0,1,1,1,1,1,0,0,0
