EGFR,PI3K_AKT,mTOR,MEK_ERK,PKC,TGFb-SMAD,STAT3,DPD_NC,DPD_LB
0,1,1,1,0,1,0,0,0
0.278259946832116,0,0.278259946832116,0.278259946832116,0,0.97737862831409,0.999999999999999,0,0
0,1,0,0,1,0,0,0,0
0.934166982951764,0.274166531222087,1,0,0,0.820336660655078,1,0,0
0,0,0,0,0,0,1,0,0
0,0,0,1,0,0,0,0,0
0,0,1,1,0,0,0,0,0
0,0,0,0,0.0341093790864928,1,1,0,0
0,1,0.306695082941575,0.306695082941575,0.957612214235606,1,1,0,0
