EGFR,PI3K_AKT,mTOR,MEK_ERK,PKC,TGFb-SMAD,STAT3,DPD_NC,DPD_LB
0,0.7131059769473,0.708004978816891,0.714287036143491,0,0.715213432298345,0,0,0
0.231709250325987,0,0.211294182660958,0.211725542340673,0,0.48807103574741,0.47730618272471,0,0
0,0.221978009362581,0,0,0.216713874998287,0,0,0,0
0.421082483828566,0.20094061664789,0.420803594724591,0,0,0.409896994989399,0.414076487177138,0,0
0,0,0,0,0,0,0.0615869623297095,0,0
0,0,0,0.0565529993610249,0,0,0,0,0
0,0,0.322752246048169,0.319332944147699,0,0,0,0,0
0,0,0,0,0.0530336170427669,0.669214963321829,0.663863221395715,0,0
0,0.631599220471477,0.300499782065785,0.264018290613072,0.629645693550909,0.671505234579915,0.786556415006862,0,0
