EGFR,PI3K_AKT,mTOR,MEK_ERK,PKC,TGFb-SMAD,STAT3,DPD_NC,DPD_LB
0,2.22044604925031e-16,2.22044604925031e-16,2.22044604925031e-16,0,2.22044604925031e-16,0,0,0
0.448142107842037,0,0.448142107842037,0.448142107842037,0,0.148693124349976,8.88178419700125e-16,0,0
0,4.44089209850063e-16,0,0,4.44089209850063e-16,0,0,0,0
0.247989981480226,0.446093313533991,2.22044604925031e-16,0,0,0.383906790562962,2.22044604925031e-16,0,0
0,0,0,0,0,0,8.88178419700126e-16,0,0
0,0,0,0,0,0,0,0,0
0,0,4.44089209850063e-16,4.44089209850063e-16,0,0,0,0,0
0,0,0,0,0.181510135653155,2.22044604925031e-16,2.22044604925031e-16,0,0
0,2.22044604925031e-16,0.461121685719763,0.461121685719763,0.201472234767933,2.22044604925031e-16,2.22044604925031e-16,0,0
