EGFR,PI3K_AKT,mTOR,MEK_ERK,PKC,TGFb-SMAD,STAT3,DPD_NC,DPD_LB
0,-2.48985808760161e-05,0.000405499914253473,0.588656872733427,-8.17757146893937e-05,0.000387267101812886,0,0,0
0.344464362060184,0,-0.696023041003882,0.447699094624623,0,-0.5610549052771,1.52156289289114,0,0
0,0,0,0.395301909825483,0.847264173776097,0,0,0,0
0.148910137827827,0.158830955366223,0.220691620183627,0,0,0.017466460449902,0.0277451335563123,0,0
0,0.135346009176708,0,0,0,0,0,0,0
0.885651326426496,0,0,-0.722733738655229,0,0,0,0,0
2.78791886764283,0,0,-2.20358859215812,0,0,0,0,0
0,0.202094674663982,0.493472784224968,0.260558610782091,-0.347377921178991,1.16420811638238,-0.309162767694362,0,0
0,0,0,0.220500675732028,0,0,0,0,0
