EGFR,PI3K_AKT,mTOR,MEK_ERK,PKC,TGFb-SMAD,STAT3,DPD_NC,DPD_LB
0,0.120113637910408,0.0195301118922403,0.339682636228609,-0.0507061435676168,0.409872725396022,0,0,0
-0.14435159544062,0,0.752481503219104,0.416967598672799,0,0.275576710985684,1.94571522847489,0,0
0,0.257876123257123,0,-0.14825697896086,0,0,0,0,0
0.011459212366121,0.202248987290929,-0.139638095214836,0,0,-0.0524747430599216,0.607233056040309,0,0
0,0,0,0,0,0,0,0,0
0.466442706515335,0,0,0,0,0,0,0,0
0,0.282166689694431,0,0,0,0,0,0,0
0,-1.25951624324045,1.49762323116775,1.63891063769397,2.73508341572107,-1.21774756684392,1.61477881582798,0,0
0,0.213782752946403,-0.886724788755702,-0.278179987159657,0,0.405414655180732,-0.391055847434512,0,0
