EGFR,PI3K_AKT,mTOR,MEK_ERK,PKC,TGFb-SMAD,STAT3,DPD_NC,DPD_LB
0,-0.671539970595089,0,0.367793829049229,0,0,0,0,0
1.71856857551618,0,-0.0285101356544115,-0.554702609001377,0,0.166554795726947,-0.062995598319559,0,0
0,0.682729457863911,0,0,0.245247829745492,0,0,0,0
1.25961014297804,0,0.424273854628399,0,0,-0.727539629834493,0.0947499230540637,0,0
0.743532880605153,0,0,0,0,0,0,0,0
1.07662007592028,0,0,-0.526648411324987,0,0,0,0,0
0,0,0,0,0,0.870673374047659,0,0,0
0,0,0.561598270270469,0.429710942352136,0.318910275671334,-0.739952086067561,-0.103277560105201,0,0
0,0,0,0.325903812843814,-0.252918419997215,0.488584578824414,0.141651997420562,0,0
