EGFR,PI3K_AKT,mTOR,MEK_ERK,PKC,TGFb-SMAD,STAT3,DPD_NC,DPD_LB
0,0.518023098230164,0.576610245376419,0.519148666963848,0.520195992596335,0.519189771646368,0,0,0
0.466951624383642,0,0.468491370351337,0.464329980461657,0,0.464899554567733,0.463318595493603,0,0
0,0.278220107786296,0,0.292183700805293,0,0,0,0,0
0.269752415785056,0.500544342612234,0.49787675362317,0,0,0.504119946093562,0.50433095730517,0,0
0,0,0,0,0,0,0,0,0
0.0793818222399956,0,0,0,0,0,0,0,0
0,0.0998362109010441,0,0,0,0,0,0,0
0,0.396492305506725,0.396690608988662,0.394655392009747,0.402337804430767,0.399797759970799,0.395371806865788,0,0
0,0.577366458391239,0.5766552247445,0.58551153891572,0,0.578038401436795,0.576505696154759,0,0
