EGFR,PI3K_AKT,mTOR,MEK_ERK,PKC,TGFb-SMAD,STAT3,DPD_NC,DPD_LB
0,0.00344950458822975,0.00344950458822975,1,0.00344950458822975,0.00344950458822975,0,0,0
1,0,1,1,0,0.93832859046536,1,0,0
0,0,0,1,1,0,0,0,0
1,1,1,0,0,0.962012172664018,1,0,0
0,0.477998326899061,0,0,0,0,0,0,0
1,0,0,1,0,0,0,0,0
1,0,0,1,0,0,0,0,0
0,0.665259896244047,0.913201701397858,0.999999999999999,0.655855702140398,0.999999999999999,0.655855702140398,0,0
0,0,0,1,0,0,0,0,0
