EGFR,PI3K_AKT,mTOR,MEK_ERK,PKC,TGFb-SMAD,STAT3,DPD_NC,DPD_LB
0,0.437067692394924,0,0.442352583099874,0,0,0,0,0
0.518829041511107,0,0.125844815369551,0.518500751693902,0,0.528091863166993,0.526157242381905,0,0
0,0.235689582976637,0,0,0.237412312497546,0,0,0,0
0.560831594588397,0,0.561108084557018,0,0,0.564749104682814,0.562835303238221,0,0
0.0395788398288134,0,0,0,0,0,0,0,0
0.276565774951077,0,0,0.277476600890627,0,0,0,0,0
0,0,0,0,0,0.0556005025603407,0,0,0
0,0,0.519577079525213,0.519004696499011,0.526645856465947,0.521123823252954,0.523425174280867,0,0
0,0,0,0.722319150899146,0.735278698497155,0.716331469663195,0.722208852565223,0,0
