EGFR,PI3K_AKT,mTOR,MEK_ERK,PKC,TGFb-SMAD,STAT3,DPD_NC,DPD_LB
0,0.0109930159763937,0.012891570389229,0.147850252914565,0.00936739397297137,0.0136331219848736,0,0,0
0.401393491313309,0,0.398675406694304,0.4031000792635,0,0.415785597310316,0.40310479098675,0,0
0,0,0,0.212586688902387,0.214075652712376,0,0,0,0
0.513247651349752,0.517294001204218,0.512566739872557,0,0,0.509665651965002,0.513146918595347,0,0
0,0.144518882717944,0,0,0,0,0,0,0
0.333328378733094,0,0,0.332468042840668,0,0,0,0,0
0.141578486924211,0,0,0.141184025681034,0,0,0,0,0
0,0.388350615643121,0.628604300621232,0.578941454366678,0.439007535666144,0.693890189910035,0.421102071728957,0,0
0,0,0,0.21962380419652,0,0,0,0,0
