EGFR,PI3K_AKT,mTOR,MEK_ERK,PKC,TGFb-SMAD,STAT3,DPD_NC,DPD_LB
0,0.036108328789474,0.00503111624772161,0.491192578424387,0.00293243784108209,0.487905726639117,0,0,0
0.494509053435197,0,0.48750010079473,0.495467943163682,0,0.486457277677591,0.496682508519466,0,0
0,0.384552435716879,0,0.384465359287381,0.3844276578842,0,0,0,0
0.468408798913633,0.502416717632622,0.23725675669315,0,0,0.404942464186305,0.40825298378694,0,0
0.420475602147396,0.420264619874547,0.422421840588026,0,0,0,0,0,0
0.245248099647192,0,0,0.24697938158772,0,0,0,0,0
0.213057966763957,0,0,0.213628479557921,0,0,0,0,0
0,0,0,0,0,0.20999869385056,0.26756021651621,0,0
0,0.416379634273541,0.415263302532959,0.41816296749305,0.418258678873954,0.41897438303167,0.419485323607406,0,0
