EGFR,PI3K_AKT,mTOR,MEK_ERK,PKC,TGFb-SMAD,STAT3,DPD_NC,DPD_LB
0,0.0028324606031556,0.00040002717163247,0.33688811471296,-0.000263261448507627,0.570309076560107,0,0,0
-0.130234963376146,0,-0.202240952128376,0.37559747719994,0,-0.00109069347357677,0.399057277045819,0,0
0,-0.491664886791164,0,1.94446924748352,-2.0666594275146,0,0,0,0
1.90489654354673,0.363728660412464,0.0758436059693572,0,0,-0.221994351257174,-1.24830420515637,0,0
-2.98030103280122,4.61021784016023,1.25299603493863,0,0,0,0,0,0
1.42618724651206,0,0,-0.508018263533769,0,0,0,0,0
1.3079335336625,0,0,-0.505905355449847,0,0,0,0,0
0,0,0,0,0,-0.0236278144401547,0.511305904766283,0,0
0,16.7598142191877,4.03382937599308,-2.59354271045039,-2.47733577389946,-15.3544266411328,8.63983324295908,0,0
