EGFR,PI3K_AKT,mTOR,MEK_ERK,PKC,TGFb-SMAD,STAT3,DPD_NC,DPD_LB
0,0.0302588641690777,0.010551024937688,0.479060280189012,0.00752244281361667,0.48025192963544,0,0,0
0.495721760532236,0,0.490247041006185,0.494490266894671,0,0.483326913773693,0.493185385699092,0,0
0,0.393898843719142,0,0.393135864873339,0.393957439048018,0,0,0,0
0.471170122097458,0.493218088563978,0.234350671064607,0,0,0.399857258880659,0.406064920701567,0,0
0.424724784866184,0.416740182087842,0.414912847670047,0,0,0,0,0,0
0.241400112663544,0,0,0.245127677399088,0,0,0,0,0
0.210294562627758,0,0,0.209093864341381,0,0,0,0,0
0,0,0,0,0,0.206689171591671,0.269523809000721,0,0
0,0.415209039060039,0.414634147373659,0.413174844534888,0.417963352560951,0.419418662526198,0.421058434252956,0,0
