EGFR,PI3K_AKT,mTOR,MEK_ERK,PKC,TGFb-SMAD,STAT3,DPD_NC,DPD_LB
0,0.164338122464875,0.0441608935602764,0,0.0441608935602764,0,0,0,0
2.22044604925031e-16,0,2.22044604925031e-16,2.22044604925031e-16,0,0.31284778774176,0.107587230815655,0,0
0,2.22044604925031e-16,0,2.22044604925031e-16,2.22044604925031e-16,0,0,0,0
6.66133814775094e-16,0.491617522003766,0.491617522003766,0,0,0.266032578926368,6.66133814775094e-16,0,0
7.77156117237609e-16,7.77156117237609e-16,7.77156117237609e-16,0,0,0,0,0,0
0,0,0,0,0,0,0,0,0
4.44089209850063e-16,0,0,4.44089209850063e-16,0,0,0,0,0
0,0,0,0,0,0.447539734007824,4.44089209850063e-16,0,0
0,8.88178419700126e-16,8.88178419700126e-16,8.88178419700126e-16,8.88178419700126e-16,8.88178419700126e-16,8.88178419700126e-16,0,0
