EGFR,PI3K_AKT,mTOR,MEK_ERK,PKC,TGFb-SMAD,STAT3,DPD_NC,DPD_LB
0,0,0.441117247801382,0,0.17665207317098,0.49510573315436,0,0,0
0,0,0,0,0,0.582470823065852,0.581318426403651,0,0
0,0.360351451990212,0,0.354001790573174,0.354217312162856,0,0,0,0
0.453144031424501,0.466322133117422,0.463821728931179,0,0,0.462646924303104,0.0641757656775198,0,0
0.159629481709084,0,0,0.261912585784234,0,0.251371591532801,0,0,0
0,0,0,0,0,0,0.0545116752981448,0,0
0,0,0,0,0,0.0578075552411332,0,0,0
0,0.279942716178785,0,0,0.400925838510877,0.425244482058536,0.154162781488493,0,0
0,0.806987346583762,0,0.596401779132197,0.596004137176318,0.58066944113662,0.406025668856715,0,0
