EGFR,PI3K_AKT,mTOR,MEK_ERK,PKC,TGFb-SMAD,STAT3,DPD_NC,DPD_LB
0,0.00402932866337028,0.000118879696306033,0.341131112260231,-2.68361821095564e-05,0.561019538913797,0,0,0
-0.124800670921353,0,-0.197985841208855,0.366730030601808,0,0.0019151851906148,0.401083643008466,0,0
0,-0.485521488211667,0,1.95260154647244,-2.07338331949141,0,0,0,0
1.88664407827426,0.376671921017089,0.0796211134399163,0,0,-0.220457785059646,-1.2454685489155,0,0
-2.98242431764848,4.61615641178768,1.25600118976324,0,0,0,0,0,0
1.42910358343863,0,0,-0.50836832221351,0,0,0,0,0
1.31396941726239,0,0,-0.510941966969952,0,0,0,0,0
0,0,0,0,0,-0.0267801633617146,0.514984060659993,0,0
0,16.7618142539492,4.03470351869077,-2.59423706822288,-2.46905047318204,-15.366032437947,8.64534189902435,0,0
