EGFR,PI3K_AKT,mTOR,MEK_ERK,PKC,TGFb-SMAD,STAT3,DPD_NC,DPD_LB
0,0.000388051536259113,0,1,0.245941449674822,0.245941449674822,0,0,0
1,0,0,0,0,0,0.566729118454479,0,0
0,1,0,0.123901692954285,0.350283907908754,0.123901692954285,0.876098307045715,0,0
0.999999999999999,0.537038916943946,0.999999999999999,0,0.227176840411507,0.940029282707906,0.97951978709945,0,0
0,0,0,0,0,1,0,0,0
0,0,0,0,0,0,0.999999999999999,0,0
0.999999999999999,0,0,0,0,0,0,0,0
0,0,0,0,0,0,1,0,0
0,0.999999999999999,0.999999999999999,0,0.00730305930142767,0,0.314189807784801,0,0
