EGFR,PI3K_AKT,mTOR,MEK_ERK,PKC,TGFb-SMAD,STAT3,DPD_NC,DPD_LB
0,0.000616418588852528,0.0115990978755081,0.408070872269145,-0.0104075536763669,0.273015983668195,0.0123761872477378,0,0
0.00736638322088578,0,0,0.809175185900237,0,0.402045953639285,0,0,0
0,1.47359849953128,0,1.37270901446162,-1.78199123483772,-1.78981343325423,0,0,0
1.95213866777456,0,0,0,0,-0.540000579611703,0,0,0
2.30035494361627,0,1.69501898489911,-1.52229955981523,0,2.445975857697,0,0,0
0,0.740010265475651,0,0,0,0,0,0,0
1.76601362796029,0.226730343611132,0,-0.624515770420279,0,0.150880447004098,0,0,0
0,1.93820383536864,0,0,0,0,0,0,0
0,1.66957733951392,-1.02054751918208,1.03158570531014,0.999317780782052,0,-3.33448441375682,0,0
