EGFR,PI3K_AKT,mTOR,MEK_ERK,PKC,TGFb-SMAD,STAT3,DPD_NC,DPD_LB
0,-1.94579673251104e-05,0,0.445681121539603,-0.0271872276625448,-0.0370526243067924,0,0,0
0.60662330633071,0,0,0,0,0,0.321353647053835,0,0
0,3.23588700199392,0,0.0625477949054354,0.0468144519679727,-0.403728054348152,-3.33948693004067,0,0
1.43765499481984,0.267179227357429,-0.0176009582795588,0,0.200699702729189,0.98791600998991,-0.820766303332504,0,0
0,0,0,0,0,-2.27422464802157,0,0,0
0,0,0,0,0,0,0.93833533396184,0,0
0.749907267181026,0,0,0,0,0,0,0,0
0,0,0,0,0,0,0.607073963470634,0,0
0,2.08278619564792,0.504095699308802,0,-0.00258955205627004,0,-0.289070659616709,0,0
