EGFR,PI3K_AKT,mTOR,MEK_ERK,PKC,TGFb-SMAD,STAT3,DPD_NC,DPD_LB
0,0.190027234779417,0.235339380575135,3.33066907387547e-16,0.235339380575135,3.33066907387547e-16,0.199180923116036,0,0
0.473033277062019,0,0,4.44089209850063e-16,0,0.374790181507814,0,0,0
0,2.22044604925031e-16,0,2.22044604925031e-16,2.22044604925031e-16,0.0919170702272342,0,0,0
8.88178419700125e-16,0,0,0,0,8.88178419700125e-16,0,0,0
4.44089209850063e-16,0,4.44089209850063e-16,4.44089209850063e-16,0,4.44089209850063e-16,0,0,0
0,1.33226762955019e-15,0,0,0,0,0,0,0
4.44089209850063e-16,0.498144681949389,0,4.44089209850063e-16,0,0.409360363246848,0,0,0
0,2.22044604925031e-16,0,0,0,0,0,0,0
0,4.44089209850063e-16,4.44089209850063e-16,4.44089209850063e-16,4.44089209850063e-16,0,4.44089209850063e-16,0,0
