EGFR,PI3K_AKT,mTOR,MEK_ERK,PKC,TGFb-SMAD,STAT3,DPD_NC,DPD_LB
0,0.0556606351536928,0.0873033763058693,0.431774468992384,0.0797016308091177,0.428322489676852,0.0824795469072278,0,0
0.251327409806807,0,0,0.365847491661015,0,0.391440819278741,0,0,0
0,0.441840306199861,0,0.421692921784447,0.421087525987708,0.454996927558232,0,0,0
0.412606823292422,0,0,0,0,0.41174026082731,0,0,0
0.452135907561584,0,0.456621712689403,0.451400376875802,0,0.454044641741445,0,0,0
0,0.053790946355119,0,0,0,0,0,0,0
0.827062279750248,0.363628949388294,0,0.426817158370439,0,0.324585896314716,0,0,0
0,0.132132142869498,0,0,0,0,0,0,0
0,0.449085622009999,0.447830695636957,0.453187770326793,0.446923047716518,0,0.449187651937731,0,0
