EGFR,PI3K_AKT,mTOR,MEK_ERK,PKC,TGFb-SMAD,STAT3,DPD_NC,DPD_LB
0,4.44089209850063e-16,4.44089209850063e-16,4.44089209850063e-16,4.44089209850063e-16,4.44089209850063e-16,0,0,0
0,0,0,0,0,0,0,0,0
8.88178419700126e-16,8.88178419700126e-16,0,8.88178419700126e-16,8.88178419700126e-16,0,0,0,0
0,0,0.149119021779434,0,0,0.436284961844203,4.44089209850063e-16,0,0
0,6.66133814775094e-16,0,0,0,0,0,0,0
0,0,0,0,0,0,2.22044604925031e-16,0,0
0,0,0,0,0,6.66133814775094e-16,0,0,0
0,0.343403157590057,0.253449810263963,0.373893510872567,0.377245737172903,1.33226762955019e-15,1.33226762955019e-15,0,0
0,0.489253369335824,0.177225059411404,0.489253369335824,0.177225059411404,1.11022302462516e-16,1.11022302462516e-16,0,0
