EGFR,PI3K_AKT,mTOR,MEK_ERK,PKC,TGFb-SMAD,STAT3,DPD_NC,DPD_LB
0,0,0,0.00106260314221132,0.000607498442563545,0.776824599495253,0,0,0
-1.68361422863884,0,0.649176327150415,0.0873605108325163,0,-0.0726601707557247,1.20003561538613,0,0
0,-0.305979268580872,0,0,-0.503371199326698,2.69889606154675,0,0,0
-0.0863013680738322,0.28928692693578,0.619073371232952,0,0,0.120380259440972,-0.363839468341002,0,0
0,0,0,0,0,0,1.26263754055296,0,0
0.73330822718609,0,0,0,0,0,0,0,0
0.770862151451013,0,0,-0.522323328064513,0,0,0,0,0
0,0,0,0.575831633126924,0.135852966868433,0.301081301387476,-0.0672365040191976,0,0
0,0.518071813322487,-0.628058972606036,1.10606978975142,-0.993338962510091,-0.642490869007175,-1.07684872255102,0,0
