EGFR,PI3K_AKT,mTOR,MEK_ERK,PKC,TGFb-SMAD,STAT3,DPD_NC,DPD_LB
0,0.098013625180159,0,0,0.115472526310824,0.188998031763955,0,0,0
0.560468734398686,0,0,0.517505440757804,0.536200330418561,0.536565565026461,0.519248439570766,0,0
0,0.0431876516036323,0,0,0,0,0,0,0
0.478075127292824,0.245303928369859,0.30664288906024,0,0,0.720639904695628,0.267567757500609,0,0
0.261184301358792,0.2601122723713,0,0,0,0,0,0,0
0.0588730645279846,0,0,0,0,0,0,0,0
0.0793023766174223,0,0,0,0,0,0,0,0
0,0,0,0.278145530196291,0,0.314525606217986,0.376464179737796,0,0
0,0,0.539900511583837,0.539394217539657,0,0.562509870758167,0.488809118754231,0,0
