EGFR,PI3K_AKT,mTOR,MEK_ERK,PKC,TGFb-SMAD,STAT3,DPD_NC,DPD_LB
0,-0.109324060821773,-0.258928162644325,-0.285427539637843,-0.526319887336609,2.43345426414989,0,0,0
0.690347655451427,0,0.653367893574727,1.82826111389773,1.36394218574908,-0.942356329461303,-0.893241062967936,0,0
0,0.647594392690154,0,-1.25203863778708,-0.0476432221708441,0,0,0,0
0.558834009163298,0.169788429176475,0,0,0,0,0,0,0
0,0.502351008256801,0,0,0,0,0,0,0
0.303189334750893,0,0,0,0,0,0,0,0
0,0,0,0,0,0,0,0,0
0,-0.423613687068534,0.349227097181178,1.33152900808953,0.940733132539013,-1.07406208697696,0.300709948675798,0,0
0,1.74119591001328,-1.65901034561068,-4.9114704208651,-2.35418516096819,3.81603407994267,-2.16221905576313,0,0
