EGFR,PI3K_AKT,mTOR,MEK_ERK,PKC,TGFb-SMAD,STAT3,DPD_NC,DPD_LB
0,4.44089209850063e-16,0.485525384646281,4.44089209850063e-16,0,4.44089209850063e-16,0,0,0
2.22044604925031e-16,0,2.22044604925031e-16,2.22044604925031e-16,0,2.22044604925031e-16,2.22044604925031e-16,0,0
0,0,0,0,0,0,0,0,0
0.499892805150467,0.313339254971953,0,0,0,6.66133814775094e-16,0.441094400638935,0,0
6.66133814775094e-16,6.66133814775094e-16,0,0,0,0,0,0,0
5.55111512312578e-16,0,0,0,0,0,0,0,0
1.33226762955019e-15,0,0,0,0,0,0,0,0
0,0,0.49999594381443,0,0.489777526167075,8.88178419700126e-16,0.307956188504892,0,0
0,0,2.22044604925031e-16,0,0.191839157795894,2.22044604925031e-16,0.496169367698675,0,0
