EGFR,PI3K_AKT,mTOR,MEK_ERK,PKC,TGFb-SMAD,STAT3,DPD_NC,DPD_LB
0,0.464868793670604,0.472855867168198,0.465782001874238,0.470813322815799,0.460865646183226,0,0,0
0.460135733928256,0,0.455938494703743,0.465435348883529,0,0.462137585978366,0.458204219334817,0,0
0.435353465465642,0.425549310306468,0,0.430132375222334,0.437733422618428,0,0,0,0
0,0,0.028560253502627,0,0,0.463180559775758,0.460909003973964,0,0
0,0.0349437506764248,0,0,0,0,0,0,0
0,0,0,0,0,0,0.0710120526275946,0,0
0,0,0,0,0,0.0547497934920991,0,0,0
0,0.143695774636298,0.947211659487989,0.175418090400485,0.160816575581637,0.96601442829766,0.957988843328152,0,0
0,0.36342515048896,0.0480516062410767,0.6082705931793,0.0512416750832119,0.630390280822743,0.552117878319063,0,0
