EGFR,PI3K_AKT,mTOR,MEK_ERK,PKC,TGFb-SMAD,STAT3,DPD_NC,DPD_LB
0,0,0.106284828693062,0.0721481522246577,0.227396363701684,0.0709435430636027,0,0,0
0.43065681277283,0,0.44182556380458,0.431778781854554,0,0.443107421537408,0.440066800232716,0,0
0,0,0,0,0.0429180268074277,0,0,0,0
0.475319396854875,0.471186987094366,0.480812768995555,0,0,0.479028865748705,0.475648156231329,0,0
0,0,0.0634737145858073,0,0,0,0,0,0
0.0763136974974771,0,0,0,0,0,0,0,0
0,0,0,0,0,0.0543357955923648,0,0,0
0,0.161410549027669,0.520749645615076,0,0.21096153898419,0.44046231767221,0.553074682673576,0,0
0,0.413415105769244,0.406733530514222,0.410147317247945,0.407140401651345,0.404231816159203,0.405530656312917,0,0
