EGFR,PI3K_AKT,mTOR,MEK_ERK,PKC,TGFb-SMAD,STAT3,DPD_NC,DPD_LB
0,0,0,0,0,0.78525909228448,0,0,0
0.44949832489023,0,0.0710373707197369,-1.02451424731268,0,0.319926533209499,0.488891833460214,0,0
0,0.639074885367106,0,-0.889167269916436,0,0,0,0,0
-0.0193436031026137,0,0,0,0,0.345006422145507,0.45919871864753,0,0
0.379300114787798,0.912814309749645,0,0,0,0,0,0,0
1.1369417218375,0,0,0,0,0,0,0,0
1.15778295267126,0,0,0,0,0,0,0,0
0,0,-0.0554645049117821,-0.488925354294922,0,-0.195111136038099,1.15188562095648,0,0
0,-0.274792090223841,-0.158702634759105,-0.435939946809356,-0.0953482416807852,-2.47395298419225,0.721701035592117,0,0
