EGFR,PI3K_AKT,mTOR,MEK_ERK,PKC,TGFb-SMAD,STAT3,DPD_NC,DPD_LB
0,-0.00686602333156691,0.12935586674073,0.00910059042923731,0.0223347860155198,0.654689935841917,0.000166802425782496,0,0
0.0940644628364314,0,0,-0.485728916526563,0,0,0.473473707302116,0,0
0,0.306355326203486,0,0,0.523925423590779,0,0,0,0
0.6619980384682,0,0.0697178630047871,0,0,0.173285735094821,0.0445067136646629,0,0
1.2163587788682,0.607590314918416,0,0,0,0,0,0,0
0.940607227848101,0,0,0,0,0,0,0,0
1.61200029851013,0,0,0,0,0,0,0,0
0,-0.206742545473674,0,-0.0139266077953342,0.320154891980154,0.233324338798037,0.442484027303886,0,0
0,-0.384398984815,0,0,0,-2.15889680393342,1.00035319318929,0,0
