EGFR,PI3K_AKT,mTOR,MEK_ERK,PKC,TGFb-SMAD,STAT3,DPD_NC,DPD_LB
0,0.0156749356376663,0,0,-0.0246091148186948,1.03658767620054,0,0,0
1.65323351475757,0,0,-0.310732719371948,0.880416800208005,0.675946383432237,-0.344219284537526,0,0
0,0.883972655374525,0,0,0,0,0,0,0
0.25910810769883,0.0529254770682537,0.0633797863248018,0,0,1.29804930193022,-0.00683492075316011,0,0
0.614127447408115,0.721857558762408,0,0,0,0,0,0,0
0.790775543150353,0,0,0,0,0,0,0,0
0.825849303056182,0,0,0,0,0,0,0,0
0,0,0,0.81818066418156,0,-0.125760625497618,0.177341161807091,0,0
0,0,-0.287508349220097,-0.37463974371764,0,1.96852271550643,0.189579683291568,0,0
