EGFR,PI3K_AKT,mTOR,MEK_ERK,PKC,TGFb-SMAD,STAT3,DPD_NC,DPD_LB
0,0,0,0,0,0.860677438399684,0,0,0
-0.469806126788503,0,-0.433709521694102,-0.668241918403575,0,-0.462669510662055,1.16762361230577,0,0
0,0,0,0,1.50212516018306,0,0,0,0
0.467946926006415,0,-0.00875322542823712,0,0,0.420691465008176,0.0243077270218376,0,0
0,0.779791239269053,0,0,0,0,0,0,0
0.665734302944681,0,0,0.220742538658653,0,0,0,0,0
0,0,0,0.596266256335686,0,0,0,0,0
0,0.247175968364038,0.0129067483893582,0,0.271070659963843,0.790601720366229,0.296490889692273,0,0
0,0.382888070767924,-0.0085164171329603,0,-0.33894451772383,-1.02545843493493,-0.377635994352793,0,0
