EGFR,PI3K_AKT,mTOR,MEK_ERK,PKC,TGFb-SMAD,STAT3,DPD_NC,DPD_LB
0,0.320637057637731,0.403148213188632,0.320637057637731,0.466702703891122,1.11022302462516e-16,0.0395776457290697,0,0
0.459882436090874,0,0,6.66133814775094e-16,0,0,6.66133814775094e-16,0,0
0,9.9920072216264e-16,0,0,9.9920072216264e-16,0,0,0,0
4.44089209850063e-16,0,0.456964493390001,0,0,0.456964493390001,0.435961453372795,0,0
4.44089209850063e-16,4.44089209850063e-16,0,0,0,0,0,0,0
0,0,0,0,0,0,0,0,0
2.22044604925031e-16,0,0,0,0,0,0,0,0
0,0.414487030090724,0,0.44704455103943,2.22044604925031e-16,2.22044604925031e-16,2.22044604925031e-16,0,0
0,7.77156117237609e-16,0,0,0,7.77156117237609e-16,7.77156117237609e-16,0,0
