EGFR,PI3K_AKT,mTOR,MEK_ERK,PKC,TGFb-SMAD,STAT3,DPD_NC,DPD_LB
0,0.513697308673462,-0.238072260768275,-0.278612116637661,-0.202858309568122,1.36216680970768,0,0,0
-0.145512308190617,0,-0.415263496304207,-1.80559279380155,0,0.992545543345886,1.59994234566422,0,0
-0.963881293212173,0.990822105185806,0,0.0763577657139222,0.616505280982341,0,0,0,0
0,0,0.000392774415838924,0,0,0.0982794373900643,0.3910290368902,0,0
0,0.769869875221684,0,0,0,0,0,0,0
0,0,0,0,0,0,0.783190405866127,0,0
0,0,0,0,0,1.03359299310484,0,0,0
0,-0.0143932740204662,0.110354687296654,0.0201269235156247,0.0222600865934088,0.245917249037375,0.147022780031573,0,0
0,-0.124051516018434,-0.000858177270098195,-0.41257074682323,0.00395333713063275,-2.22833255949244,1.33379025394443,0,0
