EGFR,PI3K_AKT,mTOR,MEK_ERK,PKC,TGFb-SMAD,STAT3,DPD_NC,DPD_LB
0,1,1,1,1,1,0,0,0
1,0,1,1,0,1,1,0,0
1,1,0,1,1,0,0,0,0
0,0,0.0227542380035789,0,0,0.744244615229492,1,0,0
0,1,0,0,0,0,0,0,0
0,0,0,0,0,0,1,0,0
0,0,0,0,0,1,0,0,0
0,0.136579759290737,0.931002544861585,0.168030660260039,0.171845076549394,1,1,0,0
0,0.396892577408105,0.0324625380607195,0.396892577408105,0.0324625380607195,1,1,0,0
