EGFR,PI3K_AKT,mTOR,MEK_ERK,PKC,TGFb-SMAD,STAT3,DPD_NC,DPD_LB
0,0,0,0.339405299149941,0,0.382690506403351,0,0,0
0.479268989461175,0,0.212429504254868,0.401740327997211,0,0.387767297992019,0.327865737592339,0,0
0,0,0,0.210234843628248,0.208815560654326,0,0,0,0
0.0525092867683315,0.00488771656548671,0,0,0,0.0313045089263133,0.254441305422129,0,0
0.22217718094167,0.221705953484886,0,0,0,0,0,0,0
0.254724305618725,0,0,0.246978758221611,0,0,0,0,0
0.179792761720584,0,0,0.172112963982926,0,0,0,0,0
0,0,0,0.709957700031323,0.678888222347519,0.627791618308747,0.699125095115373,0,0
0,0.484791094341804,0.232553622765522,0.557517993404527,0,0.53345287395784,0.514486252075753,0,0
