EGFR,PI3K_AKT,mTOR,MEK_ERK,PKC,TGFb-SMAD,STAT3,DPD_NC,DPD_LB
0,0,0,0,0,0.187528043327476,0,0,0
0.488242270790898,0,0.486868439508494,0.492757179500939,0,0.488839618566919,0.486336959130898,0,0
0,0,0,0,0.0756923687894883,0,0,0,0
0.461118258518255,0,0.102899339136147,0,0,0.448777945397635,0.163287303332756,0,0
0,0.0814050730907002,0,0,0,0,0,0,0
0.248500128513468,0,0,0.24546179548425,0,0,0,0,0
0,0,0,0.0875126896004756,0,0,0,0,0
0,0.541790810448162,0.394549237302647,0,0.539287531401997,0.543610302047054,0.543000833025443,0,0
0,0.509266017794105,0.372870761878106,0,0.510914183521199,0.516873881137281,0.513768350834143,0,0
