EGFR,PI3K_AKT,mTOR,MEK_ERK,PKC,TGFb-SMAD,STAT3,DPD_NC,DPD_LB
0,0.116402163661394,0.402015534918774,0.120643845116802,0.170745621311805,0.421281331972161,0.00647481830549138,0,0
0.265256545766839,0,0,0.425112709300409,0,0,0.427619749985854,0,0
0,0.242715473799444,0,0,0.241721331636591,0,0,0,0
0.527912896462878,0,0.272708644232729,0,0,0.365457408718792,0.178947825759945,0,0
0.239390220233637,0.241205784922636,0,0,0,0,0,0,0
0.0415735709277907,0,0,0,0,0,0,0,0
0.0350195775439213,0,0,0,0,0,0,0,0
0,0.503888530294172,0,0.21766460959711,0.520342560601077,0.547439406644583,0.530168996315181,0,0
0,0.673789639229809,0,0,0,0.666032282899121,0.66712767518482,0,0
