EGFR,PI3K_AKT,mTOR,MEK_ERK,PKC,TGFb-SMAD,STAT3,DPD_NC,DPD_LB
0,0,0,0.530274151895016,0,0.254291191433162,0,0,0
0.292060711232344,0,0.0255280062794291,-0.225803823995456,0,0.201555944292128,-0.167120336228836,0,0
0,0,0,1.12120944939301,0.775763829032963,0,0,0,0
0.00835333609371717,7.39902872777262e-05,0,0,0,0.00307914297643232,0.832309601069379,0,0
0.484885743515299,1.19257163024077,0,0,0,0,0,0,0
0.498120174115322,0,0,0.162915277719602,0,0,0,0,0
0.0946885603380362,0,0,0.776302993638518,0,0,0,0,0
0,0,0,0.60983072760308,0.21513534342125,-0.296463564484208,0.0616372780476717,0,0
0,-0.198228128314287,-0.0184376500048085,-0.369069899830436,0,0.0690648332598317,-0.185213906721253,0,0
