EGFR,PI3K_AKT,mTOR,MEK_ERK,PKC,TGFb-SMAD,STAT3,DPD_NC,DPD_LB
0,0.42618468582511,0.445953366081514,0.5456895198456,0.477062940441845,0.459537075574288,0,0,0
0.914344678151322,0,0.45421727375718,0.427860577627432,0.468032679750636,0.907549396928687,0.66989191189555,0,0
0,0.188463747635489,0,0.233940763381027,0,0,0,0,0
0,0.646522794519657,0,0,0,0.661957996556929,0.661865511070627,0,0
0.242264784181416,0.244281327127719,0,0,0,0,0,0,0
0.286558484815693,0,0,0.294084874625554,0,0,0,0,0
0.317026271683806,0,0,0.317406651138727,0,0,0,0,0
0,0,0,0.762725987448369,0.762876757298157,0,0,0,0
0,0.412766471507486,0.41531625273738,0.408046583344084,0.411904938731283,0.411598102902227,0.410892734313006,0,0
