EGFR,PI3K_AKT,mTOR,MEK_ERK,PKC,TGFb-SMAD,STAT3,DPD_NC,DPD_LB
0,0.000577488161360755,0.519021799167573,1,0.000577488161360755,1,0,0,0
0.999999999999999,0,0.872500350637739,0.872500350637739,0,0.872500350637739,0.999999999999999,0,0
0,1,0,1,1,0,0,0,0
0,0,0.999999999999999,0,0,0,0,0,0
1,1,0,0,0,0,0,0,0
1,0,0,0,0,0,0,0,0
1,0,0,0,0,0,0,0,0
0,0.941070059747849,1,1,0.387508811637583,1,0.95009268665047,0,0
0,0.101333637597691,1,0.211086591358416,0.101333637597691,0.107658435201078,0.211086591358416,0,0
