EGFR,PI3K_AKT,mTOR,MEK_ERK,PKC,TGFb-SMAD,STAT3,DPD_NC,DPD_LB
0,0,0,0,0,0.189216258413678,0.181141978505995,0,0
0.464210667989522,0,0.238659712309894,0.480043622386618,0,0.523621745178168,0.573487474288015,0,0
0,0.268199926999547,0,0.27092992227238,0,0,0,0,0
0.185020059230593,0,0,0,0,0.416723378451492,0.460766335986536,0,0
0.0347520986797999,0,0,0,0,0,0,0,0
0.0331004294549779,0,0,0,0,0,0,0,0
0.0322351278875613,0,0,0,0,0,0,0,0
0,0,0,0.645636508222714,0.638685229714343,0.634928446160541,0.633053175289452,0,0
0,0.403386633800864,0.401088514568778,0.398464994982973,0.398387485719489,0.39276294203142,0.393241447934495,0,0
