EGFR,PI3K_AKT,mTOR,MEK_ERK,PKC,TGFb-SMAD,STAT3,DPD_NC,DPD_LB
0,0.00172223369026645,0.37768081643008,0.449936819449575,0.00297124744552913,0.44074874044719,0,0,0
0.513680515881511,0,0.507849292897096,0.506503938058271,0,0.504879419473485,0.518665192038516,0,0
0,0.330003323150446,0,0.331708903363691,0.328571222928369,0,0,0,0
0,0,0.163598643905401,0,0,0,0,0,0
0.192123818719708,0.191759097190203,0,0,0,0,0,0,0
0.0361812729096307,0,0,0,0,0,0,0,0
0.0450795174828268,0,0,0,0,0,0,0,0
0,0.467206593014453,0.479865619712744,0.516035980334525,0.254715392324631,0.482944162379465,0.475674086069541,0,0
0,0.116968085171201,0.262764332922715,0.308687800760552,0.148760434432666,0.117150548808624,0.229004801879793,0,0
