EGFR,PI3K_AKT,mTOR,MEK_ERK,PKC,TGFb-SMAD,STAT3,DPD_NC,DPD_LB
0,-0.105063907626085,0,0.0600002354982207,0.0536577672059759,0.797093787321056,0,0,0
-0.147478004339181,0,0.160626277239521,0.406770167581726,0,0.104894832028947,-0.645562614051236,0,0
0,0.712308525646695,0,0.215530794019173,1.29691965042134,0,0,0,0
0.418439635231279,1.00552101197553,-0.145630674005645,0,0,0.246628949627176,1.08891257738918,0,0
0.656149133900913,0,0,0,0,0,0,0,0
0.916914677883574,0,0,0,0,0,0,0,0
0.846070344135775,0,0,0,0,0,0,0,0
0,0.52854193896751,0.491701379611738,0.217341611531981,0.00116096032732863,-0.409286788509871,0.378504678021714,0,0
0,3.98614947331646,-0.0809885519938039,-1.19464263329373,-0.232351229847789,0.643055091486126,1.78460755381964,0,0
