EGFR,PI3K_AKT,mTOR,MEK_ERK,PKC,TGFb-SMAD,STAT3,DPD_NC,DPD_LB
0,0,-0.00189914627304911,0.666542377039265,0,0.237219393741984,0,0,0
-1.20395268237815,0,0,0.587586140666535,0,0.0312943723458004,1.04899842035384,0,0
0.212749772352693,0,0,-0.179953540978801,0,0,0,0,0
0.058505343318045,0,0,0,0,0.741454620933084,0.294266907470606,0,0
1.39204400666213,0,0,0,0,0,0,0,0
0.131950183392558,0,0,0.742364125685171,0,0,0,0,0
-0.0777911149091932,0,0,0.939611537991375,0,0,0,0,0
0,0.296324093124116,3.52472872832437,8.87430446001672,-2.88928966796568,2.07948951080954,-5.59278323019021,0,0
0,0,0,0.0452686302411691,-0.474199585339982,-0.1144927938218,-0.635554481998439,0,0
