EGFR,PI3K_AKT,mTOR,MEK_ERK,PKC,TGFb-SMAD,STAT3,DPD_NC,DPD_LB
0,0.277568846875003,0,0.23383176014914,0.228801159497631,0.372177313341054,0,0,0
0.480801376167977,0,0.482603102139312,0.476795230697486,0,0.482894951936769,0.473911385019836,0,0
0,0.345247490325477,0,0.344751452020123,0.344349704821648,0,0,0,0
0.491585677671003,0.496584952464374,0.494364241940893,0,0,0.49635224994031,0.497888928220757,0,0
0.0384486342445032,0,0,0,0,0,0,0,0
0.0304399334407715,0,0,0,0,0,0,0,0
0.03493019234516,0,0,0,0,0,0,0,0
0,0.509820065306695,0.505265293139021,0.503643632006265,0.0322489157390824,0.506674796066685,0.544159325928689,0,0
0,0.539826324654395,0.296235608483295,0.467044853563178,0.395296535633487,0.693863847975924,0.726545962467037,0,0
