EGFR,PI3K_AKT,mTOR,MEK_ERK,PKC,TGFb-SMAD,STAT3,DPD_NC,DPD_LB
0,0,0.570621378904903,0,0,0.562157406205564,0,0,0
0.49806402319326,0,0.501543256440558,0.215948669158362,0,0.533407734590769,0.49962356624448,0,0
0,0,0,0.200028049492823,0.19661984122368,0,0,0,0
0.593893481060272,0,0.596961877281305,0,0,0.600684129061884,0.600026274632344,0,0
0.0284460482174032,0,0,0,0,0,0,0,0
0.0456993741656034,0,0,0,0,0,0,0,0
0.0509805745380579,0,0,0,0,0,0,0,0
0,0,0.641633952396895,0,0.646646673035079,0.0226407776850046,0.0437594338344641,0,0
0,0.456199378060459,0.453141531837685,0.415245773962766,0.450400774888313,0.523784010934715,0.445930419905164,0,0
