EGFR,PI3K_AKT,mTOR,MEK_ERK,PKC,TGFb-SMAD,STAT3,DPD_NC,DPD_LB
0,3.28211637284994e-05,0.00391958032306627,0.382890218950745,-6.79335313031192e-05,0.717083850182522,0,0,0
-0.830397847618264,0,0.0388465184512242,-0.0507125969439021,0,0.175104471703488,0.701628688024781,0,0
0,1.88111442285986,0,0.783961052119778,-1.18286584413161,0,0,0,0
0,0,0.204435918095841,0,0,0,0,0,0
0.480151538182777,0.719345714488744,0,0,0,0,0,0,0
0.903964790214387,0,0,0,0,0,0,0,0
0.647658891785818,0,0,0,0,0,0,0,0
0,0.238377670202641,-0.17387264455895,1.58992160575483,0.00267617345857446,0.932581951554041,-0.463165192977847,0,0
0,0.0202287907682618,-0.489674532059173,0.13246958298612,-0.0368723141444014,-0.0154752406628323,-0.0599912909187067,0,0
