EGFR,PI3K_AKT,mTOR,MEK_ERK,PKC,TGFb-SMAD,STAT3,DPD_NC,DPD_LB
0,0,0.334307251468724,4.44089209850063e-16,0,4.44089209850063e-16,0,0,0
5.55111512312578e-16,0,0,5.55111512312578e-16,0,0.476067973711077,5.55111512312578e-16,0,0
0.301309809114898,0,0,0.301309809114898,0,0,0,0,0
0.458040977817131,0,0,0,0,0,0.390229503243844,0,0
3.33066907387547e-16,0,0,0,0,0,0,0,0
3.33066907387547e-16,0,0,3.33066907387547e-16,0,0,0,0,0
1.4432899320127e-15,0,0,1.4432899320127e-15,0,0,0,0,0
0,0.35263388694614,6.66133814775094e-16,6.66133814775094e-16,6.66133814775094e-16,6.66133814775094e-16,6.66133814775094e-16,0,0
0,0,0,0.245942346678585,1.11022302462516e-16,0.497603443788566,1.11022302462516e-16,0,0
