EGFR,PI3K_AKT,mTOR,MEK_ERK,PKC,TGFb-SMAD,STAT3,DPD_NC,DPD_LB
0,0,0,0.202239425096589,-0.155729514708442,0.701758277783637,0,0,0
0.584327816650378,0,-0.000245992957290909,0,0,-0.0357357508665891,-0.33169063647973,0,0
-2.01791668808837,0.304185135740018,0,1.92893031416338,0,0,0,0,0
0.25129548362006,0,0,0,0,0.76195433721725,-0.335663095071068,0,0
-1.22775901612423,0,0,0,0,1.91946609227617,0.00196686437644884,0,0
0.831000436594599,0,0,0,0,0,0,0,0
0,0,0,0.660922869547739,0,0,0,0,0
0,6.07064467097686,1.91145877304702,0,-2.89624927220132,11.0121445287612,-5.57579648285038,0,0
0,0.420989190827448,0,0,-0.544888490665896,-0.916180204256328,-0.00644329279729794,0,0
