EGFR,PI3K_AKT,mTOR,MEK_ERK,PKC,TGFb-SMAD,STAT3,DPD_NC,DPD_LB
0,0,0,0,0,0.913088933846788,0.0514339640339093,0,0
-0.211168288048379,0,-0.0576255634996411,0.472346333093606,0,0.0565305372408461,-0.111736687160955,0,0
0,0.470480079216453,0,0.322773289305086,0,0,0,0,0
0.0484918850035728,0,0,0,0,-0.271708533025732,1.1890926422059,0,0
0.480432707924466,0,0,0,0,0,0,0,0
0.943728062364567,0,0,0,0,0,0,0,0
0.86010133047924,0,0,0,0,0,0,0,0
0,0,0,0.654077521625296,1.34267451961434,0.570084040253869,-1.13948337742324,0,0
0,-1.13237816600243,-0.825179846718803,1.28031820728919,7.67523348937749,-1.3826645081431,-4.38277564661511,0,0
