EGFR,PI3K_AKT,mTOR,MEK_ERK,PKC,TGFb-SMAD,STAT3,DPD_NC,DPD_LB
0,0,0,0.403761281311103,0.377872847049941,0.542327798845444,0,0,0
0.54456550374479,0,0.0125729985324816,0,0,0.647422516060174,0.521376369408016,0,0
0.442265775862605,0.448753410189656,0,0.442941821240564,0,0,0,0,0
0.361493194857462,0,0,0,0,0.518101078095796,0.392519133659562,0,0
0.428679705115242,0,0,0,0,0.433535680410567,0.0487301093618936,0,0
0.0329932547893304,0,0,0,0,0,0,0,0
0,0,0,0.0688042325723483,0,0,0,0,0
0,0.479009092384738,0.469737476619527,0,0.465781000671475,0.47045388381321,0.469625591290641,0,0
0,0.759389243265069,0,0,0.759457825962197,0.763189913870822,0.0549715421678974,0,0
