EGFR,PI3K_AKT,mTOR,MEK_ERK,PKC,TGFb-SMAD,STAT3,DPD_NC,DPD_LB
0,0.0240240435560761,0.499638040141489,2.22044604925031e-16,0.0240240435560761,2.22044604925031e-16,0,0,0
6.66133814775094e-16,0,0.333531840721034,0.333531840721034,0,0.333531840721034,6.66133814775094e-16,0,0
0,4.44089209850063e-16,0,4.44089209850063e-16,4.44089209850063e-16,0,0,0,0
0,0,1.11022302462516e-15,0,0,0,0,0,0
1.11022302462516e-16,1.11022302462516e-16,0,0,0,0,0,0,0
0,0,0,0,0,0,0,0,0
4.44089209850063e-16,0,0,0,0,0,0,0,0
0,0.235493529410108,4.44089209850063e-16,4.44089209850063e-16,0.487181416456756,4.44089209850063e-16,0.217753469372504,0,0
0,0.30176999766198,1.33226762955019e-15,0.408079700925078,0.30176999766198,0.309948538520725,0.408079700925078,0,0
