EGFR,PI3K_AKT,mTOR,MEK_ERK,PKC,TGFb-SMAD,STAT3,DPD_NC,DPD_LB
0,0,0.127025404451801,0.508471800832893,0,0.507577761024153,0,0,0
0.495145769664193,0,0,0.484505362092899,0,0.422732563919081,0.491945034527241,0,0
0.637708506227798,0,0,0.540423306900162,0,0,0,0,0
0.176260037335237,0,0,0,0,0.420190603339419,0.416947305817557,0,0
0.064492365222603,0,0,0,0,0,0,0,0
0.296654301941218,0,0,0.296916346840924,0,0,0,0,0
0.28575506963511,0,0,0.285575461182793,0,0,0,0,0
0,0.728165641077084,0.570623783114473,0.74514517222333,0.603696168969915,0.80401978088463,0.799093516693604,0,0
0,0,0,0.600226173758221,0.605253873629646,0.375795248301838,0.603924995011782,0,0
