EGFR,PI3K_AKT,mTOR,MEK_ERK,PKC,TGFb-SMAD,STAT3,DPD_NC,DPD_LB
0,0,0.128195398609126,1,0,1,0,0,0
0.999999999999999,0,0,0.999999999999999,0,0.652837444386608,0.999999999999999,0,0
0.100985715880814,0,0,0.100985715880814,0,0,0,0,0
0.29950445730559,0,0,0,0,1,0.812603478544406,0,0
1,0,0,0,0,0,0,0,0
1,0,0,1,0,0,0,0,0
0.999999999999999,0,0,0.999999999999999,0,0,0,0,0
0,0.145529490962567,1,1,1,1,1,0,0
0,0,0,0.935330175970183,1,0.451104062236628,1,0,0
