EGFR,PI3K_AKT,mTOR,MEK_ERK,PKC,TGFb-SMAD,STAT3,DPD_NC,DPD_LB
0,0.21502321878109,-0.00821330807648469,-0.251720711400042,-0.0617348447851326,1.22715363113434,0,0,0
0.156681249098153,0,-0.0290491955917647,-0.357030954309018,0,-0.358212311291636,-0.374707753610401,0,0
0,-0.173611691988066,0,0,0.645004201941254,0,0,0,0
1.50327367630715,0.15790128356661,0.237182552655057,0,0,-0.379712213746139,-0.98926278140524,0,0
0,0.377747399115705,0,0,0,0,0,0,0
0,0,0,0.254992992588853,0,0,1.16889863098856,0,0
0.69450888993195,0,0,0,0,0,0,0,0
0,-18.2569223529712,-6.37824498802291,17.2801380199987,23.4717141354796,-84.7351698683329,47.3426590435853,0,0
0,0.557706209799077,0,-0.186734373933712,-0.546812556408691,-0.144134075097397,0.267728197913103,0,0
