EGFR,PI3K_AKT,mTOR,MEK_ERK,PKC,TGFb-SMAD,STAT3,DPD_NC,DPD_LB
0,0,0,0,-0.219120043359225,0.573838712664769,0,0,0
0.813692768941267,0,0,0,0,-0.403470089236021,-0.201656043482525,0,0
0,0.710648452572002,0,0,0.59315625633887,0,0,0,0
0.644770700822972,0,0,0,0,0.00397464906339768,0.0143677313057232,0,0
0.369565064073491,0,0,0.289923660685163,0,0,0.32008821084949,0,0
0.643765741870148,0,0,0.136498178164628,0,0,0,0,0
0.723073080565473,0,0,0.119472383228255,0,0,0,0,0
0,-0.616932967920595,-0.816300503199775,0,0.93926501872944,1.13291162933142,0.876648464785121,0,0
0,2.28420611695411,2.63231470381414,1.59010061071402,-3.17815919471097,-2.96784113346549,-2.93139797185437,0,0
