EGFR,PI3K_AKT,mTOR,MEK_ERK,PKC,TGFb-SMAD,STAT3,DPD_NC,DPD_LB
0,0.365793335029727,0.155716345909963,0.370196737427844,0,0.168286902938059,0,0,0
0.385788423708013,0,0.376393016075872,0.374955753303331,0,0.33528634461403,0.359313624094468,0,0
0.413186222664254,0.249048857441984,0,0.380841708744174,0.30196352602583,0,0,0,0
0.331173968274342,0.049420960903798,0.257945978278468,0,0,0.357466380857417,0.415935097797592,0,0
0.216632681209336,0.217619807480892,0,0,0,0,0,0,0
0,0,0,0,0,0,0.0431961453043584,0,0
0,0,0,0,0,0.0415714367824053,0,0,0
0,0,0,0.405672892616017,0.410087517728996,0.251224825517919,0.329356214868231,0,0
0,0.445407310223766,0,0.441938290579011,0.439391228213875,0.348755091167189,0.442195577964876,0,0
