EGFR,PI3K_AKT,mTOR,MEK_ERK,PKC,TGFb-SMAD,STAT3,DPD_NC,DPD_LB
0,0.562652503182096,0,0.561036900812175,0,0.564704949918476,0,0,0
0.477653833680097,0,0.475122441014464,0.47321510969929,0,0.474212184502151,0.482742165162032,0,0
0,0.312022469696517,0,0.308841495516952,0.312464194766297,0,0,0,0
0.633026795966623,0,0.625450924990149,0,0,0.641347143985812,0.629975916371002,0,0
0,0,0,0,0,0,0,0,0
0,0,0,0,0,0,0,0,0
0,0,0,0,0,0,0,0,0
0,0.553640816584476,0.556535003724976,0.561811856856675,0,0.557520180514597,0.555185058737248,0,0
0,0.608805205330136,0.624942981881394,0.618829821667216,0,0.612893162984576,0.620041004830757,0,0
