EGFR,PI3K_AKT,mTOR,MEK_ERK,PKC,TGFb-SMAD,STAT3,DPD_NC,DPD_LB
0,0.510743628856575,0.0993038136131222,0.513621148891123,0.207362066956858,0.567911569124721,0,0,0
0.360815883970321,0,0.171261496319304,0.466683406631509,0,0.508287594667583,0.48762408575163,0,0
0,0.282938406636145,0,0,0.282682422741434,0,0,0,0
0.496121759678557,0.48962445324306,0.494721070625481,0,0,0.497163392794307,0.500927608135268,0,0
0,0.0442875183399111,0,0,0,0,0,0,0
0,0,0,0.328361546503757,0,0,0.329411822902143,0,0
0.0672109046346339,0,0,0,0,0,0,0,0
0,1.17622233247655,3.79133399853621,0.459199250112189,0.784668025277297,7.26501528808733,4.83430244296607,0,0
0,0.518760277813607,0,0.499087570149814,0.521419765742747,0.31872543474428,0.447912128830756,0,0
