EGFR,PI3K_AKT,mTOR,MEK_ERK,PKC,TGFb-SMAD,STAT3,DPD_NC,DPD_LB
0,0.15819417050554,-0.29331595484963,-0.175818468906837,-0.35409046541232,0.708624223133431,0,0,0
0.729150794929775,0,-0.0131468651991556,-0.205621609592463,0,0.583204018347587,0.367830026903268,0,0
0,0,0,0,0.402267426804724,0,0,0,0
1.31004152258637,-0.108279627079058,0.134523065404501,0,0,0.0793867326459239,-0.361887740822873,0,0
0.643296040485819,0,0,0,0,0,0,0,0
0,0,0,0,0,0,0,0,0
0,0,0,0,0,0,0,0,0
0,-0.655338080403801,-1.46136038047734,-0.500458641913349,0.456154033274419,1.29865711203035,-5.61289168175776,0,0
0,0.311239885826709,0.39406638114199,0.302132793066717,0,-0.258945570741584,1.52791320133524,0,0
