EGFR,PI3K_AKT,mTOR,MEK_ERK,PKC,TGFb-SMAD,STAT3,DPD_NC,DPD_LB
0,0,0,0,0.586205809916791,0.599171580710118,0,0,0
0.83278640287306,0,0,0,0,0.832790097478005,0.830181504125621,0,0
0,0.198764017497224,0,0,0.199054835932095,0,0,0,0
0.236950151808738,0,0,0,0,0.0282611551754284,0.0870713364283088,0,0
0.901380618073597,0,0,0.308195274049388,0,0,0.68644228071492,0,0
0.298332030807914,0,0,0.300163024480012,0,0,0,0,0
0.284363752575232,0,0,0.289155950869365,0,0,0,0,0
0,0.527157274012563,0.522513175169273,0,0.523979834816547,0.521639171841264,0.520277018573264,0,0
0,0.40629135955542,0.400805324283142,0.405698821379593,0.402565663972774,0.397924047284906,0.403023691764085,0,0
