EGFR,PI3K_AKT,mTOR,MEK_ERK,PKC,TGFb-SMAD,STAT3,DPD_NC,DPD_LB
0,0.389595395221276,-0.171795527536552,0.0345609454663334,-0.0652991168458746,0.701595291587518,0,0,0
0.157020307990092,0,-0.230433257654371,0.351062789970757,0,-0.913175790837389,0.173721908807448,0,0
0,0.571646506006739,0,0.142662967320988,1.01365255557282,0,0,0,0
1.12586573368721,0.220372192861456,0.342228973493239,0,0,0.415998324990874,0.0978286819456339,0,0
0.784148819110565,0,0,0,0,0,0,0,0
0,0,0,0,0,0,1.01573442906246,0,0
0,0,0,0,0,0.874521945822089,0,0,0
0,-0.00107225254287455,-0.530351541036197,0.0176029012923284,-1.16194677102756,1.19052581542836,0.351550000669289,0,0
0,1.20424246095438,0.814461911715081,-1.03581147251161,1.27273468544621,2.02387157023924,0.534074055409709,0,0
