EGFR,PI3K_AKT,mTOR,MEK_ERK,PKC,TGFb-SMAD,STAT3,DPD_NC,DPD_LB
0,0.430607352454472,0.0437550149973341,2.22044604925031e-16,0.47785491211118,2.22044604925031e-16,0,0,0
1.22124532708767e-15,0,0,0,0,1.22124532708767e-15,0,0,0
0,2.22044604925031e-16,0,2.22044604925031e-16,2.22044604925031e-16,0,0,0,0
5.55111512312578e-16,0.191270878081218,5.55111512312578e-16,0,0,5.55111512312578e-16,0.446664712592031,0,0
0,0,8.88178419700126e-16,0,0,0,0,0,0
0,0,0,0,0,0,0,0,0
3.33066907387547e-16,0,0,0,0,0,0,0,0
0,1.55431223447522e-15,0.443999499017454,1.55431223447522e-15,0,1.55431223447522e-15,1.55431223447522e-15,0,0
0,7.7715611723761e-16,0,7.7715611723761e-16,0,0.485661591625849,0,0,0
