EGFR,PI3K_AKT,mTOR,MEK_ERK,PKC,TGFb-SMAD,STAT3,DPD_NC,DPD_LB
0,1,1,1,1,1,0,0,0
1,0,0.162009193493792,1,0,0.439609552226597,1,0,0
0,0,0,0,0,0,0,0,0
1,0,0,0,0,0,1,0,0
0,0,0,0,0,0,0,0,0
0,0,0,1,0,0,0,0,0
0.999999999999999,0,0,0.999999999999999,0,0,0,0,0
0,0,0.581689974229515,1,1,1,0,0,0
0,0.498687793510208,1,1,1,1,1,0,0
