EGFR,PI3K_AKT,mTOR,MEK_ERK,PKC,TGFb-SMAD,STAT3,DPD_NC,DPD_LB
0,0.411888906800235,0.00859095212863106,0.467298172053195,0.378028313914942,0.555594777463934,0,0,0
0.381072256751589,0,0,0,0,0.384939943173338,0,0,0
0,0.299787825795056,0,0.302504080954243,0.30358236144326,0,0,0,0
0.463323059299562,0.457001807425986,0.463739763202379,0,0,0.45757314186534,0.191735454136916,0,0
0,0,0.0368438383703504,0,0,0,0,0,0
0,0,0,0,0,0,0,0,0
0.0422362463388785,0,0,0,0,0,0,0,0
0,0.452497307371939,0.403182066507328,0.462472115559711,0,0.449139528960583,0.498190033187529,0,0
0,0.525469126681879,0,0.519591699723154,0,0.516855250073931,0,0,0
