EGFR,PI3K_AKT,mTOR,MEK_ERK,PKC,TGFb-SMAD,STAT3,DPD_NC,DPD_LB
0,0.00628321976739435,0.00547868882853808,0.665314574197215,0.601308636556332,-1.79387364447755,0,0,0
0.371198356409292,0,-0.529537980855725,0.477558170675933,0,-3.27960773483921,1.28344392501372,0,0
1.03877967259357,0.801515932259449,0,-0.320690067344831,-0.319165946188819,0,0,0,0
1.84983706770913,0,0.17632653432202,0,0,-0.408289706496636,0.419685539725521,0,0
0.443029709955329,0.414898780089964,0,0,0,0,0,0,0
0,0,0,0,0,0,0,0,0
0,0,0,0,0,0,0,0,0
0,-0.18396835706576,0.406116999223991,0.686624402943403,1.13898030163719,-0.83524646007498,-0.356805904001337,0,0
0,-1.42678874500069,-0.312345000429416,0,2.51367012269138,2.58671111925102,-2.8417866390213,0,0
