EGFR,PI3K_AKT,mTOR,MEK_ERK,PKC,TGFb-SMAD,STAT3,DPD_NC,DPD_LB
0,0.754120656405872,0.00191818075482511,1,0.647155302219174,1,0,0,0
0.999999999999999,0,0,0,0,0.999999999999999,0,0,0
0,1,0,1,1,0,0,0,0
0.999999999999999,0.96196910199497,0.999999999999999,0,0,0.999999999999999,0.275298788331976,0,0
0,0,1,0,0,0,0,0,0
0,0,0,0,0,0,0,0,0
1,0,0,0,0,0,0,0,0
0,0.999999999999998,0.729922693251992,0.999999999999998,0,0.999999999999998,0.999999999999998,0,0
0,0.999999999999999,0,0.999999999999999,0,0.618881531027518,0,0,0
