EGFR,PI3K_AKT,mTOR,MEK_ERK,PKC,TGFb-SMAD,STAT3,DPD_NC,DPD_LB
0,0.109724400812785,0.121054161890794,1,1,0.121054161890794,0,0,0
1,0,1,1,0,1,1,0,0
0,1,0,0,1,0,0,0,0
1,1,1,0,0,1,1,0,0
1,0,0,0.735329257692284,0,0.264670742307715,0,0,0
0,0,0,0,0,0,0,0,0
0,0,0,0,0,0,0,0,0
0,0.487615823490007,1,0,1,1,1,0,0
0,0.999999999999999,0.999999999999999,0.999999999999999,0.999999999999999,0.999999999999999,0.999999999999999,0,0
