EGFR,PI3K_AKT,mTOR,MEK_ERK,PKC,TGFb-SMAD,STAT3,DPD_NC,DPD_LB
0,0,0,0.560105782210897,0.562871657021605,0,0,0,0
0,0,0.00838871554778077,0.863282998336465,0.866910783531788,0.0155920998453699,0,0,0
0,0.383450664685627,0,0.387892750216381,0.385536377210869,0.380158655546903,0,0,0
0.414740448541087,0,0.193660846657374,0,0,0.351826005391791,0,0,0
0.0556762420533614,0,0,0,0,0,0,0,0
0.213909788187672,0,0.218053436225433,0,0,0,0,0,0
0.0528330348073533,0,0,0,0,0,0,0,0
0,0.472150611842607,0.468291973031572,0.468642780831243,0.466104148401075,0,0.463161808366718,0,0
0,0.572924489236268,0,0,0.570048832273755,0,0.57666531274336,0,0
