EGFR,PI3K_AKT,mTOR,MEK_ERK,PKC,TGFb-SMAD,STAT3,DPD_NC,DPD_LB
0,0,0,0.152666111046947,0,-0.00637590451788804,0,0,0
0.724640632651331,0,-0.18168996727451,0.00187939794818308,0,-0.935205646154658,0.96114962370128,0,0
0,0,0,0,0.352909237768781,0,0,0,0
1.33189917020642,0,0.109623690981423,0,0,0.329042384334532,0.794991736317699,0,0
0.745731481829342,0,0,0,0,0,0,0,0
0,0,0,0,0,0,0,0,0
1.50782425553414,0,0,-0.385342610808159,0,0,0,0,0
0,0.212670167000636,0.334784691716314,0.00632003860495794,0.537026610593056,-0.794595387369246,-1.08698333846806,0,0
0,0.000604247351298584,-0.276702426500835,0.256322089583161,-0.700945250349012,-1.11066223062019,1.08031352982449,0,0
