EGFR,PI3K_AKT,mTOR,MEK_ERK,PKC,TGFb-SMAD,STAT3,DPD_NC,DPD_LB
0,1.55431223447522e-15,0,0.371574170410092,1.55431223447522e-15,1.55431223447522e-15,0,0,0
0,0,0,0.208657606496495,0,0.208657606496495,3.33066907387547e-16,0,0
0,1.55431223447522e-15,0,1.55431223447522e-15,1.55431223447522e-15,0,0,0,0
4.44089209850063e-16,0.219264142425143,0,0,0,4.44089209850063e-16,0.378537275835648,0,0
5.55111512312578e-16,5.55111512312578e-16,0,0,0,0,0,0,0
1.11022302462516e-15,0,0,1.11022302462516e-15,0,0,0,0,0
1.11022302462516e-16,0,0,0,1.11022302462516e-16,0,0,0,0
0,5.55111512312578e-16,5.55111512312578e-16,0,0,5.55111512312578e-16,0,0,0
0,2.22044604925031e-16,0,2.22044604925031e-16,2.22044604925031e-16,2.22044604925031e-16,0,0,0
