EGFR,PI3K_AKT,mTOR,MEK_ERK,PKC,TGFb-SMAD,STAT3,DPD_NC,DPD_LB
0,0,0,0,0,0,0,0,0
0.999999999999999,0,0.999999999999999,0.999999999999999,0,0.999999999999999,0.999999999999999,0,0
0,1,0,0,0,0,0,0,0
1,1,1,0,0,1,1,0,0
0,0,0,0,0,0,0,0,0
1,0,0,1,0,0,0,0,0
0,0,1,1,0,0,0,0,0
0,0.391186825024512,0.999999999999999,0.999999999999999,0.999999999999999,0.999999999999999,0.999999999999999,0,0
0,0.910367846879244,1,0.9105514453679,1,0.221731433022134,1,0,0
