EGFR,PI3K_AKT,mTOR,MEK_ERK,PKC,TGFb-SMAD,STAT3,DPD_NC,DPD_LB
0,0.257990867304328,0.25957593826016,0.268772269992034,0.263322281913043,0.266885908092307,0,0,0
0.541758261580536,0,0.544904049679008,0.544031758143938,0,0.547546265309046,0.54136220308286,0,0
0,0.279399006013518,0,0.278999786240404,0.278154479266504,0,0,0,0
0.477347819308887,0.312064194004045,0.310653224783884,0,0,0.576554022671672,0.527702783611956,0,0
0.0287238010347157,0,0,0,0,0,0,0,0
0,0,0,0,0,0,0,0,0
0.357128053551561,0,0,0.357292747604502,0.357130026298533,0,0,0,0
0,0,0,0.796431181946965,0.789078139975577,0,0.788555920246848,0,0
0,0.435938262364031,0.433133858347701,0.434754992356379,0.43354572848693,0.437131087930209,0.437402199190076,0,0
