EGFR,PI3K_AKT,mTOR,MEK_ERK,PKC,TGFb-SMAD,STAT3,DPD_NC,DPD_LB
0,-0.00561062763779782,0.00824755286295425,0.389729043574161,-0.412763966998886,0.0153566136597704,0,0,0
3.7705794712392,0,0.465002707203982,-1.05125399843572,0,0.200934273022943,-1.60637840332329,0,0
0,0.194828548632509,0,0,0.577801053588794,0,0,0,0
1.12283070552698,0.344795199159805,1.11198501112424,0,0,-2.05209227271655,-1.03110061309188,0,0
-0.778186262143943,0,0,0.51724435988358,0,0.564291976319232,0,0,0
0,0,0,0,0,0,0,0,0
0,0,0,0,0,0,0,0,0
0,0.047388562381472,-0.0767834751163258,0,0.394440059280777,1.04542437058222,0.21994522030114,0,0
0,-0.211653099484151,1.00450663556247,0.511660463112622,-0.727474718410129,-1.93986689785682,-1.98518428405366,0,0
