EGFR,PI3K_AKT,mTOR,MEK_ERK,PKC,TGFb-SMAD,STAT3,DPD_NC,DPD_LB
0,0.513383659666259,0.511359111906423,0.51241135516472,0.512292970048598,0.513090183285979,0,0,0
0.44095359033431,0,0.437847987943342,0.446439692993752,0,0.442652590432929,0.441775001762097,0,0
0,0,0,0,0,0,0,0,0
0.560749616631742,0.471774816595509,0.467229267329589,0,0,0.515138984342367,0.536760220511521,0,0
0.0345162808767733,0,0,0,0,0,0,0,0
0,0,0,0.210040957984814,0,0,0.210099954926532,0,0
0,0,0,0.1878524795354,0,0.187908070123681,0,0,0
0,0.475113445707344,0.481053598348218,0.461105513793966,0.165992711270213,0.462242437473142,0.479355188017587,0,0
0,0.0178262535605194,0.0712259664245371,0.325496152445431,0.0470834206188038,0.329186449864139,0.284736519183821,0,0
