EGFR,PI3K_AKT,mTOR,MEK_ERK,PKC,TGFb-SMAD,STAT3,DPD_NC,DPD_LB
0,0.107986571048472,0.111394665301137,0.410006292203075,0.378389853895824,0.485495388712649,0,0,0
0.523991025150114,0,0,0.529415285077824,0,0.531183527449408,0.533111522861806,0,0
0.424924783189969,0,0,0.424558497867259,0.42095243149543,0,0,0,0
0.638087577813996,0.630731967405426,0,0,0,0.639884740472692,0.637326295401693,0,0
0,0,0,0,0,0,0,0,0
0,0,0,0,0,0,0,0,0
0,0,0,0.255730176156496,0,0.256224009888043,0,0,0
0,0,0,0,0.18071424961077,0,0,0,0
0,0.451807041154173,0.444821318017983,0.445807872734174,0.447283117304015,0.440355829374317,0.443978222053903,0,0
