EGFR,PI3K_AKT,mTOR,MEK_ERK,PKC,TGFb-SMAD,STAT3,DPD_NC,DPD_LB
0,0,0,0,1,1,0,0,0
0.710167823128935,0,0.0492883572844456,0.134946215091603,0,0.375490034678223,0.326201677393777,0,0
0,0.999999999999999,0,0,0.999999999999999,0,0,0,0
1,1,1,0,0,1,0.917724768093468,0,0
1,0,0,0,0,0,0,0,0
1,0,0,0,0,0,1,0,0
0,0,0,0,0,0.999999999999997,0,0,0
0,0,0.823656547852366,1,1,0,0.990405197639248,0,0
0,0.0441085074759845,0.739175559368732,1,1,1,0.911982374831302,0,0
