EGFR,PI3K_AKT,mTOR,MEK_ERK,PKC,TGFb-SMAD,STAT3,DPD_NC,DPD_LB
0,0.0511627287664591,6.66133814775094e-16,6.66133814775094e-16,6.66133814775094e-16,6.66133814775094e-16,0.079972312829521,0,0
1.11022302462516e-15,0,1.11022302462516e-15,1.11022302462516e-15,0,1.11022302462516e-15,1.11022302462516e-15,0,0
0,0,0,1.11022302462516e-16,1.11022302462516e-16,0,0,0,0
8.88178419700125e-16,0.0778879698747147,8.88178419700125e-16,0,0,8.88178419700125e-16,8.88178419700125e-16,0,0
2.22044604925031e-16,0.0208415901792781,0.0208415901792781,0.0208415901792781,0,0.0208415901792781,0,0,0
1.77635683940025e-15,0,0,0,0,0,0,0,0
2.22044604925031e-16,0,0.0856303573151968,0.0856303573151968,0.0856303573151968,0,0,0,0
0,0,8.88178419700126e-16,8.88178419700126e-16,0.153031067997083,0.0237563800621512,0.153031067997083,0,0
0,0.249518007647371,2.22044604925031e-16,2.22044604925031e-16,2.22044604925031e-16,0.184093091906595,2.22044604925031e-16,0,0
