EGFR,PI3K_AKT,mTOR,MEK_ERK,PKC,TGFb-SMAD,STAT3,DPD_NC,DPD_LB
0,0.456498518938384,0,-0.00866475206102392,-0.514435033183575,0.769118409313661,0,0,0
0,0,0,-0.00965854796892543,0,0.0332029480176225,0.388584857398154,0,0
0,-0.505234101685837,0,0.248552885387353,0.442894637740967,0,0,0,0
0.472467702803987,0.0119900655757565,0,0,0,0.998114532738987,0.0456905897415676,0,0
0.547581518090136,0.771403719520259,0,0,0,0,0,0,0
0.551568884286248,0,0,0.188494821929885,0,0,0,0,0
0.676149635137139,0,0,0,0.470759282394848,0,0,0,0
0,0.348905623604847,0.290100599372442,0,0,0.594107362614971,0,0,0
0,-0.43205062107153,0,0.408533952541824,1.23565910680612,-0.846942004343315,0,0,0
