EGFR,PI3K_AKT,mTOR,MEK_ERK,PKC,TGFb-SMAD,STAT3,DPD_NC,DPD_LB
0,0,0,0.473194520569937,0.527344023224123,0.703520032973263,0,0,0
0.491635810350875,0,0.041578394263683,0.489244433877465,0,0.496751293821066,0.495819363196915,0,0
0,0.19286014099692,0,0,0.193049338285919,0,0,0,0
0.660742820322783,0,0.00367588084915281,0,0,0.654283312713762,0.657279698598644,0,0
0.274809400430343,0,0,0,0,0.253899855929826,0,0,0
0,0,0,0,0.0629050247355884,0,0,0,0
0,0,0,0,0,0,0,0,0
0,0.131124190908452,0.122357485190296,0.104208786022627,0.329486614946997,0.345754744948778,0.630618418574976,0,0
0,0.442725683202914,0.444092233670979,0.445394001482705,0.443165554012412,0.445988488926008,0.45056728112712,0,0
