EGFR,PI3K_AKT,mTOR,MEK_ERK,PKC,TGFb-SMAD,STAT3,DPD_NC,DPD_LB
0,0.00450132058847364,-0.326399498088373,0.255125585453906,-0.00630192865987132,0.00865799888851495,0,0,0
0,0,0,0,0,0,0,0,0
0.00128496571376916,-0.412601504744172,0,0.457228103190083,1.50517337011736,0,-0.0105608337844876,0,0
0.525513075129408,0.00194134998527583,0,0,-0.00184189129942856,0,0.00193898353554836,0,0
0,0,0,0,0,0,0,0,0
0.286731377505912,0,0,0,0,0,0.792632132312088,0,0
-0.319916571396136,0,0,0,0,1.13441523708888,0,0,0
0,0.449107706821181,0.342775952893838,0.324216717637698,-0.958764835282498,0.731097138332227,0.25721788652128,0,0
0,0.645270668902787,-0.207825457049577,0.640704428618411,-2.28075069752249,-0.265720029166811,0.726331041359908,0,0
