EGFR,PI3K_AKT,mTOR,MEK_ERK,PKC,TGFb-SMAD,STAT3,DPD_NC,DPD_LB
0,7.77156117237609e-16,7.77156117237609e-16,7.77156117237609e-16,7.77156117237609e-16,7.77156117237609e-16,0,0,0
7.7715611723761e-16,0,0.0764271404308238,0.290135991082077,0,7.7715611723761e-16,0.290135991082077,0,0
0,0.404646905887363,0,0,0.404646905887363,0.404646905887363,0,0,0
0,0,0,0,0,0,0,0,0
0,0,0,0,0,0,0,0,0
6.66133814775094e-16,0,0,0,0,0,0,0,0
5.55111512312578e-16,0,0,5.55111512312578e-16,0,0,0,0,0
0,1.33226762955019e-15,0.0916340704883299,1.33226762955019e-15,1.33226762955019e-15,0,1.33226762955019e-15,0,0
0,4.44089209850063e-16,0.467412751263855,4.44089209850063e-16,4.44089209850063e-16,0.499864229369654,4.44089209850063e-16,0,0
