EGFR,PI3K_AKT,mTOR,MEK_ERK,PKC,TGFb-SMAD,STAT3,DPD_NC,DPD_LB
0,0.93469491452468,0,1,0.62353944729158,1,0,0,0
1,0,1,1,0,1,1,0,0
0,1,0,0,1,0,0,0,0
0.0191307196428643,1,1,0,0,1,1,0,0
1,1,0,0,0,0,0,0,0
0,0,0,1,0,0,0,0,0
0,0,0,1,0,0,0,0,0
0,0.236684695558856,0.763315304441144,0.763315304441144,0,0.236684695558856,0.236684695558856,0,0
0,0,0,0,0,0,1,0,0
