EGFR,PI3K_AKT,mTOR,MEK_ERK,PKC,TGFb-SMAD,STAT3,DPD_NC,DPD_LB
0,0,0.558914654371353,0.554723121202543,0.559861026780977,0.558706504244495,0,0,0
0.533391495681551,0,0.517082382150068,0.569673967194503,0,0.563678016658723,0.200434679891364,0,0
0,0.210607263340877,0,0,0.209217500225712,0,0,0,0
0.206019060888544,0,0,0,0,0,0,0,0
0,0,0,0,0,0,0,0,0
0,0,0,0,0,0,0,0,0
0.513579870648869,0,0.209542728944193,1.12785175348003,0.52554726946377,0,0,0,0
0,0.472957308208239,0.243118708530468,0.488447795839533,0.492067929377269,0.469945575173761,0.490593907209974,0,0
0,0.0796273779959245,0.0717782086532374,0.769742281272273,0.766739217636863,0.745131562455314,0.776799135407268,0,0
