EGFR,PI3K_AKT,mTOR,MEK_ERK,PKC,TGFb-SMAD,STAT3,DPD_NC,DPD_LB
0,0,0,0.384903199206345,0,0.519441183202915,0,0,0
-0.21601518155918,0,-0.260811715863532,-7.76908791797731e-06,0,0.227562084203614,0.184204650884142,0,0
-0.886546269050759,-0.408212318889814,0,0.759163496769973,2.08538426671053,0,0,0,0
0.270334090269734,0.186570653978241,0,0,0,0.253859541512236,0.188921687083512,0,0
-0.191458939162001,0.494973035285399,0,0,0,0,0,0,0
0.77970021565475,0,0,0,0,0,0.494193475462377,0,0
-1.37678311437318,0,0,0,0,1.5840486052344,0,0,0
0,0.00277486172928871,0.231009155559263,-0.00164142575422504,-0.353773648542331,-0.25312700802239,0.302422925052368,0,0
0,0.305319740919755,8.32768334029208e-05,-0.108184483965703,-0.768451826993756,-0.275940030785603,-6.22191765049032e-05,0,0
