EGFR,PI3K_AKT,mTOR,MEK_ERK,PKC,TGFb-SMAD,STAT3,DPD_NC,DPD_LB
0,0.109623992653079,0.109623992653079,1,1,1,0,0,0
1,0,1,1,0,1,1,0,0
1,1,0,1,1,0,0,0,0
1,0,1,0,0,1,1,0,0
0.999999999999999,0.999999999999999,0,0,0,0,0,0,0
0,0,0,0,0,0,0,0,0
0,0,0,0,0,0,0,0,0
0,0.89328601782802,1,1,1,1,0.991634404932063,0,0
0,0.999999999999999,0.999999999999999,0,0.999999999999999,0.999999999999999,0.999999999999999,0,0
