EGFR,PI3K_AKT,mTOR,MEK_ERK,PKC,TGFb-SMAD,STAT3,DPD_NC,DPD_LB
0,0.999999999999999,0.999999999999999,0.999999999999999,0.999999999999999,0.999999999999999,0,0,0
0.999999999999999,0,0.00587563083210808,0.0927886216240746,0,0.999999999999999,0.0927886216240746,0,0
0,0.793702028518333,0,0,0.793702028518333,0.206297971481667,0,0,0
1,0,0,0,0,0,0,0,0
0,0,0,0,0,0,0,0,0
1,0,0,0,0,0,0,0,0
0.999999999999999,0,0,0.999999999999999,0,0,0,0,0
0,1,0.991531481317058,1,1,0,1,0,0
0,1,0.32244628994033,1,1,0.488348725534015,1,0,0
