EGFR,PI3K_AKT,mTOR,MEK_ERK,PKC,TGFb-SMAD,STAT3,DPD_NC,DPD_LB
0,0,0,0,1.33226762955019e-15,1.33226762955019e-15,0,0,0
0.453684346348036,0,0.216469432300837,0.341666114977845,0,0.484249180211562,0.468822080387926,0,0
0,6.66133814775094e-16,0,0,6.66133814775094e-16,0,0,0,0
2.22044604925031e-16,2.22044604925031e-16,2.22044604925031e-16,0,0,2.22044604925031e-16,0.274783584155346,0,0
8.88178419700126e-16,0,0,0,0,0,0,0,0
4.44089209850063e-16,0,0,0,0,0,4.44089209850063e-16,0,0
0,0,0,0,0,2.55351295663786e-15,0,0,0
0,0,0.38111210822052,2.22044604925031e-16,2.22044604925031e-16,0,0.0974820092550954,0,0
0,0.20533618055332,0.439084333358244,4.44089209850063e-16,4.44089209850063e-16,4.44089209850063e-16,0.283320530192149,0,0
