EGFR,PI3K_AKT,mTOR,MEK_ERK,PKC,TGFb-SMAD,STAT3,DPD_NC,DPD_LB
0,0.435297669086803,-0.129755299396247,0,-0.646895478815153,0.929365648007469,0,0,0
1.73132599119564,0,0,-0.0037428894287304,0,-1.46305601678006,-0.782592673939224,0,0
0,0,0,0,1.43608878465122,0,-0.711836557822379,0,0
1.44508847798239,0.336654786178894,0,0,0,-0.350781289472199,-0.528138489190584,0,0
0,0.327222765371725,0,0,0,0,0,0,0
0,0,0,0,0,0,0.81815484646266,0,0
0.76145864904149,0,0,-0.280551359354123,0,0,0,0,0
0,0,-0.628780050714292,0.586170078007746,1.79555761708097,2.16371570211278,0,0,0
0,0,0.3926545357866,-0.414134549107168,0,-0.595082542629773,-0.217834015043782,0,0
