EGFR,PI3K_AKT,mTOR,MEK_ERK,PKC,TGFb-SMAD,STAT3,DPD_NC,DPD_LB
0,0,0,0,0,0,0,0,0
0.300011923067114,0,0.414660522229869,0,0,0,0.409710576955732,0,0
0,0.305585098247547,0,0.311494087804945,0.304916242380139,0,0,0,0
0.573677729413867,0,0.578252065114492,0,0,0.571533538444091,0.57498270812612,0,0
0.324921697906848,0.328062675454868,0,0,0,0,0,0,0
0,0,0,0,0,0,0,0,0
0.348533266052531,0,0.348080198929951,0,0,0,0,0,0
0,0.477727319356012,0.481208929694761,0.478730510359564,0.479638122385177,0.477841468287511,0.476093760298109,0,0
0,0.446558623528993,0.447076100975514,0.443971569231914,0.44439246594604,0.445223152449485,0.444169869917211,0,0
