EGFR,PI3K_AKT,mTOR,MEK_ERK,PKC,TGFb-SMAD,STAT3,DPD_NC,DPD_LB
0,0,0,1,1,0,0,0,0
0,0,0.00231176659264935,1,1,0.00231176659264935,0,0,0
0,1,0,1,1,1,0,0,0
0.615985551373834,0,0.384014448626165,0,0,0.999999999999999,0,0,0
1,0,0,0,0,0,0,0,0
1,0,1,0,0,0,0,0,0
1,0,0,0,0,0,0,0,0
0,1,1,1,1,0,1,0,0
0,1,0,0,1,0,1,0,0
