EGFR,PI3K_AKT,mTOR,MEK_ERK,PKC,TGFb-SMAD,STAT3,DPD_NC,DPD_LB
0,0.446849046062462,0.446877192652109,0.44674637952294,0.446276185673949,0.445267670056058,0,0,0
0.48584005370614,0,0.4815256084205,0.482841356591178,0,0.480189601573982,0.484124026894532,0,0
0,0.41283839531904,0,0.404505345256016,0.409102738736804,0,0,0,0
0.601434824424801,0,0.603306969291251,0,0,0.602197718066488,0.600608764151009,0,0
0.0402841158438039,0,0,0,0,0,0,0,0
0,0,0.255589270398148,0.254858796649255,0,0,0,0,0
0,0,0,0,0,0,0,0,0
0,0,0.576674011926,0.573500496600755,0.0747395155127247,0.57372961543367,0.578063759690115,0,0
0,0.405138783937245,0.399467286128834,0.399278971406812,0.397947664886499,0.399146039892378,0.399639152347481,0,0
