EGFR,PI3K_AKT,mTOR,MEK_ERK,PKC,TGFb-SMAD,STAT3,DPD_NC,DPD_LB
0,0.102022966816069,0.103491024373219,0.474498296108603,0.474965832925522,0.115157568824579,0,0,0
0.43223180666779,0,0.435860244599261,0.433344727709189,0,0.424547164770417,0.433620615141155,0,0
0,0.345588740664388,0,0,0.347767136967657,0,0,0,0
0.454337674759791,0.458944505908535,0.452124211296477,0,0,0.462889682921342,0.453487372925061,0,0
0.903225820754478,0,0,0.441613306485971,0,0.946077294745739,0,0,0
0,0,0,0,0,0,0,0,0
0,0,0,0,0,0,0,0,0
0,0.358642278938275,0.605510233537838,0,0.597705890312378,0.679729274681278,0.59640336885797,0,0
0,0.441734323300241,0.443248730245455,0.44090975923321,0.441444051528392,0.44551837685579,0.437347308146093,0,0
