EGFR,PI3K_AKT,mTOR,MEK_ERK,PKC,TGFb-SMAD,STAT3,DPD_NC,DPD_LB
0,0.376833631734911,0.0879839528173077,0.0716251530466298,-0.401724254137603,0.267626385986376,-0.0503646567616272,0,0
1.30255833871129,0,-0.552935884513501,-0.234847367528536,0,-0.107480810963746,0,0,0
0,-0.853737032101627,0,1.12215579506106,1.82848480118363,0,1.28128342264224,0,0
1.2891541256149,0.341772758964774,-0.00557913604966335,0,0,0.013553515661233,0.491391754929106,0,0
0.864475525941833,0,0,0,0,0,0,0,0
0,0,0,0,0,0,0,0,0
-1.78740511608378,1.00165049135549,0,-0.00171819969959026,-0.921637929874363,0,0,0,0
0,0,-0.24046593380957,0.379437632284331,0.355075092405766,0.0329149745628671,0,0,0
0,64.4091196985653,19.3959483136874,-42.6975457939623,-76.7447843986595,240.04112624101,-68.7921901258864,0,0
