EGFR,PI3K_AKT,mTOR,MEK_ERK,PKC,TGFb-SMAD,STAT3,DPD_NC,DPD_LB
0,0.472703582667745,0.468203787265298,0.469870258905267,0.221524292042331,0.48065538177341,0,0,0
0.327453157747065,0,0.479977145435375,0.478171988971013,0,0.489313216679027,0.440628879059782,0,0
0,0.36187474812002,0,0.358062293006848,0.357784006467549,0,0,0,0
0.435688336493446,0.434031331353724,0.435678360985452,0,0,0.439850764370913,0.326134282036454,0,0
0.0265661761328815,0,0,0,0,0,0,0,0
0,0,0,0,0,0,0.0387643357810229,0,0
0,0,0,0,0,0.0447308969908893,0,0,0
0,0.180741482184147,0.545514296632191,0.185534701042461,0.535254937906519,0.546322714462777,0.537883266399884,0,0
0,0.426356468995461,0.425946084723784,0.425400442195601,0.43247187420554,0.526679283929781,0.49976527228202,0,0
