EGFR,PI3K_AKT,mTOR,MEK_ERK,PKC,TGFb-SMAD,STAT3,DPD_NC,DPD_LB
0,0.459133067230635,0.442341492300521,0.439935048606685,0.412427845866916,0.606236188835905,0.0366514562035363,0,0
0.564764995814636,0,0.458681558260259,0.495561314166714,0.0728899161217071,0.498771667838507,0.567154440273453,0,0
0,0,0,0,0,0,0,0,0
0.424122702351356,0.429141309673981,0.430976667091256,0,0,0.433276260312957,0.42821312417501,0,0
0.0314559272051692,0,0,0,0,0,0,0,0
0.0362629363851936,0,0,0,0,0,0,0,0
0.169269920815955,0,0,0.168172235966401,0,0,0,0,0
0,0.619323108239139,0.616667021997161,0.617606857554001,0,0.61497175673338,0,0,0
0,0.422878664721302,0.421490105308932,0.421855504611168,0.421667477510731,0.420834003024875,0.418262881870332,0,0
