EGFR,PI3K_AKT,mTOR,MEK_ERK,PKC,TGFb-SMAD,STAT3,DPD_NC,DPD_LB
0,0.497287317856435,0.0686015054344201,1.55431223447522e-15,0.0686015054344201,1.55431223447522e-15,0,0,0
1.11022302462516e-16,0,1.11022302462516e-16,0.111961168111185,0,1.11022302462516e-16,1.11022302462516e-16,0,0
0,0,0,0,4.44089209850063e-16,0,0,0,0
3.33066907387547e-16,0,3.33066907387547e-16,0,3.33066907387547e-16,3.33066907387547e-16,3.33066907387547e-16,0,0
2.22044604925031e-16,0,0,0,0,0,0,0,0
2.22044604925031e-16,0,0,0,0,0,0,0,0
0,0,0,0,0,4.44089209850063e-16,0,0,0
0,0,0.321978536508931,4.44089209850063e-16,4.44089209850063e-16,4.44089209850063e-16,4.44089209850063e-16,0,0
0,5.55111512312578e-16,0.419821928638673,5.55111512312578e-16,5.55111512312578e-16,5.55111512312578e-16,5.55111512312578e-16,0,0
