EGFR,PI3K_AKT,mTOR,MEK_ERK,PKC,TGFb-SMAD,STAT3,DPD_NC,DPD_LB
0,0.933310455731893,-0.0909532168289121,0.0417103124660809,-0.308734565474359,-0.217415112142586,0,0,0
0.433741219507233,0,0,-0.0117217923291676,0,-0.0350161632115611,0.0241438647752862,0,0
0,0.702044267866478,0,0.198033270766218,0.567504607239127,0,0,0,0
0.194307997422091,1.08627905650262,-0.0991600661009081,0,0,-0.821968118063836,-0.70348111889373,0,0
0,0,0,0,0,0,0,0,0
0,0,0,-0.149473248524299,0,0,0.144054437462344,0,0
0,0,0,-0.411966736662768,0,0,0,0,0
0,0,0,0.0387554943663484,0,-0.0798917731708525,0.710382717693851,0,0
0,14.1735564551599,-1.40257299417976,-1.44515660242714,-3.33208358321698,-11.3475703617982,-0.825314270260772,0,0
