EGFR,PI3K_AKT,mTOR,MEK_ERK,PKC,TGFb-SMAD,STAT3,DPD_NC,DPD_LB
0,0.0150946545015879,-0.0169353788225694,0.253989567368708,-0.130390157481225,0.796861683513187,0,0,0
1.29258582840455,0,0,-0.633641149289605,0,-0.0318289983319433,0.396209088178849,0,0
-2.25013588061415,0,0,1.15687066224368,-1.73331043445354,0,0,0,0
1.12542626632649,-0.188536358527629,0,0,0,0.660709394168078,-0.100304766301812,0,0
0,0,0,0,0,0,0,0,0
0,0,0,0,0,0,0,0,0
0,0,0,-0.190466670010486,0,1.74722989588497,0,0,0
0,0,0,0,1.63134017027549,0,0,0,0
0,0.272768377365317,-0.858721037231993,0.538724341490917,0.473737798330848,-0.570424260141861,0.890770227676418,0,0
