EGFR,PI3K_AKT,mTOR,MEK_ERK,PKC,TGFb-SMAD,STAT3,DPD_NC,DPD_LB
0,0,1,1,1,1,0,0,0
1,0,1,1,0,0.954248454859274,0.21118041765743,0,0
0,1,0,0,1,0,0,0,0
1,0,0,0,0,0,0,0,0
0,0,0,0,0,0,0,0,0
0,0,0,0,0,0,0,0,0
0.863087010070524,0,0.209191365008789,1,0.653895645061735,0,0,0,0
0,0.999999999999999,0.371358391302136,0.998638842776555,0.998638842776555,0.999999999999999,0.999999999999999,0,0
0,0.0559770942526369,0.0559770942526369,0.989059523630259,1,1,1,0,0
