EGFR,PI3K_AKT,mTOR,MEK_ERK,PKC,TGFb-SMAD,STAT3,DPD_NC,DPD_LB
0,0.425598726617725,0.263257565921614,0.484933454134414,0.22562160116043,-0.0810703753910837,0.00296038709420404,0,0
1.22737246323027,0,0.154675929570422,-0.00205471383705405,0.00368214278490361,-2.6450606027441,1.25991616420134,0,0
0,0,0,0,0,0,0,0,0
2.80574335528215,0.0906801566070281,0.209765980022917,0,0,-2.73376409388457,-0.522832048618145,0,0
-1.51100777143945,0,0,0,0,0,0,0,0
0.51053445175028,0,0,0,0,0,0,0,0
0.918170159086732,0,0,-0.276326761353139,0,0,0,0,0
0,0.319072630877231,0.436186351173411,0.249448455444179,0,0.430975523800735,0,0,0
0,2.03147975294332,0.931203763123161,1.63007925491217,-0.655163342089448,-0.245615645346758,1.82902246519432,0,0
