EGFR,PI3K_AKT,mTOR,MEK_ERK,PKC,TGFb-SMAD,STAT3,DPD_NC,DPD_LB
0,0.483617980349561,0.483617980349561,8.88178419700126e-16,0.483617980349561,8.88178419700126e-16,0,0,0
0,0,0,0,0,0,0,0,0
0,3.33066907387547e-16,0,0,3.33066907387547e-16,0,0,0,0
4.44089209850063e-16,4.44089209850063e-16,4.44089209850063e-16,0,0,4.44089209850063e-16,4.44089209850063e-16,0,0
1.11022302462516e-15,0,0,0,0,0,1.11022302462516e-15,0,0
6.66133814775094e-16,0,0,6.66133814775094e-16,0,0,0,0,0
6.66133814775094e-16,0,0,6.66133814775094e-16,0,0,0,0,0
0,0,0,0,0,0.354299954330587,2.22044604925031e-16,0,0
0,0.216116457380378,6.66133814775094e-16,6.66133814775094e-16,0,6.66133814775094e-16,6.66133814775094e-16,0,0
