EGFR,PI3K_AKT,mTOR,MEK_ERK,PKC,TGFb-SMAD,STAT3,DPD_NC,DPD_LB
0,0.335846987393042,-0.224232027284584,0.0723908065560296,-0.239724341865394,0.529043972605204,0.0321667302304539,0,0
0.325864046834962,0,0,0.0449559046809998,0,-1.04211292349718,0.676305677418602,0,0
0,0.455103162333108,0,-0.216980260177868,0,0,0,0,0
1.06834542810526,0.00394021865708725,0,0,0,0,0.0165174100159943,0,0
2.3461523454773,0,0,-0.503521099286066,0,0,0,0,0
0,0,0,0,0,0,0,0,0
2.04142684877062,0,0,-0.593256522724074,0,0,0,0,0
0,0.396172062635513,0.100223328856467,0.16138441511186,-0.28925106273588,0.159346090331495,-0.0273356227417168,0,0
0,0.603668889968347,0.277311299959747,0.169894701760461,-0.707439787554581,0.0892826183040555,0.058803242677945,0,0
