EGFR,PI3K_AKT,mTOR,MEK_ERK,PKC,TGFb-SMAD,STAT3,DPD_NC,DPD_LB
0,1,1,0,1,1,0,0,0
1,0,0,0.0357115675834362,0,1,1,0,0
0,0,0,0,0.999999999999999,0,0.999999999999999,0,0
0.999999999999999,0.999999999999999,0,0,0,0.912590991443772,0.991437220190184,0,0
0,1,0,0,0,0,0,0,0
0,0,0,0,0,0,1,0,0
1,0,0,1,0,0,0,0,0
0,0,1,1,1,1,0,0,0
0,0,1,1,0,0.746018108027008,0.253981891972992,0,0
