EGFR,PI3K_AKT,mTOR,MEK_ERK,PKC,TGFb-SMAD,STAT3,DPD_NC,DPD_LB
0,0.0820893790962729,0.0781364381378706,0.0713585344620013,0.0770406225074115,0.149014031103042,0,0,0
0.460418475225758,0,0.443060090743709,0.437808813501756,0,0.442361082241741,0.456350583574773,0,0
0.458055017223565,0,0,0.452804468336439,0.452430661927979,0,0,0,0
0.423302703799017,0.421158651302311,0.426053205243855,0,0,0.421562825116851,0.416469465578254,0,0
0.260746113827548,0.263973372702995,0,0,0,0,0,0,0
0.204469374139815,0,0,0.203007532396086,0,0,0,0,0
0,0,0,0,0.0499629079199239,0,0,0,0
0,0,0,0,0,0,0,0,0
0,0.803298487876191,0,0.793481836687723,0.0774669937668599,0,0.797604294615903,0,0
