EGFR,PI3K_AKT,mTOR,MEK_ERK,PKC,TGFb-SMAD,STAT3,DPD_NC,DPD_LB
0,0,0,0,0,0,0,0,0
7.77156117237609e-16,0,7.77156117237609e-16,7.77156117237609e-16,0,7.77156117237609e-16,7.77156117237609e-16,0,0
0,2.22044604925031e-16,0,0,0,0,0,0,0
1.11022302462516e-16,1.11022302462516e-16,1.11022302462516e-16,0,0,1.11022302462516e-16,1.11022302462516e-16,0,0
0,0,0,0,0,0,0,0,0
4.44089209850063e-16,0,0,4.44089209850063e-16,0,0,0,0,0
0,0,2.22044604925031e-16,2.22044604925031e-16,0,0,0,0,0
0,0.488016078579132,5.55111512312578e-16,5.55111512312578e-16,5.55111512312578e-16,5.55111512312578e-16,5.55111512312578e-16,0,0
0,0.285654039438783,2.22044604925031e-16,0.285390102677595,2.22044604925031e-16,0.41541136796203,2.22044604925031e-16,0,0
