EGFR,PI3K_AKT,mTOR,MEK_ERK,PKC,TGFb-SMAD,STAT3,DPD_NC,DPD_LB
0,0.386005490230624,0.386005490230624,0.999999999999999,0.386005490230624,0.386005490230624,0,0,0
1,0,1,1,0,1,1,0,0
0,1,0,1,1,0,0,0,0
1,0.48218346689936,0.48218346689936,0,0,1,1,0,0
1,0,0,0,0,0,0,0,0
0,0,0,0,0,0,0,0,0
1,0,0,1,1,0,0,0,0
0,0,0,1,1,0,1,0,0
0,1,1,1,1,1,1,0,0
