EGFR,PI3K_AKT,mTOR,MEK_ERK,PKC,TGFb-SMAD,STAT3,DPD_NC,DPD_LB
0,0,0,0.801841342096841,0.999999999999999,0.999999999999999,0,0,0
0.999999999999999,0,0.0373556734131645,0.999999999999999,0,0.999999999999999,0.999999999999999,0,0
0,1,0,0,1,0,0,0,0
1,0,0.000892413858533264,0,0,1,1,0,0
0.936127576547729,0,0,0,0,1,0,0,0
0,0,0,0,0.999999999999999,0,0,0,0
0,0,0,0,0,0,0,0,0
0,0.138605063797763,0.138605063797763,0.10014541003432,0.440724665819943,0.456633924130265,0.630449249454217,0,0
0,1,1,1,1,1,1,0,0
