EGFR,PI3K_AKT,mTOR,MEK_ERK,PKC,TGFb-SMAD,STAT3,DPD_NC,DPD_LB
0,0.514471826297834,0.511305621319795,0.51792184436913,0.519191497068927,0.51784741301087,0,0,0
0.533428357226996,0,0.173437318998125,0.492047578482665,0,0.379070502045661,0.507348432163645,0,0
0,0,0,0,0,0,0,0,0
0.523871173706661,0,0,0,0,0,0.524025001882416,0,0
0,0,0,0,0,0,0,0,0
0,0,0,0.0718971126114482,0,0,0,0,0
0.152641411802646,0,0,0.15330426861361,0,0,0,0,0
0,0,0.517674062382639,0.637028610252564,0.656790873006753,0.75909584725053,0,0,0
0,0.304742995742652,0.45411998061334,0.452784610958662,0.48047454688618,0.618694116218464,0.459222197115371,0,0
