EGFR,PI3K_AKT,mTOR,MEK_ERK,PKC,TGFb-SMAD,STAT3,DPD_NC,DPD_LB
0,0,0,0.496980690827946,0,0.496156824695886,0,0,0
0,0,0,0.499058581194549,0,0.514674812822796,0.124313951126449,0,0
0,0.485201313253285,0,0.485481208849122,0.490261660841593,0,0.486114362848119,0,0
0.00149835190442202,0.339508725667086,0,0,0,0.429926407172827,0.369862813594573,0,0
0.258486517039031,0,0.252117322191015,0,0,0,0,0,0
0.247597215157853,0,0,0.247924345826542,0,0,0,0,0
0.245112312709531,0,0,0.243327005867884,0,0,0,0,0
0,0.586898593496483,0,0.591198974335991,0,0.59157010663256,0.590806929505157,0,0
0,0,0,0.597379831854313,0,0.595206208771633,0.595466003871148,0,0
