EGFR,PI3K_AKT,mTOR,MEK_ERK,PKC,TGFb-SMAD,STAT3,DPD_NC,DPD_LB
0,0,0,2.22044604925031e-16,0,2.22044604925031e-16,0,0,0
6.66133814775094e-16,0,6.66133814775094e-16,6.66133814775094e-16,0,6.66133814775094e-16,0.498403060932827,0,0
0,8.88178419700126e-16,0,0,8.88178419700126e-16,0,0,0,0
1.11022302462516e-16,0,1.11022302462516e-16,0,0,1.11022302462516e-16,0.484934455220711,0,0
0,0,8.88178419700126e-16,0,0,0,0,0,0
1.11022302462516e-16,0,0,1.11022302462516e-16,0,0,0,0,0
8.88178419700126e-16,0,0,8.88178419700126e-16,0,0,0,0,0
0,0,1.11022302462516e-15,0.413939599543438,0,1.11022302462516e-15,0.365006202596278,0,0
0,0,0,6.66133814775094e-16,0,6.66133814775094e-16,0.415201450022062,0,0
