EGFR,PI3K_AKT,mTOR,MEK_ERK,PKC,TGFb-SMAD,STAT3,DPD_NC,DPD_LB
0,1,0,0.165436648922731,1,1,0,0,0
0,0,0,0.0456190989366369,0,0.0456190989366369,1,0,0
0,0.999999999999998,0,0.999999999999998,0.999999999999998,0,0,0,0
1,0.0506413060298414,0,0,0,1,0.173335752181347,0,0
0.999999999999999,0.999999999999999,0,0,0,0,0,0,0
0.999999999999999,0,0,0.999999999999999,0,0,0,0,0
1,0,0,0,1,0,0,0,0
0,0.999999999999999,0.999999999999999,0,0,0.999999999999999,0,0,0
0,1,0,1,1,1,0,0,0
