EGFR,PI3K_AKT,mTOR,MEK_ERK,PKC,TGFb-SMAD,STAT3,DPD_NC,DPD_LB
0,0,-0.35584196447266,1.25409682707729,-0.633255541095983,-1.15715231276299,0,0,0
0.254104204275894,0,0.258444154722392,0.288855065344267,0,0.588837424991281,0.251066752165748,0,0
0,0,0,1.07957229429318,2.68322444195502,-1.3803635840695,0,0,0
0.324955249315014,0,0.164673836771829,0,0,0.699778437383669,0.0256035546816493,0,0
0,0,0,0,0,0,0,0,0
-0.494033238577054,0,-0.307782064421453,0.951871804714416,0,0,0,0,0
0.307573418900566,0,0,0,0,0,0,0,0
0,-0.452581208494167,0.483581678401808,0.628468158400547,-0.408299756087982,0,0.945171669063739,0,0
0,0,0,0.941060910865211,0.375045072964147,0.38980204064659,0.859063865862754,0,0
