EGFR,PI3K_AKT,mTOR,MEK_ERK,PKC,TGFb-SMAD,STAT3,DPD_NC,DPD_LB
0,6.66133814775094e-16,6.66133814775094e-16,0.444529082240295,6.66133814775094e-16,0.281336138334165,0.45838736202877,0,0
6.66133814775094e-16,0,6.66133814775094e-16,6.66133814775094e-16,0,6.66133814775094e-16,0,0,0
0,0,0,0,0,0,0,0,0
7.77156117237609e-16,7.77156117237609e-16,0.237423191798071,0,0,7.77156117237609e-16,7.77156117237609e-16,0,0
1.11022302462516e-16,0,0,0,0,0,0,0,0
0,0,0,0,0,0,0,0,0
1.11022302462516e-16,1.11022302462516e-16,0,0.114615875936171,1.11022302462516e-16,0,0,0,0
0,0,1.33226762955019e-15,1.33226762955019e-15,1.33226762955019e-15,1.33226762955019e-15,0,0,0
0,4.44089209850063e-16,4.44089209850063e-16,4.44089209850063e-16,4.44089209850063e-16,4.44089209850063e-16,4.44089209850063e-16,0,0
