EGFR,PI3K_AKT,mTOR,MEK_ERK,PKC,TGFb-SMAD,STAT3,DPD_NC,DPD_LB
0,0.289817584144487,-0.266546121715614,-0.270525752070097,-0.874456977326824,0.532451758948109,0,0,0
0.343218527141068,0,0.040279505659498,0.0515745792969188,0,-0.829176050191604,1.34835263774925,0,0
0,0.169630496740054,0,0.508849497474459,0.740295642280634,0,0,0,0
0.243433003970682,0,-0.149634137965132,0,0,-0.637009513635633,0.474699594285471,0,0
0.508307715128128,0,0,0,0,0,0,0,0
0,0,-0.269152516497789,-0.592312702672134,0,0,0,0,0
0,0,0,0,0,0,0,0,0
0,0,-0.423458421661539,-0.521403795478067,-0.00725725521067086,-2.48075717913342,1.95387759936937,0,0
0,0.449017543111738,-0.672530133850507,-1.15296184390914,-1.37372764777112,-2.23047397938284,2.91773295879022,0,0
