EGFR,PI3K_AKT,mTOR,MEK_ERK,PKC,TGFb-SMAD,STAT3,DPD_NC,DPD_LB
0,0.200592474563478,-0.0758064126588402,0.173887064316039,-0.137617713598967,-0.149610684494168,0,0,0
0.988820577141838,0,-0.00550343720489477,0.00350959137563969,0,-0.156797499115099,0.603388247887864,0,0
0,0,0,0.50832039000364,0,0,1.45910186545263,0,0
3.75057375194043,-0.70170993956395,0.729320035132035,0,0,1.07020391150833,-0.257779704448004,0,0
0,0.462175021132154,0,0,0,0,0,0,0
0,0,0,0,0,0,0,0,0
-0.468740830207701,0,0,0,1.18470078975098,-1.42377748382277,0,0,0
0,-0.241351841325631,0,0.168957555268367,0.815789952358144,0,0,0,0
0,0.377944152701738,-0.38679914036685,0,0.482092222742539,-2.34356660734025,-0.486428437694683,0,0
