EGFR,PI3K_AKT,mTOR,MEK_ERK,PKC,TGFb-SMAD,STAT3,DPD_NC,DPD_LB
0,0.0248577429739809,1,1,0.0248577429739809,0.0248577429739809,0,0,0
0,0,0,0,0,0,0,0,0
0.0174962318274903,1,0,1,1,0,0.0174962318274903,0,0
1,0.00516923420240041,0,0,0.00516923420240041,0,0.00516923420240041,0,0
0,0,0,0,0,0,0,0,0
1,0,0,0,0,0,1,0,0
1,0,0,0,0,1,0,0,0
0,1,1,1,1,1,1,0,0
0,1,1,1,1,1,1,0,0
