EGFR,PI3K_AKT,mTOR,MEK_ERK,PKC,TGFb-SMAD,STAT3,DPD_NC,DPD_LB
0,0,0,0.427187190482635,0,0.427039523824946,0,0,0
0.508058335090547,0,0.513753237147962,0.510884765850913,0,0.510582101318289,0.51353246276247,0,0
0,0,0,0.198777240172205,0.197215401048351,0,0,0,0
0.487940499457353,0.166003694202627,0.188186739079926,0,0,0.467447647998668,0.308142854947815,0,0
0.273052478968639,0.275785357155498,0,0,0,0,0,0,0
0,0,0,0,0,0,0,0,0
0,0,0,0,0,0,0,0,0
0,0.765451814013303,0.774998624908581,0,0,0.775197247879142,0.769428079034082,0,0
0,0.435872617607238,0.440341361742908,0.437106616896604,0.44142093981965,0.437141466043677,0.434468805677813,0,0
