EGFR,PI3K_AKT,mTOR,MEK_ERK,PKC,TGFb-SMAD,STAT3,DPD_NC,DPD_LB
0,0.474103681205505,0.333611352546507,0.416509457456595,-0.0212823758181503,-0.233104177134016,0,0,0
1.05626874776275,0,-0.896213836606713,-0.586868251394764,0,0.591192373656612,0.18725967942671,0,0
0,0,0,0,0,0,0,0,0
0.796194672487455,-0.472028638477303,-0.478050600906075,0,0,1.65023767924185,-0.769989893504089,0,0
1.05257525012903,0,0,0,0,0,0,0,0
0,0,0,0.29464690039465,0,0,0.679994562392209,0,0
0,0,0,-0.374977126132371,0,1.29314790733564,0,0,0
0,-0.722993520851167,-1.06146190038745,-0.107964656112074,0.0480735213886588,0.176712761967255,1.15940762988831,0,0
0,0.000772043785134965,-0.00791295763024233,0.149888312402137,0.00450026407290367,0.129577061654355,-0.0719359334247368,0,0
