EGFR,PI3K_AKT,mTOR,MEK_ERK,PKC,TGFb-SMAD,STAT3,DPD_NC,DPD_LB
0,0,1.11022302462516e-15,1.11022302462516e-15,1.11022302462516e-15,1.11022302462516e-15,0,0,0
1.33226762955019e-15,0,1.33226762955019e-15,1.33226762955019e-15,0,0.208945785451545,0.408146112140571,0,0
0,1.33226762955019e-15,0,0,1.33226762955019e-15,0,0,0,0
3.33066907387547e-16,0,0,0,0,0,0,0,0
0,0,0,0,0,0,0,0,0
0,0,0,0,0,0,0,0,0
0.343755469946368,0,0.406731284528924,8.88178419700126e-16,0.47572694944793,0,0,0,0
0,1.11022302462516e-15,0.48316802099438,0.0368687465810439,0.0368687465810439,1.11022302462516e-15,1.11022302462516e-15,0,0
0,0.229877487309367,0.229877487309367,0.104022989509745,0,0,0,0,0
