EGFR,PI3K_AKT,mTOR,MEK_ERK,PKC,TGFb-SMAD,STAT3,DPD_NC,DPD_LB
0,0,0,0.506272669997903,0,0.506451997067582,0,0,0
0.427858907796417,0,0,0.47017565264335,0,0.138573789646065,0.432096248138412,0,0
0,0.00558275843985098,0,0.331543754974897,0.327240560844956,0,0,0,0
0.16015354714326,0.0307468682850601,0,0,0,0.462390165013865,0.474138550977169,0,0
0,0,0,0,0,0,0,0,0
0,0,0,0.0376409209341418,0,0,0,0,0
0,0,0,0.0377422531928943,0,0,0,0,0
0,0,0.383667820228565,0.451378304594415,0.391982189990265,0.435074149779827,0.252914765687851,0,0
0,0.508267559346303,0.493550142924407,0.500759251219585,0,0.50679165840525,0.496343161260373,0,0
