EGFR,PI3K_AKT,mTOR,MEK_ERK,PKC,TGFb-SMAD,STAT3,DPD_NC,DPD_LB
0,0.486411980115197,0.484856846013162,0.483805810802714,0.484878635893634,0.508175909860654,0.14371163065066,0,0
0.553743802569332,0,0,0.554584861378908,0,0.555909003116898,0.55331477606338,0,0
0,0.23261246830199,0,0.237996782110729,0,0,0,0,0
0.226068937519856,0.0718880935765754,0,0,0,0,0.0950612499857991,0,0
0.261869007062269,0,0,0.261155690912645,0,0,0,0,0
0,0,0,0,0,0,0,0,0
0.177421882579344,0,0,0.176087256827153,0,0,0,0,0
0,0.447506927416638,0.446647024567007,0.44711400367776,0.446565625408686,0.447588862880084,0.449312216427018,0,0
0,0.424681253367867,0.423389679773883,0.424792135860131,0.425797213448965,0.423431428984888,0.426702362362163,0,0
