EGFR,PI3K_AKT,mTOR,MEK_ERK,PKC,TGFb-SMAD,STAT3,DPD_NC,DPD_LB
0,0.556950777984577,0.556205050385805,0,0.55757351200012,0.556278208955501,0,0,0
0.595829423205036,0,0,0.0478845411546202,0,0.602564764318392,0.593145545211358,0,0
0,0,0,0,0.390111442776597,0,0.39208081290616,0,0
0.527528055845577,0.523505066180878,0,0,0,0.534178203401093,0.523009225360493,0,0
0,0.0530443031271339,0,0,0,0,0,0,0
0,0,0,0,0,0,0.084868379680679,0,0
0.218370383817042,0,0,0.21674226567521,0,0,0,0,0
0,0,0.579295433122611,0.588628327069204,0.586569151885371,0.584680009835875,0,0,0
0,0,0.705397951167885,0.704828873362641,0,0.755249114784142,0.439759998980263,0,0
