EGFR,PI3K_AKT,mTOR,MEK_ERK,PKC,TGFb-SMAD,STAT3,DPD_NC,DPD_LB
0,0,0,0.476972353749123,0,0.475010052688666,0,0,0
0.838087180862391,0,0.187168297001362,-1.53747572648016,0,0.653666958296925,0.633687817783177,0,0
0,0.544518673791535,0,-1.27033537298369,0,0,0,0,0
0.129062112162187,0,0,0,0,0.682379549159086,0,0,0
0.895176900860825,0,0.385495226571336,0,0,0,0,0,0
0.401208560200893,0,0,0.562001579143705,0,0,0,0,0
0,0,0,1.05734667808588,0,0,0,0,0
0,1.32888216472151,0,-0.0190061483014444,0,-0.807671520416458,0.0640103122184801,0,0
0,-0.546104397072738,-0.28053876862647,-0.90745148896455,0,-0.18898739689194,0.00163080610908243,0,0
