EGFR,PI3K_AKT,mTOR,MEK_ERK,PKC,TGFb-SMAD,STAT3,DPD_NC,DPD_LB
0,0.289178677817213,0.704053950611903,0.333454683455347,-0.329558832324301,-0.788882626093822,0,0,0
0.83290782324246,0,0.220818666948976,-0.387101659839605,0,-2.54522932387876,0,0,0
0,0,0,0,0,0,0,0,0
0.751016403174517,0,0.197161289914862,0,0,-1.81145208589585,0,0,0
0,0,0,0,0,0,0,0,0
0,0,0,0,0,0,0,0,0
-2.11278532735464,0.850727763553008,0,0.215618243557279,-1.24017991879375,0,0,0,0
0,0.144366976322808,1.98083672967194,0,0,-4.89975355061097,-0.475318302922195,0,0
0,1.42106887458838,1.66554256813027,1.05344099139637,-4.49651506807336,-1.20082635775771,0,0,0
