EGFR,PI3K_AKT,mTOR,MEK_ERK,PKC,TGFb-SMAD,STAT3,DPD_NC,DPD_LB
0,0.485647162308482,0.490922431672153,0.491701478754239,0.48828293519906,0.492295259515489,0.0289314388775695,0,0
0.423975349327902,0,0.423241040211772,0.423619870391805,0,0.433090182080297,0.42550989944358,0,0
0,0,0,0.194062165311243,0.193106185401344,0,0,0,0
0.435387486308859,0.435558694438979,0.435491863772965,0,0,0.435294778780685,0.442844443394761,0,0
0.332763654735318,0.00481586896393986,0.00691754686019132,0.00217105714203985,0,0.332646374327854,0,0,0
0.0368718069877088,0,0,0,0,0,0,0,0
0.0813786005886624,0,0.0303062680994099,0.0340425064246407,0.028856774077168,0,0,0,0
0,0,0.592481294844023,0.593894268618717,0.0442538321740606,0.00283694755375454,0.0386945323175815,0,0
0,0.0798052090618209,0.544097381232978,0.542658616868404,0.544679918187107,0.552404713770507,0.551564842609514,0,0
