EGFR,PI3K_AKT,mTOR,MEK_ERK,PKC,TGFb-SMAD,STAT3,DPD_NC,DPD_LB
0,0.442906127516279,0.440094063790474,0.442257708649904,0.441056601630788,0.440058789903917,0,0,0
0.480058297127613,0,0.481226579226497,0.480919951046713,0,0.483219514179151,0.478417089640646,0,0
0,0.410180471823635,0,0.397361669418153,0.394285391263593,0,0,0,0
0.596539366959226,0,0.598328543577056,0,0,0.60023679357324,0.599857933791968,0,0
0.0407444500385242,0,0,0,0,0,0,0,0
0,0,0.25167546290921,0.250047354353135,0,0,0,0,0
0,0,0,0,0,0,0,0,0
0,0,0.574008501418691,0.573062357196038,0.0663627633080401,0.573498861716989,0.579652010705847,0,0
0,0.405168491826456,0.402764598824257,0.404253274402578,0.399216454662357,0.40405393622494,0.400270799777376,0,0
