EGFR,PI3K_AKT,mTOR,MEK_ERK,PKC,TGFb-SMAD,STAT3,DPD_NC,DPD_LB
0,0,0,1,1,0,0,0,0
0,0,0.00124404081327215,1,1,0.00124404081327215,0,0,0
0,0.999999999999999,0,0.999999999999999,0.999999999999999,0.999999999999999,0,0,0
0.618225410059237,0,0.381774589940763,0,0,1,0,0,0
1,0,0,0,0,0,0,0,0
0.999999999999999,0,0.999999999999999,0,0,0,0,0,0
1,0,0,0,0,0,0,0,0
0,1,1,1,1,0,1,0,0
0,1,0,0,1,0,1,0,0
