EGFR,PI3K_AKT,mTOR,MEK_ERK,PKC,TGFb-SMAD,STAT3,DPD_NC,DPD_LB
0,0.511555208943343,0.515993570705053,0.51319370714606,0.514504678870655,0.517756119338373,0,0,0
0.430580275936655,0,0.422775211309421,0.432425631293203,0,0.441772119289422,0.445988185198502,0,0
0,0,0,0.210831943581042,0.207092600236014,0,0,0,0
0.402496613937845,0.407177835297576,0.400701638450174,0,0,0.400524933371387,0.334591722308531,0,0
0,0,0,0,0,0,0,0,0
0,0,0.0544131081965136,0,0,0,0,0,0
0,0,0.307733073208866,0.310908347970782,0,0,0,0,0
0,0.568916955809962,0,0,0,0.566980294583976,0.567315180555939,0,0
0,0.427178797689713,0.429898934551943,0.430841962833222,0.430299602133639,0.428161947490401,0.433045795982932,0,0
