EGFR,PI3K_AKT,mTOR,MEK_ERK,PKC,TGFb-SMAD,STAT3,DPD_NC,DPD_LB
0,0,0,0.999999999999999,0,0.999999999999999,0,0,0
0.999999999999999,0,0,0.999999999999999,0,0.164426428033119,0.621437306122527,0,0
0,0.000589017008158159,0,0.999410982991842,1,0,0,0,0
0.301938496247448,0.00605506108294735,0,0,0,0.812617376496484,0.949533130758752,0,0
0,0,0,0,0,0,0,0,0
0,0,0,1,0,0,0,0,0
0,0,0,1,0,0,0,0,0
0,0,0.999999999999999,0.448962916078689,0.448962916078689,0.448962916078689,0.197159830257764,0,0
0,1,1,0.889185253644434,0,1,1,0,0
