EGFR,PI3K_AKT,mTOR,MEK_ERK,PKC,TGFb-SMAD,STAT3,DPD_NC,DPD_LB
0,0.312420506509858,0.312420506509858,4.44089209850063e-16,4.44089209850063e-16,4.44089209850063e-16,0,0,0
1.77635683940025e-15,0,1.77635683940025e-15,1.77635683940025e-15,0,1.77635683940025e-15,1.77635683940025e-15,0,0
2.22044604925031e-16,2.22044604925031e-16,0,2.22044604925031e-16,2.22044604925031e-16,0,0,0,0
1.11022302462516e-15,0,1.11022302462516e-15,0,0,1.11022302462516e-15,1.11022302462516e-15,0,0
8.88178419700125e-16,8.88178419700125e-16,0,0,0,0,0,0,0
0,0,0,0,0,0,0,0,0
0,0,0,0,0,0,0,0,0
0,0.308749264259817,1.11022302462516e-16,1.11022302462516e-16,1.11022302462516e-16,1.11022302462516e-16,0.0910802497092354,0,0
0,8.88178419700125e-16,8.88178419700125e-16,0,8.88178419700125e-16,8.88178419700125e-16,8.88178419700125e-16,0,0
