EGFR,PI3K_AKT,mTOR,MEK_ERK,PKC,TGFb-SMAD,STAT3,DPD_NC,DPD_LB
0,0,0,0,0,0,0,0,0
-0.0441371714230232,0,-0.358716864215522,0,0,0,0.447892039205866,0,0
0,0.644165241811444,0,0.346292265598397,0.37410209994805,0,0,0,0
0.958104298207467,0,0.293998107443478,0,0,-3.31157612618245,0.542383552902778,0,0
0.677577299277929,0.416396464888847,0,0,0,0,0,0,0
0,0,0,0,0,0,0,0,0
-1.75128557982854,0,0.268524333820246,0,0,0,0,0,0
0,-0.00932619908127785,0.258741804604448,0.209851311303469,0.292473640661978,0.370062104270829,0.0558908150598704,0,0
0,0.882969070782294,0.182330705287592,1.20830843606008,-0.814005215629592,3.64767267279387,0.0219623567760907,0,0
