EGFR,PI3K_AKT,mTOR,MEK_ERK,PKC,TGFb-SMAD,STAT3,DPD_NC,DPD_LB
0,0.126635196576673,-0.18324808207026,0.246953985198707,-0.0210053745336893,0.663123541250484,0.00179851210587936,0,0
0.840315549511187,0,-0.203442127863118,-0.0350743415836604,0,-1.56200415676857,0.839452220839244,0,0
0,0,0,0.414829047829935,1.20701988050783,0,0,0,0
2.29142499082301,-0.229827626839623,0.456694703760315,0,0,-1.51205656555961,0.202645197335161,0,0
1.99051030152942,0.000100410409885003,0.000140250725632552,-2.91292511796109e-05,0,-1.99615858047778,0,0,0
0.564910160519903,0,0,0,0,0,0,0,0
0.505067333036698,0,0.00184831854880488,-0.00232405022789982,0.00160626453517966,0,0,0,0
0,0,0.664327905614092,-0.235009625833283,-0.00369971771431199,-6.40744255222676e-05,-0.00139491605653451,0,0
0,0.012660749247851,-0.572441527595127,0.498728058144023,-0.655417162275643,-0.584366278179069,0.944855815251674,0,0
