EGFR,PI3K_AKT,mTOR,MEK_ERK,PKC,TGFb-SMAD,STAT3,DPD_NC,DPD_LB
0,0,0,0.999999999999999,0,0.999999999999999,0,0,0
0,0,0,1,0,1,0.0854523221920164,0,0
0,0.999613638264526,0,1,1,0,1,0,0
0.000760321648411238,0.653857030887937,0,0,0,1,0.730132693001468,0,0
0.999999999999999,0,0.999999999999999,0,0,0,0,0,0
1,0,0,1,0,0,0,0,0
1,0,0,1,0,0,0,0,0
0,1,0,1,0,1,1,0,0
0,0,0,1,0,1,1,0,0
