EGFR,PI3K_AKT,mTOR,MEK_ERK,PKC,TGFb-SMAD,STAT3,DPD_NC,DPD_LB
0,0.352586741935994,0.3632501233012,0.388661800301155,0.353651462794979,0.41979260330909,0,0,0
0.326576328599327,0,0.337507585441078,0.401729470021592,0,0.387138687883869,0.342552733131134,0,0
0,0,0,0.204796714288722,0.203562874382832,0,0,0,0
0.413528710034794,0.00369398401081277,0.00915626462909318,0,0,0.0349148379836742,0.382029318519474,0,0
0,0,0,0,0,0,0,0,0
0,0,0,0,0,0,0,0,0
0.441359955413716,0.442498329864539,0,0.437374790095798,0.438807435082941,0,0,0,0
0,0.541764778093271,0.543264994727379,0.540409839860485,0.543301090813135,0.539489128889662,0,0,0
0,0,0,0,0.534360000083498,0,0.533900369542338,0,0
