EGFR,PI3K_AKT,mTOR,MEK_ERK,PKC,TGFb-SMAD,STAT3,DPD_NC,DPD_LB
0,0,0.577448279881425,0.575124295807573,0.573566682378502,0.574538215777366,0,0,0
0.552602764294969,0,0.513142830506438,0.635464782354382,0,0.592465409489003,0.442179228335872,0,0
0,0,0,0.463527742619155,0.461173952226095,0.46282569396548,0,0,0
0.662997091186246,0,0.631170914762182,0,0,0.661324778199387,0.660224314918785,0,0
0,0,0,0,0,0,0,0,0
0.332538683582893,0,0.332259344496393,0.330172554192213,0,0,0,0,0
0.0759277978552576,0,0,0,0,0,0,0,0
0,0.522701827539873,0.530804364976336,0.525987029553133,0.527472748311357,0,0.52957119435401,0,0
0,0,0,0.751546968832267,0.739888172688456,0.743329946693778,0.742382346913878,0,0
