EGFR,PI3K_AKT,mTOR,MEK_ERK,PKC,TGFb-SMAD,STAT3,DPD_NC,DPD_LB
0,0.537755872857846,0,0.146162984986246,0.538172440357378,0.535215588471247,0,0,0
0,0,0,0.0661228521321096,0,0.159529420244522,0.18842245994089,0,0
0,0.523787486102624,0,0.523252663113465,0.526477591665849,0,0,0,0
0.45378088975524,0.0740177006260088,0,0,0,0.485890593065644,0.17650944343163,0,0
0.256913745288974,0.253505690720541,0,0,0,0,0,0,0
0.228700076162963,0,0,0.226797634438504,0,0,0,0,0
0.251844379066986,0,0,0,0.255325544090712,0,0,0,0
0,0.724069624928729,0.725552053919531,0,0,0.729614243986326,0,0,0
0,0.640005263596215,0,0.635339852753222,0.648285015836768,0.634552394264331,0,0,0
