EGFR,PI3K_AKT,mTOR,MEK_ERK,PKC,TGFb-SMAD,STAT3,DPD_NC,DPD_LB
0,0.354682693412311,0.513779975518501,0.501318028334454,0.501693499525385,0.517429145322615,0,0,0
0.512257939647266,0,0.507161083673246,0.509770125542112,0,0.506411368325782,0.506204947613065,0,0
0,0,0,0,0.0697154272078971,0,0,0,0
0.483141755371506,0,0.485185883604103,0,0.4853407879517,0.484776043145315,0.489988102549836,0,0
0.0528686388786326,0,0,0,0,0,0,0,0
0.0608426270067798,0,0,0,0,0,0,0,0
0,0,0,0,0,0.0814038861651303,0,0,0
0,0,0.119247074730724,0.665035874387256,0.663459006561427,0.666608418909049,0.66776959402043,0,0
0,0.391902518309094,0.403871049296379,0.385833048089233,0.393755227499126,0.530332565308909,0.403811796094692,0,0
