EGFR,PI3K_AKT,mTOR,MEK_ERK,PKC,TGFb-SMAD,STAT3,DPD_NC,DPD_LB
0,0,0,0.566890218146596,0,-0.141383788275248,0,0,0
-0.416439497100349,0,0.631613500492955,-0.228202974207278,0,2.16336732780101,-0.159711105712391,0,0
0,0.264485660600801,0,0,0.325662800385836,0,0,0,0
1.03067332569296,0,0.208502284102822,0,0,0.493774630793492,0.0877742335021506,0,0
0,0,1.08926178488923,0,0,0,0,0,0
0.0666841532127812,0,0,0.145217314249606,0,0,0,0,0
0.78341306881467,0,0,-0.35707035356042,0,0,0,0,0
0,0,0.343514741999938,0.0999470814898377,0,0.31993455775695,0.0378004582460376,0,0
0,0,0,0.558863377811526,0,-0.5549913712924,0.69966552709078,0,0
