EGFR,PI3K_AKT,mTOR,MEK_ERK,PKC,TGFb-SMAD,STAT3,DPD_NC,DPD_LB
0,0,3.33066907387547e-16,3.33066907387547e-16,3.33066907387547e-16,3.33066907387547e-16,0,0,0
6.66133814775094e-16,0,0,6.66133814775094e-16,0,6.66133814775094e-16,6.66133814775094e-16,0,0
0,0,0,0.494346156062096,0.494346156062096,0.494346156062096,0,0,0
8.88178419700126e-16,0.497854262327535,0.486004987930535,0,0,8.88178419700126e-16,8.88178419700126e-16,0,0
0,0,0,0,0,0,0,0,0
3.33066907387547e-16,0,0,3.33066907387547e-16,0,0,0,0,0
0,0,0,0,0,2.22044604925031e-16,0,0,0
0,0.211062650082524,0,0,0,0.490496672955368,2.22044604925031e-16,0,0
0,4.44089209850063e-16,4.44089209850063e-16,0.145830648543226,4.44089209850063e-16,4.44089209850063e-16,4.44089209850063e-16,0,0
