EGFR,PI3K_AKT,mTOR,MEK_ERK,PKC,TGFb-SMAD,STAT3,DPD_NC,DPD_LB
0,8.88178419700126e-16,8.88178419700126e-16,8.88178419700126e-16,0.424517807041797,8.88178419700126e-16,0.106742361138429,0,0
3.33066907387547e-16,0,0.353167081174383,3.33066907387547e-16,0.0507238745914416,3.33066907387547e-16,3.33066907387547e-16,0,0
0,0,0,0,0,0,0,0,0
4.44089209850063e-16,4.44089209850063e-16,4.44089209850063e-16,0,0,4.44089209850063e-16,4.44089209850063e-16,0,0
2.22044604925031e-16,0,0,0,0,0,0,0,0
0,0,0,0,0,0,0,0,0
2.22044604925031e-16,0,0,2.22044604925031e-16,0,0,0,0,0
0,9.9920072216264e-16,9.9920072216264e-16,9.9920072216264e-16,0,9.9920072216264e-16,0,0,0
0,5.55111512312578e-16,5.55111512312578e-16,5.55111512312578e-16,5.55111512312578e-16,5.55111512312578e-16,5.55111512312578e-16,0,0
