EGFR,PI3K_AKT,mTOR,MEK_ERK,PKC,TGFb-SMAD,STAT3,DPD_NC,DPD_LB
0,0.037320204076649,0.305167853546179,0.237823975824734,-0.215056626546432,0.0644443635852511,0,0,0
0.00272817212538113,0,-0.841506699875467,0.127853223973587,0,-0.278762466956564,0.497642307520352,0,0
0,0,0,0,0.288243375232728,0,0,0,0
1.05785359063175,0,-1.86391206542288,0,0.768857417139133,1.2331542940385,1.09592876130479,0,0
0.654292847744765,0,0,0,0,0,0,0,0
0.655869700845403,0,0,0,0,0,0,0,0
0,0,0,0,0,0.92222645583917,0,0,0
0,0,-0.00451064569906107,0.135272080833221,0.435311458602876,0.16068099372025,0.200008920765823,0,0
0,1.07335588942899,-0.378524642320047,0.853675114249154,-0.819608773836356,0.534058397684173,2.49620393691301,0,0
