EGFR,PI3K_AKT,mTOR,MEK_ERK,PKC,TGFb-SMAD,STAT3,DPD_NC,DPD_LB
0,-0.0255870782860519,0.0401561320954635,0.289633577752339,0.0746613494527331,0.616170208387857,0,0,0
0.578861857140519,0,0.541135250986464,0.513203916911731,0,4.9757837878277,-5.11922740915885,0,0
0,0.480400473266079,0,0,0.390495223228375,0,0,0,0
1.52843607249227,0.318957457926189,-0.600852923081329,0,0,-1.20074757579882,-0.70863050965747,0,0
1.62929934358641,0,0,0,0,0,-1.71466605279069,0,0
1.47624888889377,0,0,-0.498217227590269,0,0,0,0,0
1.40086372790297,0,0,-0.427216855693846,0,0,0,0,0
0,0,0,0,0,-0.0402946991879682,0.909372766676739,0,0
0,0.126021561273343,-0.453521335991825,0.312882468824887,0,-0.0512439756511862,-1.45174866324155,0,0
