EGFR,PI3K_AKT,mTOR,MEK_ERK,PKC,TGFb-SMAD,STAT3,DPD_NC,DPD_LB
0,0,0,0,0,0,0,0,0
1.09593384834615,0,0.31486258336098,-0.494693728180163,0,-1.73914036288115,-0.514519242001907,0,0
0,0.262281194845811,0,0,0,0,0,0,0
0.619185275857831,-0.273063547506396,0.704152025863903,0,0,-1.47275642020506,-1.36722781828212,0,0
0,0,0,0,0,0,0,0,0
1.12958361474057,0,0,-0.136636082140613,0,0,0,0,0
0,0,0.353342989579199,-0.248106207922481,0,0,0,0,0
0,-0.0478496153992728,0.349341997396089,0.837350012314357,1.6124375110333,-0.931438545064161,0.532546568462918,0,0
0,0.171539841193968,0.180363390824071,0.317244711183259,0.0067138149794631,0.0606697005571763,-0.09022327024192,0,0
