EGFR,PI3K_AKT,mTOR,MEK_ERK,PKC,TGFb-SMAD,STAT3,DPD_NC,DPD_LB
0,0.298266293404854,-0.271270504297386,-0.274871234207774,-0.877935679018497,0.52850712367302,0,0,0
0.336397558469727,0,0.0347224746096225,0.0446742668355782,0,-0.832670501585595,1.33685228188366,0,0
0,0.157401270792038,0,0.504355321827736,0.745345628071743,0,0,0,0
0.25077528914021,0,-0.146678155476865,0,0,-0.636597184602771,0.486821958143674,0,0
0.507525473632506,0,0,0,0,0,0,0,0
0,0,-0.267949057242292,-0.599615466887528,0,0,0,0,0
0,0,0,0,0,0,0,0,0
0,0,-0.424505874736613,-0.524727272205529,-0.00817295616480558,-2.48140484074362,1.95919206268635,0,0
0,0.448257211415601,-0.674593555085542,-1.15326608965377,-1.38019744232258,-2.23201984952468,2.91568140260491,0,0
