EGFR,PI3K_AKT,mTOR,MEK_ERK,PKC,TGFb-SMAD,STAT3,DPD_NC,DPD_LB
0,4.44089209850063e-16,0.0834550151613483,0.443780863988841,0.143436121771637,0.0834550151613483,0,0,0
2.22044604925031e-16,0,0,0.327737584331785,0,0.327737584331785,0.327737584331785,0,0
0,8.88178419700126e-16,0,8.88178419700126e-16,8.88178419700126e-16,0,0,0,0
6.66133814775094e-16,6.66133814775094e-16,0.405678343474391,0,0,6.66133814775094e-16,6.66133814775094e-16,0,0
0,0,0,0,0,0,0,0,0
0,0,0,0,0,0,0.340358991436315,0,0
0,0,0,2.22044604925031e-16,0,0,0,0,0
0,0,0,0.327555294828271,0,0.327555294828271,1.11022302462516e-16,0,0
0,4.44089209850063e-16,4.44089209850063e-16,4.44089209850063e-16,4.44089209850063e-16,4.44089209850063e-16,4.44089209850063e-16,0,0
