EGFR,PI3K_AKT,mTOR,MEK_ERK,PKC,TGFb-SMAD,STAT3,DPD_NC,DPD_LB
0,0,0,1,0,1,0,0,0
1,0,1,1,0,1,1,0,0
0,1,0,1,0,0,0,0,0
0.378838968117089,0,0,0,0,0.999999999999999,0,0,0
1,0,1,0,0,0,0,0,0
0.999999999999999,0,0,0.999999999999999,0,0,0,0,0
0,0,0,1,0,0,0,0,0
0,1,0,0.255529610564215,0,1,0.160044961100163,0,0
0,1,1,1,0,0.428653562450646,0.00589389482469379,0,0
