EGFR,PI3K_AKT,mTOR,MEK_ERK,PKC,TGFb-SMAD,STAT3,DPD_NC,DPD_LB
0,0,0.0752519622401836,0,0.440432507103426,0.443085863026226,0,0,0
0.72840937600086,0,0,0,0.728951433279867,0.0110396476308648,0,0,0
0,0.406253090252871,0,0,0.402405983255677,0.400038823438318,0,0,0
0.607220965293627,0.604718797224686,0.602701156315918,0,0,0,0.600673327638912,0,0
0.233047580680927,0,0.23051574855405,0,0,0,0,0,0
0.0332059826229162,0,0,0,0,0,0,0,0
0.0301263098649034,0,0,0,0,0,0,0,0
0,0.421317764801994,0.419333659656851,0.419661604286374,0.416044803404268,0.420176294972821,0.418159890356932,0,0
0,0,1.82004270760771,1.49541763453878,0,3.76185582541607,0,0,0
