EGFR,PI3K_AKT,mTOR,MEK_ERK,PKC,TGFb-SMAD,STAT3,DPD_NC,DPD_LB
0,0.27548708820007,-0.0500706240773817,0.314186183177998,-0.182101953140698,0.099646448323195,0,0,0
0.995948668102729,0,-0.0406834717457019,-0.378258403208722,0,-0.216590095397909,0.220317902021852,0,0
0,0,0,0,0,0,0,0,0
0.310256715641147,0,0,0,0,0,0.537194333509846,0,0
0,0,0,0,0,0,0,0,0
0,0,0,0.146167038871177,0,0,0,0,0
1.22525208872926,0,0,-0.488661934371077,0,0,0,0,0
0,0,-0.160435448188648,-0.274269240516752,-0.834379987217452,1.52361469216616,0,0,0
0,0.0919991387979424,0.334932620073629,0.180520892834842,-0.727158133839328,0.732749222655031,0.752474034855926,0,0
