EGFR,PI3K_AKT,mTOR,MEK_ERK,PKC,TGFb-SMAD,STAT3,DPD_NC,DPD_LB
0,0.155012224528862,0,0.485567110037343,-0.108394854114831,-0.0988626325570473,0,0,0
-1.01733998231287,0,0.246790549396474,2.33808999723651,0,-1.09636629593929,-3.31567141696962,0,0
0,0.627450993149844,0,0,0.521154552178892,0,0,0,0
0.0059245789118892,0.207283757076735,0.288349193765866,0,0,-0.309684007225621,-0.336686462350463,0,0
1.23565533777411,0.364514926658046,0,0,0,0,0,0,0
0,0,0,0.333993882335141,0,0,0,0,0
0,0,0,0.362379953822371,0,0,0,0,0
0,0.0451481694240629,0.0776339046280754,0.235998859878879,0,-0.231899774979414,0.360165891344073,0,0
0,0,0,0,0,0,-0.865308950844916,0,0
