EGFR,PI3K_AKT,mTOR,MEK_ERK,PKC,TGFb-SMAD,STAT3,DPD_NC,DPD_LB
0,0,-0.00957146642726738,0,0.278330856964395,0.571490533484191,0,0,0
-0.582760724342633,0,0,0,1.38312311189701,-0.000573317523789318,0,0,0
0,-0.766146305820307,0,0,1.02440797578528,-2.25998237874751,0,0,0
0.835934231171053,0.34028520506349,0.251190878610356,0,0,0,-1.03568685395104,0,0
1.30123906912271,0,0.28666219429711,0,0,0,0,0,0
0.892888404807209,0,0,0,0,0,0,0,0
0.741324249764939,0,0,0,0,0,0,0,0
0,0.98654698760883,-0.530407683117807,0.982906371111184,-1.05996382364179,1.26327983102494,-1.51148405865068,0,0
0,0,-2.39421042483055,17.3546681531349,0,-20.6096830589252,0,0,0
