EGFR,PI3K_AKT,mTOR,MEK_ERK,PKC,TGFb-SMAD,STAT3,DPD_NC,DPD_LB
0,1.11022302462516e-15,1.11022302462516e-15,1.11022302462516e-15,0.0966320882702699,1.11022302462516e-15,0,0,0
0.480720150565759,0,6.66133814775094e-16,6.66133814775094e-16,0,6.66133814775094e-16,0.328386713825333,0,0
0,4.44089209850063e-16,0,4.44089209850063e-16,4.44089209850063e-16,4.44089209850063e-16,0,0,0
0,0.301655243682633,0,0,0,0,0,0,0
2.22044604925031e-16,2.22044604925031e-16,0,0,0,0,0,0,0
0,0,0,0,0,0,0,0,0
0,0,0,0,0,0,0,0,0
0,1.11022302462516e-16,1.11022302462516e-16,1.11022302462516e-16,0.391212353823676,1.11022302462516e-16,0.248047024895324,0,0
0,0.126044429108067,0.126044429108067,0.126044429108067,0.411244556847037,4.44089209850063e-16,0.125423968007593,0,0
