EGFR,PI3K_AKT,mTOR,MEK_ERK,PKC,TGFb-SMAD,STAT3,DPD_NC,DPD_LB
0,0.999999999999999,0.999999999999999,0.999999999999999,0.999999999999999,0.999999999999999,0,0,0
0.999999999999999,0,0.999999999999999,0.999999999999999,0,0.999999999999999,0,0,0
0,0,0,0,0,0,0,0,0
1,0,0.557631898854212,0,0,1,0,0,0
0,0,0,0,0,0,0,0,0
0,0,0,0,0,0,0,0,0
1,1,0,1,1,0,0,0,0
0,0.907898076781668,1,0,0,1,1,0,0
0,0.999999999999999,0.999999999999999,0.999999999999999,0.999999999999999,0.999999999999999,0,0,0
