EGFR,PI3K_AKT,mTOR,MEK_ERK,PKC,TGFb-SMAD,STAT3,DPD_NC,DPD_LB
0,0,0,1,0,0.070915074519555,0,0,0
0.999999999999999,0,0.999999999999999,0.999999999999999,0,0.999999999999999,0.999999999999999,0,0
0,0,0,0,1,0,0,0,0
1,0,0.725986438132159,0,0,0.725986438132159,1,0,0
1,0,0,0,0,0,0,0,0
0,0,0,0,0,0,0,0,0
1,0,0,1,0,0,0,0,0
0,0.999999999999999,0.999999999999999,0.999999999999999,0.999999999999999,0.999999999999999,0.999999999999999,0,0
0,0.0039265561196246,1,1,1,1,1,0,0
