EGFR,PI3K_AKT,mTOR,MEK_ERK,PKC,TGFb-SMAD,STAT3,DPD_NC,DPD_LB
0,0.999999999999999,0.51292111780765,0.999999999999999,0.999999999999999,0.999999999999999,0,0,0
0.999999999999999,0,0.0433886996431015,0.0433886996431015,0,0.354552513446088,0.999999999999999,0,0
0,0,0,1,0,0,1,0,0
1,1,1,0,0,1,1,0,0
0,1,0,0,0,0,0,0,0
0,0,0,0,0,0,0,0,0
0.999999999999998,0,0,0,0.999999999999998,0.999999999999998,0,0,0
0,1,0,1,1,0,0,0,0
0,1,1,0,0.996105080796616,1,0.996105080796616,0,0
