EGFR,PI3K_AKT,mTOR,MEK_ERK,PKC,TGFb-SMAD,STAT3,DPD_NC,DPD_LB
0,0.499645229459914,0.499763636078111,0.498182510854522,0.501878540710834,0.500237104451007,0,0,0
0.522034772637326,0,0.0145447650202881,0.104534510366659,0,0.51422120584313,0.107509867772796,0,0
0,0.495696993651165,0,0,0.467352927185396,0.333398418428877,0,0,0
0.162435522938956,0,0,0,0,0,0,0,0
0,0,0,0,0,0,0,0,0
0.0493017303558419,0,0,0,0,0,0,0,0
0.20200238331075,0,0,0.202655734450013,0,0,0,0,0
0,0.633514401621867,0.631743221752936,0.635605629006186,0.636254414057062,0,0.634137835171448,0,0
0,2.9457732882287,1.59635986556898,1.4500429547016,1.42194664725531,3.73682101648433,6.2658387052272,0,0
