EGFR,PI3K_AKT,mTOR,MEK_ERK,PKC,TGFb-SMAD,STAT3,DPD_NC,DPD_LB
0,0,0,0.249592396789655,0.207183817702486,0,0,0,0
0,0,-0.000278937289694484,-0.483087120627056,1.35374959815664,-0.000540704515726056,0,0,0
0,-1.11626846564392,0,0.354708939616586,0.814935378885016,-1.65970193598643,0,0,0
0.396563417212961,0,0.0670359824611717,0,0,-1.10465172982332,0,0,0
1.58089676800814,0,0,0,0,0,0,0,0
0.697949071396629,0,-0.282714312753823,0,0,0,0,0,0
0.647064297897704,0,0,0,0,0,0,0,0
0,-1.1298556407222,-1.52684853188559,0.703640687165423,2.28638913268594,0,-2.11774346350123,0,0
0,1.29421954367278,0,0,0.701346609572105,0,-3.22450147816964,0,0
