EGFR,PI3K_AKT,mTOR,MEK_ERK,PKC,TGFb-SMAD,STAT3,DPD_NC,DPD_LB
0,0,0,0.395171827943148,0,0.395131341164731,0,0,0
0.590948301384937,0,0.570440346450083,0.00506550584332549,0,0.595400891690576,0.578632867651371,0,0
0.432144748118591,0.436000433410381,0,0.433605795691827,0.437699850793696,0,0,0,0
0.576489886727221,0.579021513431333,0,0,0,0.576452554076909,0.57798152665062,0,0
0.332362642612426,0.338448799542425,0,0,0,0,0,0,0
0.209111623068094,0,0,0,0,0,0.207929233976654,0,0
0.232728598264066,0,0,0,0,0.233643741051789,0,0,0
0,0.0360616503306763,0.806980883469532,0.0311107511211624,0.811556179849808,0.82414544540128,0.816110178191988,0,0
0,0.740004664637103,0.00351586297615825,0.73459250319948,0.736667962618578,0.740514599825017,0.00263075053160574,0,0
