EGFR,PI3K_AKT,mTOR,MEK_ERK,PKC,TGFb-SMAD,STAT3,DPD_NC,DPD_LB
0,0.0595079036582064,0.0595079036582064,0.0595079036582064,0.0595079036582064,1,0,0,0
1,0,1,1,0,1,0.960238959191196,0,0
1,0,0,1,1,0,0,0,0
1,1,1,0,0,1,1,0,0
1,1,0,0,0,0,0,0,0
0.999999999999999,0,0,0.999999999999999,0,0,0,0,0
0,0,0,0,1,0,0,0,0
0,0,0,0,0,0,0,0,0
0,1,0,1,0.059231786907375,0,1,0,0
