EGFR,PI3K_AKT,mTOR,MEK_ERK,PKC,TGFb-SMAD,STAT3,DPD_NC,DPD_LB
0,0.434858663612688,0,0,0.434858663612688,0.165714674471709,0,0,0
0.495075799019759,0,0.494907023435919,0.226632614901368,0,0.41339928252171,0,0,0
0,2.22044604925031e-16,0,0.401655738027215,2.22044604925031e-16,0,0,0,0
0.182705626396869,0.157351380199789,0.348326193482549,0,0,0.104943230785957,0.476910574053022,0,0
4.44089209850063e-16,0,0,0,0,0,4.44089209850063e-16,0,0
1.22124532708767e-15,0,0,1.22124532708767e-15,0,0,0,0,0
7.77156117237609e-16,0,0,7.77156117237609e-16,0,0,0,0,0
0,0.248573020471054,0.236733768196056,0.396574103439193,0.0240161814100158,0.446536416944144,0.444062425375545,0,0
0,4.44089209850063e-16,0.0515152148898598,4.44089209850063e-16,0,0,0.479764481931613,0,0
