EGFR,PI3K_AKT,mTOR,MEK_ERK,PKC,TGFb-SMAD,STAT3,DPD_NC,DPD_LB
0,0,0,0.544118154261712,0.545814920625063,0,0,0,0
0,0,0.0150094826101365,0.887123621926253,0.880121767052999,0.0221250681599302,0,0,0
0,0.377645361064033,0,0.387780636591535,0.384573492679922,0.378249591505356,0,0,0
0.42541228783164,0,0.195753816196753,0,0,0.362066619891115,0,0,0
0.0545237791973167,0,0,0,0,0,0,0,0
0.215635121346413,0,0.216428552852029,0,0,0,0,0,0
0.0520515964623225,0,0,0,0,0,0,0,0
0,0.472300969482799,0.46923876336314,0.473384079531117,0.475446984542639,0,0.467033793763782,0,0
0,0.587645859141618,0,0,0.580923167126836,0,0.582518393919164,0,0
