EGFR,PI3K_AKT,mTOR,MEK_ERK,PKC,TGFb-SMAD,STAT3,DPD_NC,DPD_LB
0,0.56027437542235,0.569882608618576,0.215215338533629,0.56496486263311,0.681879998505616,0,0,0
0.233262139824727,0,0,0.126012734975747,0,0.159311273411421,0.140256760767713,0,0
0,0.501653563797575,0,0.496459817208548,0.497997990151098,0,0,0,0
0.456385989900381,0.510831812796181,0.416093777384249,0,0,0.488904894093662,0.449301686558376,0,0
0,0,0,0,0,0,0,0,0
0,0,0,0.193008179424679,0,0,0.371256084247013,0,0
0,0,0,0.0386909654151352,0,0,0,0,0
0,0,0,0.17685967309756,0,0.257977176324229,0.451999273020882,0,0
0,0.398175956857798,0.39711911647881,0.390590552325573,0.398751027250149,0.389651831786679,0.389537139521048,0,0
