EGFR,PI3K_AKT,mTOR,MEK_ERK,PKC,TGFb-SMAD,STAT3,DPD_NC,DPD_LB
0,0,0,0.458692953037009,0,0.456748182821588,0,0,0
0.463622006864469,0,0.464845595890131,0.463858124175992,0,0.499911183276999,0.358157739347428,0,0
0,0.282471907078808,0,0,0.282336756914488,0,0,0,0
0.484563210076076,0,0.484004441697548,0,0,0.490274937655544,0.298715763311687,0,0
0,0,0.0413447412035121,0,0,0,0,0,0
0.336134267221431,0,0,0.335765031588908,0,0,0,0,0
0.401327458188019,0,0,0.402592872794243,0,0,0,0,0
0,0,0.63372911173336,0.616625612183319,0,0.680255864763212,0.194371914445211,0,0
0,0,0,0.743376916251339,0,0.805288377183284,0.79951014124903,0,0
