EGFR,PI3K_AKT,mTOR,MEK_ERK,PKC,TGFb-SMAD,STAT3,DPD_NC,DPD_LB
0,0,0,0.263490044484987,0.203514834005807,0,0,0,0
0,0,-0.000630625694392015,-0.478916679223628,1.35825685581572,-0.00102253675466059,0,0,0
0,-1.11327275090194,0,0.359092170023244,0.82034052987203,-1.64897837297763,0,0,0
0.403144376641055,0,0.0657725688963553,0,0,-1.09784433099407,0,0,0
1.57915740019614,0,0,0,0,0,0,0,0
0.698551451848264,0,-0.285024751506479,0,0,0,0,0,0
0.646895508686295,0,0,0,0,0,0,0,0
0,-1.15498802657354,-1.54825304532881,0.71369603070449,2.30707576989842,0,-2.13193369314692,0,0
0,1.29049487333194,0,0,0.687715661572529,0,-3.20283783491511,0,0
