EGFR,PI3K_AKT,mTOR,MEK_ERK,PKC,TGFb-SMAD,STAT3,DPD_NC,DPD_LB
0,1,1,1,0.990573378320234,1,0,0,0
0.637506861065309,0,1,1,0,1,0.122956015585716,0,0
0,1,0,1,1,1,0,0,0
1,0.898753199308509,1,0,0,1,1,0,0
1,1,0,0,0,0,0,0,0
1,0,0,0,0,0,0,0,0
0,0,0,0,0,0,0,0,0
0,1,1,1,0.188627402914548,1,0.934134395597237,0,0
0,0.983852045454829,0.983852045454829,0.983852045454829,0.784390426111156,1,0.984013252142161,0,0
