EGFR,PI3K_AKT,mTOR,MEK_ERK,PKC,TGFb-SMAD,STAT3,DPD_NC,DPD_LB
0,0,-0.0561479056376954,1.58610980394315,-0.676618915581814,0.840794791633564,0,0,0
0.252187480984949,0,0.138007938239838,0.0229787517634808,0,-1.08099190055675,0.0580806458729999,0,0
0,0.392709888515548,0,0,1.39319518388699,0,0,0,0
0.350255753626123,0,0,0,0,0,0,0,0
0,0,0,0,0,0,0,0,0
0,0,0,0,0,0,0,0,0
0.39681845648922,0,0.075118970828991,-0.160508270385102,0.548745311156249,0,0,0,0
0,-0.313225771752821,-0.0161691172733668,0.656231565946757,0.342250500100171,-0.863262827623578,0.435936746286173,0,0
0,0.0104173712391234,-0.00625997311588636,-0.107850088874589,-0.739889003201613,-0.802512958776959,1.28284818841092,0,0
