EGFR,PI3K_AKT,mTOR,MEK_ERK,PKC,TGFb-SMAD,STAT3,DPD_NC,DPD_LB
0,0,0,0,-0.273070645844143,0.738667811338953,0,0,0
0.354793988779097,0,-0.0128643350725266,-0.0382734890906603,0,0.133387610394771,0.0326223908253924,0,0
0,0.493658582588567,0,0,0.427574146368271,0,0,0,0
0.631824426124296,0.72252405466099,-0.237661822533039,0,0,0.494283071751886,0.147443999596355,0,0
0.991183432675945,0,0,0,0,0,0,0,0
0.39762069043437,0,0,0,0,0,0.663328729144623,0,0
0,0,0,0,0,0.949470662079223,0,0,0
0,0,0.151377745451892,0.752706400434468,0.621401664271969,0,-0.482832170991702,0,0
0,0.19852141163333,2.0268636769436,9.00330796925779,5.32942949782593,-10.9707805185423,-6.40428222287471,0,0
