EGFR,PI3K_AKT,mTOR,MEK_ERK,PKC,TGFb-SMAD,STAT3,DPD_NC,DPD_LB
0,0.263257073447092,0.266604675051002,0.413174285014082,0.277684319790094,0.467498483985503,0,0,0
0.439335520960471,0,0.438662364211322,0.437189057624142,0,0.427263228997527,0.429791708778124,0,0
0,0.237998198648314,0,0,0.239375703119158,0,0,0,0
0.435364301557128,0.433040693496544,0.433577136693113,0,0,0.435420339009001,0.435677355181976,0,0
0.304973050296964,0,0,0,0,0,0.302271769416635,0,0
0.237177096297585,0,0,0.237243008148723,0,0,0,0,0
0.259020202363952,0,0,0.256888127370498,0,0,0,0,0
0,0,0,0,0,0.13934426797782,0.251716074354663,0,0
0,0.557264058466559,0.559665999532349,0.557601007548825,0,0.583977557324165,0.579467403821214,0,0
