EGFR,PI3K_AKT,mTOR,MEK_ERK,PKC,TGFb-SMAD,STAT3,DPD_NC,DPD_LB
0,0.45956951770123,0.461713080448942,0.463975378569969,0.462302005504069,0.472945169298529,0,0,0
0.448958863709676,0,0.481150787846215,0.491529647448391,0,0.661191480290401,0.140953973666273,0,0
0,0.412204041105078,0,0.41266535130213,0.412505235183342,0.411367266018014,0,0,0
0.457654276425668,0.446026225591976,0.453109116011592,0,0,0.497401375020678,0.446138292839245,0,0
0.214569260778077,0.215383840464849,0,0,0,0,0,0,0
0.0318784754942943,0,0,0,0,0,0,0,0
0,0,0,0,0,0,0,0,0
0,0.489787590860428,0.489985113441491,0.491337179743327,0.189835384565796,0.498079898405427,0.534737720808146,0,0
0,0.475614488875263,0.472469858435091,0.480984653110985,0.445584888143557,0.490276266849063,0.489400768970929,0,0
