EGFR,PI3K_AKT,mTOR,MEK_ERK,PKC,TGFb-SMAD,STAT3,DPD_NC,DPD_LB
0,0.0478361591808211,0.399617840196129,0.396092193167541,0.055899876471597,0.0659120516653611,0,0,0
0,0,0,0,0,0,0,0,0
0.0322014706250151,0.395336457130318,0,0.399727064203494,0.395409133928223,0,0.0846418723052574,0,0
0.194525776298471,0.0303238906186494,0,0,0.0297214144516213,0,0.030650001305141,0,0
0,0,0,0,0,0,0,0,0
0.259996094667237,0,0,0,0,0,0.253172108210807,0,0
0.256238936447365,0,0,0,0,0.25617897152747,0,0,0
0,0.435793513754543,0.432666119352804,0.434874923901624,0.434694270534989,0.43838277684713,0.437188429696443,0,0
0,0.429285502021089,0.428577570129175,0.420926440249331,0.426880945504308,0.425715946275585,0.425880472658007,0,0
