EGFR,PI3K_AKT,mTOR,MEK_ERK,PKC,TGFb-SMAD,STAT3,DPD_NC,DPD_LB
0,0,0,1,0,1,0,0,0
0.999999999999999,0,0.999999999999999,0.999999999999999,0,0.999999999999999,0.539929799057706,0,0
0,1,0,0,1,0,0,0,0
1,0,1,0,0,1,0.37818631382397,0,0
0,0,1,0,0,0,0,0,0
1,0,0,1,0,0,0,0,0
1,0,0,1,0,0,0,0,0
0,0,0.999999999999999,0.78045321879026,0,0.999999999999999,0.158283052708466,0,0
0,0,0,0.999999999999999,0,0.999999999999999,0.778581686224304,0,0
