EGFR,PI3K_AKT,mTOR,MEK_ERK,PKC,TGFb-SMAD,STAT3,DPD_NC,DPD_LB
0,0.219475725764072,0.100538483121567,0.244147225547364,-0.544954554303534,0.46518839031238,0,0,0
-0.397976983538655,0,0.000185912585271877,-0.00963545085722537,0,0.916384449426234,-0.0113253275731829,0,0
0,-0.563619717839469,0,0,0.436109857521099,-0.169693662295975,0,0,0
0.779834597248224,0,0,0,0,0,0,0,0
0,0,0,0,0,0,0,0,0
0.596221806091461,0,0,0,0,0,0,0,0
0.83603608029622,0,0,-0.414074527682507,0,0,0,0,0
0,0.350750030570212,-0.203869400106836,0.172675642004732,0.450819860343735,0,0.14587519639453,0,0
0,-12.7886238848452,-1.08808447540536,10.4636947950153,16.3762236259663,-3.63605643317786,9.06600752479099,0,0
