EGFR,PI3K_AKT,mTOR,MEK_ERK,PKC,TGFb-SMAD,STAT3,DPD_NC,DPD_LB
0,0.0106231540705095,-0.00914855038346038,0.0016788904935304,-0.00851158200230222,0.843490529284158,0,0,0
0.346091231411789,0,-0.922287463076528,-0.628392097844067,0,-1.49452677809875,-0.590426539686946,0,0
-0.92423995003315,0,0,0.501615153006854,1.44692525995708,0,0,0,0
0.134560946981062,0.646547409540789,-0.606874826723888,0,0,-0.592622118076544,-1.1273082004295,0,0
0.449793289492175,0.421730036202592,0,0,0,0,0,0,0
1.09173440332575,0,0,-0.139918965483297,0,0,0,0,0
0,0,0,0,0.550516167640349,0,0,0,0
0,0,0,0,0,0,0,0,0
0,0.354804231090145,0,0.164711571758527,4.49494838454311e-05,0,-0.492861033480532,0,0
