EGFR,PI3K_AKT,mTOR,MEK_ERK,PKC,TGFb-SMAD,STAT3,DPD_NC,DPD_LB
0,0,0,1,0,1,0,0,0
1,0,0.949069376099275,0.00117274882232627,0,1,1,0,0
1,1,0,1,1,0,0,0,0
0.999999999999999,0.999999999999999,0,0,0,0.999999999999999,0.999999999999999,0,0
1,1,0,0,0,0,0,0,0
0.999999999999999,0,0,0,0,0,0.999999999999999,0,0
1,0,0,0,0,1,0,0,0
0,0.016319189369908,1,0.016319189369908,1,0.99759110182259,1,0,0
0,1,0.000597849268050318,1,1,1,0.000597849268050318,0,0
