EGFR,PI3K_AKT,mTOR,MEK_ERK,PKC,TGFb-SMAD,STAT3,DPD_NC,DPD_LB
0,0.997375487117299,1,1,1,1,0.00643700586379328,0,0
0.999999999999999,0,0.999999999999999,0.999999999999999,0,0.999999999999999,0.999999999999999,0,0
0,0,0,1,1,0,0,0,0
0.999999999999999,0.993896207870434,0.999999999999999,0,0,0.999999999999999,0.999999999999999,0,0
1,0.000434560724224018,0.000434560724224018,0.000434560724224018,0,0.999565439275776,0,0,0
1,0,0,0,0,0,0,0,0
1,0,0.00738712775032795,0.00738712775032795,0.00738712775032795,0,0,0,0
0,0,1,1,0.0239942308882464,0.000564684462199225,0.0239942308882464,0,0
0,0.0667093771385231,1,1,1,0.964876041017678,1,0,0
