EGFR,PI3K_AKT,mTOR,MEK_ERK,PKC,TGFb-SMAD,STAT3,DPD_NC,DPD_LB
0,0.506111110896973,0,0.509336192007698,0.420111907114726,0.681709421704603,0,0,0
0.421381950484166,0,0.420168881680634,0.421106307291998,0,0.422430790382329,0.420296673867453,0,0
0,0.177875712158724,0,0,0.17878612619307,0,0,0,0
0.0499735521801656,0.600858397273077,0.608991049874235,0,0,0.60185188187667,0.60963456104219,0,0
0.181656246206029,0.18255762397797,0,0,0,0,0,0,0
0,0,0,0.0635700135607482,0,0,0,0,0
0,0,0,0.0554063659179789,0,0,0,0,0
0,0.269334597762433,0.634638909591,0.64471471719834,0,0.485753808839656,0.693553509931792,0,0
0,0,0,0,0,0,0.228760337972383,0,0
