EGFR,PI3K_AKT,mTOR,MEK_ERK,PKC,TGFb-SMAD,STAT3,DPD_NC,DPD_LB
0,0.321974661848932,0.0224208662032058,0.321852732318934,-0.477670158258043,0.429516139800208,0,0,0
0.305603418976507,0,0.21448893306707,-0.0758648777727021,0,0.209728060294626,0.0343533702089521,0,0
0,0.93390858291835,0,1.70104864867419,-0.303784756277424,-3.45825143086238,0,0,0
0.582890137046163,-0.1953570508086,0.380849112560053,0,0,0.496492399546568,0.51660707150247,0,0
1.0094367941396,0.413431253401136,0,0,0,0,0,0,0
0.701752892718458,0,0,0,0,0,0,0,0
0,0,0,0,0,0,0,0,0
0,0.00600535584846254,0.276288517326312,0.330015413566098,-0.0552603285540703,0.418710470453696,-0.724989329486259,0,0
0,0.219678709608967,-0.0428119904438784,0.203202094626773,-0.25355215740479,0.105714379029353,0.739413267595914,0,0
