EGFR,PI3K_AKT,mTOR,MEK_ERK,PKC,TGFb-SMAD,STAT3,DPD_NC,DPD_LB
0,0,0,0.545939782649769,0,0.543879086476259,0,0,0
0.501366018145199,0,0.501150202872716,0.496852309272784,0,0.50546200357795,0.506257026883997,0,0
0,0.333737500199442,0,0.331850416999228,0,0,0,0,0
0.268551095130372,0,0,0,0,0.281037808202443,0,0,0
0.319027333665708,0,0.32019699366168,0,0,0,0,0,0
0.289059887298723,0,0,0.288968099386018,0,0,0,0,0
0,0,0,0.0476548242310268,0,0,0,0,0
0,0.460301928266469,0,0.242565677416661,0,0.462888415729804,0.212754988240897,0,0
0,0.62513737664847,0.616375777850717,0.652266372217822,0,0.431647147279672,0.0256633634009655,0,0
