EGFR,PI3K_AKT,mTOR,MEK_ERK,PKC,TGFb-SMAD,STAT3,DPD_NC,DPD_LB
0,0.999999999999999,0.999999999999999,0.728897127641656,0.999999999999999,0.913340026209922,0.300297655666475,0,0
0.999999999999999,0,0.999999999999999,0.999999999999999,0,0.999999999999999,0,0,0
0,1,0,1,1,0,1,0,0
0.999999999999999,0.999999999999999,0.0599656513447882,0,0,0.999999999999999,0.999999999999999,0,0
1,0,0,0,0,0,0,0,0
0,0,0,0,0,0,0,0,0
1,1,0,0.0133140632981221,1,0,0,0,0
0,0,0.999999999999999,0.999999999999999,0.999999999999999,0.999999999999999,0,0,0
0,1,1,1,1,1,1,0,0
