EGFR,PI3K_AKT,mTOR,MEK_ERK,PKC,TGFb-SMAD,STAT3,DPD_NC,DPD_LB
0,0.00210092675998427,-0.026447523005322,0.302437335612955,-0.0443510424743578,0.0581800014892597,0,0,0
0.687944208170535,0,0.0748222092712295,-0.0570142058003229,0,-0.288497759045796,0.4345118192998,0,0
0,-0.337788243538951,0,0.340167959955645,0.992042281175128,0,0,0,0
0.871573231656126,0.0601427768896136,0.0748689286652764,0,0,-0.51950945058782,0.461234275697874,0,0
0.806743744961613,0,0,0,0,0,0,0,0
0,0,0,0,0,0,0,0,0
1.17916708485648,0,0,-0.617868395758296,0.60483262425464,0,0,0,0
0,0,0,0.149382548053334,0.684910547784752,0,-0.427364603676185,0,0
0,0.59334675282349,0.0151121783691885,0.474860302971299,-1.27777030807644,0.250945608235845,0.617274609810834,0,0
