EGFR,PI3K_AKT,mTOR,MEK_ERK,PKC,TGFb-SMAD,STAT3,DPD_NC,DPD_LB
0,0,0,0,0.0804919601917124,0,0,0,0
0.0389389241329269,0,6.66133814775094e-16,6.66133814775094e-16,0,6.66133814775094e-16,6.66133814775094e-16,0,0
0,0,0,0,0,0,0,0,0
0.391233796716041,0.391233796716041,0.391233796716041,0,0,2.22044604925031e-16,2.22044604925031e-16,0,0
0,0,0,0,0,0,0,0,0
0,0,0,1.33226762955019e-15,0,0,1.33226762955019e-15,0,0
0,0,0,0,0,0,0,0,0
0,8.88178419700125e-16,8.88178419700125e-16,0.311132906417537,0.363077788336808,0.311132906417537,8.88178419700125e-16,0,0
0,0.0762303770084147,0.16930884882173,6.66133814775094e-16,0.117164770435723,0.452887869092688,0.452887869092688,0,0
