EGFR,PI3K_AKT,mTOR,MEK_ERK,PKC,TGFb-SMAD,STAT3,DPD_NC,DPD_LB
0,0.2470634155159,0,1.11022302462516e-15,0.484497683134699,1.11022302462516e-15,0,0,0
2.22044604925031e-16,0,2.22044604925031e-16,2.22044604925031e-16,0,2.22044604925031e-16,2.22044604925031e-16,0,0
0,6.66133814775094e-16,0,0,6.66133814775094e-16,0,0,0,0
0.136984434184364,1.33226762955019e-15,1.33226762955019e-15,0,0,1.33226762955019e-15,1.33226762955019e-15,0,0
2.22044604925031e-16,2.22044604925031e-16,0,0,0,0,0,0,0
0,0,0,2.22044604925031e-16,0,0,0,0,0
0,0,0,3.33066907387547e-16,0,0,0,0,0
0,0.425047115561402,0.425047115561402,0.425047115561402,0,0.425047115561402,0.425047115561402,0,0
0,0,0,0,0,0,6.66133814775094e-16,0,0
