EGFR,PI3K_AKT,mTOR,MEK_ERK,PKC,TGFb-SMAD,STAT3,DPD_NC,DPD_LB
0,0.192226843670434,0.0182813204275316,0.262101518656441,-0.0358723319815291,0.298203491619982,0,0,0
1.70457134172972,0,-0.116093322729535,-0.234685524789218,0,-0.799417961281862,0.52013046926714,0,0
0,0,0,0.699649834730468,2.17127348738838,0,0,0,0
2.51633843251966,-0.351786176217086,-0.243716132660266,0,0,-1.14617736662312,0.00340380387990908,0,0
0,0,0,0,0,0,0,0,0
0,0,-0.377056370048572,0,0,0,0,0,0
0,0,-0.251423810569282,-0.195471875576089,0,0,0,0,0
0,-0.283497822227289,0,0,0,2.19787853629266,-0.979933206822756,0,0
0,0.606935089799115,-0.266734667857192,0.337603137603015,-1.10946717816621,-0.648854119039207,0.699036913045804,0,0
