EGFR,PI3K_AKT,mTOR,MEK_ERK,PKC,TGFb-SMAD,STAT3,DPD_NC,DPD_LB
0,0.373060451069764,0.373060451069764,1,0.373060451069764,1,0,0,0
1,0,1,1,0,1,1,0,0
0,1,0,0,1,0,0,0,0
1,1,1,0,0,1,1,0,0
1,0,0,0,0,0,1,0,0
0.999999999999999,0,0,0.999999999999999,0,0,0,0,0
0.999999999999999,0,0,0.999999999999999,0,0,0,0,0
0,0,0,0,0,0.147194752928271,1,0,0
0,0.950881000763344,0.999999999999999,0.999999999999999,0,0.999999999999999,0.999999999999999,0,0
