EGFR,PI3K_AKT,mTOR,MEK_ERK,PKC,TGFb-SMAD,STAT3,DPD_NC,DPD_LB
0,0.540937732262582,0,0.537555030067499,0.51048423464631,0.542084523166977,0,0,0
0.317871418076987,0,0.24863037801948,0.504177567038146,0,0.263416716045239,0.478160114311751,0,0
0,0.395840431837535,0,0.392082864443902,0.399273360962847,0,0,0,0
0.489878520102589,0.0464513600451738,0.124473134302015,0,0,0.482684560038281,0.290481760057579,0,0
0.332382466956529,0,0,0,0,0,0.332355005416877,0,0
0.262957071444941,0,0,0.263828792059829,0,0,0,0,0
0.279651572804312,0,0,0.279372200960246,0,0,0,0,0
0,0.636210981861341,0.587060371526343,0.209251147326198,0.00328826397471824,0.378130873747977,0.359664083688938,0,0
0,0.641211710637363,0.00908610458007883,0.648386912279855,0,0,0.583800566338026,0,0
