EGFR,PI3K_AKT,mTOR,MEK_ERK,PKC,TGFb-SMAD,STAT3,DPD_NC,DPD_LB
0,1,0.992986065162515,0.26965559534185,0.97898442456004,0.992986065162515,0,0,0
1,0,0,0.122391636988313,0,0.122391636988313,0.122391636988313,0,0
0,1,0,1,1,0,0,0,0
1,1,0.792275694569142,0,0,1,1,0,0
0,0,0,0,0,0,0,0,0
0,0,0,1,0,0,0.133727209653168,0,0
0,0,0,1,0,0,0,0,0
0,0,0,0.122233499592719,0,0.122233499592719,1,0,0
0,1,1,1,1,1,1,0,0
