EGFR,PI3K_AKT,mTOR,MEK_ERK,PKC,TGFb-SMAD,STAT3,DPD_NC,DPD_LB
0,0,0,0.15879609816995,-0.104725329285614,0.952400103523793,0,0,0
3.17410544895818,0,0.00157045026873083,-0.524793964443405,0,-2.53582678969766,-1.28851638842055,0,0
0,0.424447295083039,0,0,0.742806228709154,0,0,0,0
0.558312066617985,0,-4.25198072372911e-05,0,0,-0.511691072556599,-0.610765390277459,0,0
0.444781489060022,0,0,0,0,-2.76566906244101,0,0,0
0,0,0,0,-0.350434250919666,0,0,0,0
0,0,0,0,0,0,0,0,0
0,0.0234622682723103,-0.0153736441890547,-0.0117036834158995,-0.0446899648811413,0.114168914366982,0.744180397449347,0,0
0,0.359283245416026,0.206482486288421,0.298551260001432,-0.896551393721955,-0.658716342586446,-3.05819094203841,0,0
