EGFR,PI3K_AKT,mTOR,MEK_ERK,PKC,TGFb-SMAD,STAT3,DPD_NC,DPD_LB
0,1,1,1,0.240145405486802,1,0,0,0
0.40833014497218,0,0.999999999999998,0.999999999999998,0,0.993523680030603,0.66319316593795,0,0
0,0.999999999999999,0,0.999999999999999,0.999999999999999,0,0,0,0
1,1,1,0,0,1,0.556521254387815,0,0
1,0,0,0,0,0,0,0,0
0,0,0,0,0,0,1,0,0
0,0,0,0,0,1,0,0,0
0,0.243038993316237,1,0.243038993316237,1,1,0.775725528194533,0,0
0,1,1,1,1,1,0.702550336941296,0,0
