EGFR,PI3K_AKT,mTOR,MEK_ERK,PKC,TGFb-SMAD,STAT3,DPD_NC,DPD_LB
0,0,0.585491817116997,0.585521385283624,0.583874170704836,0.582213086222342,0,0,0
0.493536216114927,0,0,0.493143675094219,0,0.495738498587795,0.495820812660009,0,0
0,0.436917812578092,0,0.360085539267991,0.562032574842779,0.4357397992298,0,0,0
0.496945001638213,0.34249344954379,0.324503855353493,0,0,0.553714378554181,0.567427382289817,0,0
0.0666619352931354,0,0,0,0,0,0,0,0
0.301162297634369,0,0,0.300098212321075,0,0,0,0,0
0,0,0,0,0,0.0452460542416934,0,0,0
0,0.0630697120006347,0,0,0,0.41850195279155,0.425146933489841,0,0
0,0.523180686617249,0.515070511250538,0.0494297455831487,0.524388247060077,0.523774234097073,0.526161280814256,0,0
