EGFR,PI3K_AKT,mTOR,MEK_ERK,PKC,TGFb-SMAD,STAT3,DPD_NC,DPD_LB
0,0.502184629462767,0.34208133282132,0.50022521362085,0.528337736765131,0.548484979724533,0,0,0
0.399200471981921,0,0.0571930878100224,0.0528627848509021,0,0.311584664662946,0.38748341066544,0,0
0,0,0,0.305445842642172,0,0,0.304124306041941,0,0
0.445844121441606,0.443215839994052,0.457269549908884,0,0,0.452348663847752,0.454885635545914,0,0
0,0.0370196744773131,0,0,0,0,0,0,0
0,0,0,0,0,0,0,0,0
0.457558682114221,0,0,0,0.461669349109409,0.454674420821205,0,0,0
0,0.694368090318825,0,0.695760296005053,0.695866966382385,0,0,0,0
0,0.509296642623548,0.511545271338635,0,0.504993645311466,0.510012791803313,0.504507964477329,0,0
