EGFR,PI3K_AKT,mTOR,MEK_ERK,PKC,TGFb-SMAD,STAT3,DPD_NC,DPD_LB
0,0,0,0.23293943070444,0,0.0488825537691388,0,0,0
0.499283105557861,0,0.49345990621083,0.495312504524408,0,0.490688428039403,0.497358480285283,0,0
0,0,0,0,0.127829731925239,0,0,0,0
0.482754939489921,0,0.473667110499605,0,0,0.511801676859579,0.52059758902431,0,0
0.0575667220995391,0,0,0,0,0,0,0,0
0,0,0,0,0,0,0,0,0
0.180061968687506,0,0,0.179312882958709,0,0,0,0,0
0,0.462213072450589,0.464802566745356,0.467709338585867,0.464925489644596,0.466128578382152,0.462280636289627,0,0
0,0.0150956019670596,0.552294896574465,0.548319132058873,0.551412182044099,0.548936108850459,0.560693945842815,0,0
