EGFR,PI3K_AKT,mTOR,MEK_ERK,PKC,TGFb-SMAD,STAT3,DPD_NC,DPD_LB
0,0.431863661042111,0.436674390981115,0.366702507104724,0.430555455100519,0.662020837639503,0.215534659420309,0,0
0.497509342048398,0,0.498129677930988,0.50096800942548,0,0.498179750020024,0,0,0
0,0.410323106345756,0,0.404886493515183,0.402435578464703,0,0.402511161864106,0,0
0.567922027470471,0.56549347292439,0.0675491509528099,0,0,0.597173020024499,0.572016307756439,0,0
0.0565585811492892,0,0,0,0,0,0,0,0
0,0,0,0,0,0,0,0,0
0.455018714667175,0.457842971999717,0,0.0220091356917247,0.451324229415355,0,0,0,0
0,0,0.677242280191926,0.663583930188521,0.673838167412128,0.675357414585794,0,0,0
0,0.454654734302392,0.454451782215298,0.455193291055031,0.45245983429107,0.455870903480993,0.450839060163769,0,0
