EGFR,PI3K_AKT,mTOR,MEK_ERK,PKC,TGFb-SMAD,STAT3,DPD_NC,DPD_LB
0,1,1,1,0.993478514572312,1,0,0,0
0.998481454206041,0,0.999999999999999,0.999999999999999,0,0.999999999999999,0.999999999999999,0,0
0,0,0,0,0,0,0,0,0
0.811345654068194,0.811345654068194,0.811345654068194,0,0,1,1,0,0
1,0,0,0,0,0,0,0,0
0,0,0,1,0,0,1,0,0
0,0,0,1,0,1,0,0,0
0,0.999999999999999,0.999999999999999,0.891403007837415,0.156234789985298,0.891403007837415,0.999999999999999,0,0
0,0.00584523717649452,0.0295379784608956,0.999999999999999,0.0139213884887091,0.288121312943741,0.288121312943741,0,0
