EGFR,PI3K_AKT,mTOR,MEK_ERK,PKC,TGFb-SMAD,STAT3,DPD_NC,DPD_LB
0,9.99200722162641e-16,0.499833016831222,9.99200722162641e-16,9.99200722162641e-16,9.99200722162641e-16,0,0,0
6.66133814775094e-16,0,0.203730509218385,0.203730509218385,0,0.478377495974831,6.66133814775094e-16,0,0
0,0,0,2.22044604925031e-16,0,0,2.22044604925031e-16,0,0
2.22044604925031e-16,2.22044604925031e-16,2.22044604925031e-16,0,0,2.22044604925031e-16,2.22044604925031e-16,0,0
0,4.44089209850063e-16,0,0,0,0,0,0,0
0,0,0,0,0,0,0,0,0
1.77635683940025e-15,0,0,0,1.77635683940025e-15,1.77635683940025e-15,0,0,0
0,4.44089209850063e-16,0,4.44089209850063e-16,4.44089209850063e-16,0,0,0,0
0,2.22044604925031e-16,2.22044604925031e-16,0,0.0622876296529486,2.22044604925031e-16,0.0622876296529486,0,0
