EGFR,PI3K_AKT,mTOR,MEK_ERK,PKC,TGFb-SMAD,STAT3,DPD_NC,DPD_LB
0,0.458968497047532,0.458516583661968,0.463486496238206,0.463056979666016,0.460185186865682,0,0,0
0.52082179191981,0,0.515205412148244,0.52205574538612,0,0.524664507643153,0,0,0
0,0,0,0,0,0,0,0,0
0.395082859809817,0,0.395568417802138,0,0,0.454433880014056,0,0,0
0,0,0,0,0,0,0,0,0
0,0,0,0,0,0,0,0,0
0.435440301377899,0.434542340235716,0,0.434587330771531,0.428590899185151,0,0,0,0
0,0.540994503536944,0.547869831075078,0,0,0.592855161935369,0.545631773788393,0,0
0,0.468388810387331,0.467543646326584,0.466134433802774,0.465141925027188,0.465986358090776,0,0,0
