EGFR,PI3K_AKT,mTOR,MEK_ERK,PKC,TGFb-SMAD,STAT3,DPD_NC,DPD_LB
0,0,0,0,0.427171616227461,0,0,0,0
0.491524808813531,0,1.77635683940025e-15,1.77635683940025e-15,0,0.0802145700546296,0.472618229220106,0,0
0,9.99200722162641e-16,0,9.99200722162641e-16,9.99200722162641e-16,0,0,0,0
6.66133814775094e-16,6.66133814775094e-16,6.66133814775094e-16,0,0,6.66133814775094e-16,0.496795076266289,0,0
1.11022302462516e-16,0,0,0,0,0,0,0,0
0,0,0,0,0,0,0,0,0
0,0,0,0,0,2.22044604925031e-16,0,0,0
0,0.428918455005223,6.66133814775094e-16,0.428918455005223,6.66133814775094e-16,6.66133814775094e-16,0.417103623937561,0,0
0,8.88178419700126e-16,8.88178419700126e-16,8.88178419700126e-16,8.88178419700126e-16,8.88178419700126e-16,0.457136042119813,0,0
