EGFR,PI3K_AKT,mTOR,MEK_ERK,PKC,TGFb-SMAD,STAT3,DPD_NC,DPD_LB
0,0.0139722015446716,0.100025702771999,1.33434717310226,-0.0413331496454136,-0.272731546508227,0,0,0
-0.0334193463610628,0,-0.0887621528135213,0.232214558358911,0,0.208881536547018,0.0990978798366483,0,0
0,0,0,2.15995037920552,2.8059234509204,0,0,0,0
0.640509660030429,9.25243384226756e-05,-0.000175841451004254,0,0,0.00239450054181778,-0.165882638606222,0,0
0,0,0,0,0,0,0,0,0
0,0,0,0,0,0,0,0,0
2.16277268184198,1.128464166329,0,-5.4104961637205,-2.01634053842906,0,0,0,0
0,-0.256055914263295,0.301763161885857,0.189788211284269,0.320486081380432,-0.608262004068186,0,0,0
0,0,0,0,-0.943468695543444,0,0.359236780905196,0,0
