EGFR,PI3K_AKT,mTOR,MEK_ERK,PKC,TGFb-SMAD,STAT3,DPD_NC,DPD_LB
0,0.601728593897361,0.601728593897361,1,0.601728593897361,0.601728593897361,0,0,0
0.492083112855403,0,0.492083112855403,0.492083112855403,0,0.492083112855403,0.492083112855403,0,0
0,0,0,1,1,0,0,0,0
1,0.00114147038605107,0.00114147038605107,0,0,0.0214077549582235,0.542298172698078,0,0
0,0,0,0,0,0,0,0,0
0,0,0,0,0,0,0,0,0
1,1,0,1,1,0,0,0,0
0,1,1,1,1,1,0,0,0
0,0,0,0,1,0,1,0,0
