EGFR,PI3K_AKT,mTOR,MEK_ERK,PKC,TGFb-SMAD,STAT3,DPD_NC,DPD_LB
0,0,0,0,0.411508506251695,0.409657597233945,0,0,0
0.292325035289063,0,0.0794885527331606,0.152904096846128,0,0.319597327417114,0.210620544976407,0,0
0,0.251680951512143,0,0,0.253851104330766,0,0,0,0
0.484394745772928,0.480579459435892,0.485201088879438,0,0,0.489063157802279,0.480094631055691,0,0
0.0636965560758037,0,0,0,0,0,0,0,0
0.305463915828026,0,0,0,0,0,0.298382789506766,0,0
0,0,0,0,0,0.0574825818580022,0,0,0
0,0,0.575154981338104,0.579899869230043,0.580386054194475,0,0.591423273835509,0,0
0,0.926084593789552,1.2855837252936,0.538008243733971,0.794466364192893,1.6046019268549,2.37499895388898,0,0
