EGFR,PI3K_AKT,mTOR,MEK_ERK,PKC,TGFb-SMAD,STAT3,DPD_NC,DPD_LB
0,0.746775085211183,0,1,0.746775085211183,0.971740020206825,0,0,0
0.430000334108316,0,0.428816868895796,0.945687848009084,0,0.218750940960622,1,0,0
0,1,0,0.797779562948522,1,0,0,0,0
0.965423091480136,0.0254048639637977,0.141295577203238,0,0,0.988862882935701,0.349812436079357,0,0
1,0,0,0,0,0,1,0,0
0.999999999999999,0,0,0.999999999999999,0,0,0,0,0
0.999999999999999,0,0,0.999999999999999,0,0,0,0,0
0,0.93383343980599,0.940405634609387,0.1954856645716,0.00057711002550032,0.275043941307005,0.270198863428424,0,0
0,1,0.0026608977419415,1,0,0,0.640804978167999,0,0
