EGFR,PI3K_AKT,mTOR,MEK_ERK,PKC,TGFb-SMAD,STAT3,DPD_NC,DPD_LB
0,0,1,1,1,1,0,0,0
0.999999999999999,0,0,0.999999999999999,0,0.999999999999999,0.999999999999999,0,0
0,1,0,0.425020816311259,0.425020816311259,0.574979183688741,0,0,0
1,0.453727616418576,0.382530209387092,0,0,1,1,0,0
1,0,0,0,0,0,0,0,0
1,0,0,1,0,0,0,0,0
0,0,0,0,0,1,0,0,0
0,0.046731252191217,0,0,0,0.59702068758628,1,0,0
0,1,1,0.0217391695471372,1,1,1,0,0
