EGFR,PI3K_AKT,mTOR,MEK_ERK,PKC,TGFb-SMAD,STAT3,DPD_NC,DPD_LB
0,0,0,0.338667885313231,0,0.958779886935387,0,0,0
1.78982085008841,0,0.305802899250404,-0.672981524357447,0,-1.95847945670178,-0.903645862644337,0,0
0,0,0,0.394002032695834,0.82383968329431,0,0,0,0
1.69229518575889,0.0328414871306529,-0.0540285008681186,0,0,-1.34312004096204,-0.130764273227697,0,0
0.501210816053219,0.702026136275285,0,0,0,0,0,0,0
0,0,0,0,0,0,0,0,0
0,0,0,0,0,0,0,0,0
0,-0.246905298769665,0.570865305942208,0,0,0.733532147839417,-1.01864904277631,0,0
0,0.377629747249817,-0.843848724859497,0.741140029889277,0.751233054201803,-2.8141037943471,0.430502392638123,0,0
