EGFR,PI3K_AKT,mTOR,MEK_ERK,PKC,TGFb-SMAD,STAT3,DPD_NC,DPD_LB
0,0.281617638083843,0,0.409081435868109,-0.026687158961403,0.560247319254203,0,0,0
0.107171764858282,0,-0.0300990288055362,0.906012292315951,0,-0.104172623983088,-0.576178030923421,0,0
0,1.01947704882792,0,-0.0440959848490986,0.327516062101267,0,0,0,0
0.152364040643264,0.0035553148653535,0.0103481504672814,0,0,0.689823093878602,0.135479362008672,0,0
-0.824699018261138,0,0,0,0,0,1.38467206358066,0,0
1.11032048859155,0,0,-0.242924770449034,0,0,0,0,0
0.21217424642292,0,0,0.876015309140833,0,0,0,0,0
0,0.900458178125073,0.430077012430446,0.0676682096564691,7.84743477229151e-05,-0.183403915235036,0.165014177111137,0,0
0,1.55050802899534,-0.000146750266152565,-0.995301393249823,0,0,-0.184522847119007,0,0
