EGFR,PI3K_AKT,mTOR,MEK_ERK,PKC,TGFb-SMAD,STAT3,DPD_NC,DPD_LB
0,0.489541921783688,0.489541921783688,1.11022302462516e-15,0.489541921783688,0.489541921783688,0,0,0
0.499937318969028,0,0.499937318969028,0.499937318969028,0,0.499937318969028,0.499937318969028,0,0
0,0,0,1.11022302462516e-15,1.11022302462516e-15,0,0,0,0
4.44089209850063e-16,0.0337663653864143,0.0337663653864143,0,0,0.144739293164891,0.498207652075321,0,0
0,0,0,0,0,0,0,0,0
0,0,0,0,0,0,0,0,0
4.44089209850063e-16,4.44089209850063e-16,0,4.44089209850063e-16,4.44089209850063e-16,0,0,0,0
0,2.22044604925031e-16,2.22044604925031e-16,2.22044604925031e-16,2.22044604925031e-16,2.22044604925031e-16,0,0,0
0,0,0,0,1.77635683940025e-15,0,1.77635683940025e-15,0,0
