EGFR,PI3K_AKT,mTOR,MEK_ERK,PKC,TGFb-SMAD,STAT3,DPD_NC,DPD_LB
0,0,0,0.947127397398909,0,-0.195634167930392,0,0,0
-0.739038246660387,0,0,1.10350858892058,0,0.0103680218267643,0.274451697805056,0,0
0,0.000135481580484267,0,0.210293367384492,-0.58967889397896,0,0,0,0
0.0184474900909295,0.00227897990285436,0,0,0,0.354078466496978,0.668717974358581,0,0
0,0,0,0,0,0,0,0,0
0,0,0,0.92794859606158,0,0,0,0,0
0,0,0,0.85926142987327,0,0,0,0,0
0,0,0.218250508694962,-0.259409097317796,-0.161535304617467,0.23497975697166,-0.0805015794427324,0,0
0,1.15040550658454,-0.42827381626274,-0.273740972299961,0,-1.45835329231425,0.91174474599436,0,0
