EGFR,PI3K_AKT,mTOR,MEK_ERK,PKC,TGFb-SMAD,STAT3,DPD_NC,DPD_LB
0,0.0943005882886409,0.0925576320818531,0.484274947410606,0.478084543529559,0.486755740987968,0,0,0
0.449187121607263,0,0.442869893999034,0.448826696844374,0,0.44663494278142,0.446411151638642,0,0
0.453692769645816,0.45770108761515,0,0.456919036017913,0.457106902226137,0,0,0,0
0.587978212579543,0,0.580758414019381,0,0,0.583862857560813,0.591551317242129,0,0
0.2593699708496,0.256763399120199,0,0,0,0,0,0,0
0,0,0,0,0,0,0,0,0
0,0,0,0,0,0,0,0,0
0,0.422790489420924,0.430007972977508,0.424832484837808,0.450631976315883,0.428403034966247,0.427906496926299,0,0
0,0.486424959004564,0.489228913313636,0,0.491920469209233,0.482631290203,0.490146319705952,0,0
