EGFR,PI3K_AKT,mTOR,MEK_ERK,PKC,TGFb-SMAD,STAT3,DPD_NC,DPD_LB
0,0.787926431098593,1,1,1,0.82569738695792,0.0724144180962742,0,0
1,0,1,1,0.540115950476939,0.708844192276001,1,0,0
1,1,0,1,1,0,0,0,0
1,1,0.655620289608463,0,0,1,1,0,0
1,0.446936314179922,1,0.553063685820077,0,0,0,0,0
0.999999999999999,0,0.0395530284921268,0.0395530284921268,0.0395530284921268,0,0.0395530284921268,0,0
1,1,0.0413841490318489,1,0.0413841490318489,0,0,0,0
0,0.831879696974907,0.999999999999999,0.999999999999999,0.999999999999999,0.999999999999999,0.960901676381863,0,0
0,0.816395228325126,1,1,1,1,1,0,0
