EGFR,PI3K_AKT,mTOR,MEK_ERK,PKC,TGFb-SMAD,STAT3,DPD_NC,DPD_LB
0,0.575128454648427,-0.181618441221995,0.46483766498857,0.0585723791418356,0.796925203832291,0.00689358425961435,0,0
0,0,0,0,0,0,0,0,0
0,5.65731061043052,0,0,1.34050962286601,-5.84151252158644,0,0,0
2.25107662840118,-0.551024798981733,-0.168855631435143,0,0,-2.61911601016348,0.208414058219043,0,0
4.28294652278981,0,0,-4.54706425701116,0,0,0,0,0
0.738086741507493,0,0,-0.347381232300603,0,0,0,0,0
-0.98964527250502,2.4162551547546,0,0,0,0,0,0,0
0,0,0,0,-0.360967884614749,0,0,0,0
0,1.69093554882635,-2.07340591719898e-05,1.23494632160777,-0.85746865318254,1.41839349323819,0.473437258432725,0,0
