EGFR,PI3K_AKT,mTOR,MEK_ERK,PKC,TGFb-SMAD,STAT3,DPD_NC,DPD_LB
0,0,0,0.999999999999999,0,0.999999999999999,0,0,0
1,0,1,1,1,1,1,0,0
0,0.999999999999999,0,0.646644070915112,0.999999999999999,0,0,0,0
1,0.0728272348617208,0.53127402961223,0,0,1,0.974596172402717,0,0
0.999999999999999,0,0,0,0,0,0,0,0
1,0,0,1,0,0,0,0,0
1,0,0,0,0,0,0,0,0
0,0.739561085617614,0.310098146418334,0.739561085617614,0,0.260438914382387,0.0693920760201328,0,0
0,0.999999999999999,0,0.999999999999999,0.999999999999999,0.999999999999999,0,0,0
