EGFR,PI3K_AKT,mTOR,MEK_ERK,PKC,TGFb-SMAD,STAT3,DPD_NC,DPD_LB
0,0.466748121893957,0.452427428846621,0.45412121154525,0.451323302095572,0.461463513057359,0.146006609818396,0,0
0,0,0,0,0,0,0,0,0
0,0.430149203385318,0,0,0.433083422470491,0.428915198118303,0,0,0
0.463509090658961,0.464368328730252,0.461857440351204,0,0,0.467120381260795,0.467959026218229,0,0
0.256231462446818,0,0,0.255020737518309,0,0,0,0,0
0.258939633477569,0,0,0.260713178901297,0,0,0,0,0
0.206514354384621,0.204421724139225,0,0,0,0,0,0,0
0,0,0,0,0.154198171878167,0,0,0,0
0,0.502787436139662,0.00147517409266613,0.51474507253655,0.509597565706717,0.504149578400411,0.50819746980822,0,0
