EGFR,PI3K_AKT,mTOR,MEK_ERK,PKC,TGFb-SMAD,STAT3,DPD_NC,DPD_LB
0,-0.095466194934135,-0.0713731834273404,0.03983005850085,0.539586116700386,-0.408186934619204,0,0,0
1.1191439836453,0,-0.407470375104047,-0.340975421571489,0,-0.480670391030795,-0.0555380316857185,0,0
0,-1.53676092974476,0,-0.58985511577365,-1.02844116691907,1.96178884258773,0,0,0
2.69542646857009,-1.45203462873608,-0.600603561466453,0,-0.00991434626350604,-1.11793818793479,1.56784381643352,0,0
-1.12976714693066,0,0,0,0,1.0668895923951,-1.85920353521897,0,0
1.28287232910019,-1.36278578688881,0,-0.339834059939561,0,0,0,0,0
-0.456409873181587,0,0,0,0,0,0,0,0
0,-1.49769972948998,0.590025369752635,0.693268460541719,1.17553932405158,-1.53692548556335,0.0903530956984369,0,0
0,3.18778961539698,-1.10008855087767,-0.5293860794548,-1.95652853448968,2.96678764848884,-0.744671506695581,0,0
