EGFR,PI3K_AKT,mTOR,MEK_ERK,PKC,TGFb-SMAD,STAT3,DPD_NC,DPD_LB
0,0.273722797212836,0.173842979055268,0.325983664427317,-0.120194900366622,-0.182778644696082,0.0757700503005701,0,0
-0.318507529832452,0,0.692786840978509,0.283285112348199,0.0836309985576518,0.0516552883653188,0.615371948169122,0,0
0.0601217495015866,3.37936725599734,0,-1.89286719233566,-0.766239845659487,5.18295919518293,-2.65275535110161,0,0
1.24059462615261,1.03223822923366,-0.199726642883043,0,0,0.589736851852568,-1.1285143639013,0,0
0,0,0,0,0,0,1.02528669776325,0,0
0.38590957796556,0,0,0,0,0,0,0,0
0.92336191936175,0,0,-0.675763641373438,1.10473085943555,0,0,0,0
0,1.09221567998753,0.130667860000769,-0.587393225485155,1.09626694374532,0.135288607964597,-2.20686043297476,0,0
0,0.496254733839815,0.142980034383879,0.372492178861134,-0.120120011870098,-0.640521584872676,-0.144486421379446,0,0
