EGFR,PI3K_AKT,mTOR,MEK_ERK,PKC,TGFb-SMAD,STAT3,DPD_NC,DPD_LB
0,1,0.28822038114905,0.261533139086174,1,1,0,0,0
0.999999999999999,0,0.999999999999999,0.999999999999999,0,0.905082747140259,0.233785101536232,0,0
0,0.999999999999999,0,0.999999999999999,0.999999999999999,0.999999999999999,0,0,0
0.999999999999999,0.999999999999999,0.999999999999999,0,0.0125896266422778,0.999999999999999,0.99453503529884,0,0
1,0,0,0,0,1,1,0,0
1,1,0,1,0,0,0,0,0
1,0,0,0,0,0,0,0,0
0,1,1,1,1,1,0.945894187704864,0,0
0,1,1,1,1,1,1,0,0
