EGFR,PI3K_AKT,mTOR,MEK_ERK,PKC,TGFb-SMAD,STAT3,DPD_NC,DPD_LB
0,0.466864321964374,0.469749545421424,0.469154565453472,0.46729799138708,0.464324280256137,0,0,0
0.470616514951481,0,0.472405790293147,0.461232486250834,0,0.462520696904705,0.461937733701472,0,0
0,0.494138203301784,0,0.48489492326547,0.487202852751728,0,0,0,0
0.466246543519863,0.464468147943165,0.466099027548723,0,0,0.464834674997846,0.466651630810665,0,0
0.0804111530494379,0,0,0,0,0,0,0,0
0.348197858023571,0,0,0.343631139963888,0,0,0,0,0
0.332858450771151,0,0,0.339678207817113,0,0,0,0,0
0,0.4354585599963,0.434467202432759,0.42532841217043,0.429277786273762,0.435927238341678,0.431923199644955,0,0
0,0.42948320952819,0.430134857924933,0.437305798709883,0.429250840673523,0.432467853538544,0.434451968651009,0,0
