EGFR,PI3K_AKT,mTOR,MEK_ERK,PKC,TGFb-SMAD,STAT3,DPD_NC,DPD_LB
0,0.00125154643831977,0.000339912702420149,0.368644171822203,-0.000882459730179445,0.90189614719127,0,0,0
0.720466230272178,0,0.704663115296441,-0.428911083342087,-0.211374185720389,0.279925441251396,0.000561615834714697,0,0
3.85006304348372,4.65400802376443,0,-1.78434745297419,2.12307431791044,0,-2.75352350336396,0,0
2.02571209034407,-0.0118698464133936,-0.0388333813468189,0,0,-1.32906784948784,-0.699339881807128,0,0
0,0,0,0,0,0,0,0,0
0.723844813804614,0,0,-0.345457188176801,0,0,0,0,0
2.46892361672084,0,0,-1.18822432557576,0,-1.66721597628163,0,0,0
0,0,0,0.197595876645893,0.0809331947437796,0,0,0,0
0,0.00111482980016887,0.320558650351944,0.597622142910942,-1.11927203778335,0.0335019602411611,0.458381122034582,0,0
