EGFR,PI3K_AKT,mTOR,MEK_ERK,PKC,TGFb-SMAD,STAT3,DPD_NC,DPD_LB
0,0.0387246810770563,-0.0767682087087141,0.365548442015066,-0.264502565892802,0.00803672780449128,-0.00621115798583158,0,0
0,0,0,0,0,0,0,0,0
0,0.00917284460682259,0,0.0153890163865802,0.562676294755974,-0.028952681451367,-1.63709006809097,0,0
1.0017310702465,0,0,0,0,0,0,0,0
0,0,0,0,0,1.73163362309277,0,0,0
0.97361889594278,0,0,0,0,0,0.650559281718232,0,0
-1.76328307515551,0,0,0.384855607847832,0,1.13455780330636,0,0,0
0,0.0654193819143438,4.55139806355184e-05,0.115522999710729,-0.0616033572802822,-0.023191767807401,0.494740104893255,0,0
0,1.74318201233128,-0.110991656899238,0.774427840598529,-3.11784337108226,-3.48830594858542,2.87968261864239,0,0
