EGFR,PI3K_AKT,mTOR,MEK_ERK,PKC,TGFb-SMAD,STAT3,DPD_NC,DPD_LB
0,0,0,0,0,0.227545495086926,0,0,0
4.44089209850063e-16,0,4.44089209850063e-16,4.44089209850063e-16,0,4.44089209850063e-16,4.44089209850063e-16,0,0
0.0766744871303553,0.0766744871303553,0,0.0766744871303553,0.0697078875270942,6.66133814775094e-16,0,0,0
0,0,0,0,0,0.0652771968406245,0,0,0
5.55111512312578e-16,0,0,0,0,0,0,0,0
6.66133814775094e-16,0.235906247106788,0.235906247106788,6.66133814775094e-16,0,0,0,0,0
0.0753022858429186,0.0753022858429186,0.0753022858429186,0,0,0,0,0,0
0,2.22044604925031e-16,2.22044604925031e-16,0.267745002780939,2.22044604925031e-16,2.22044604925031e-16,2.22044604925031e-16,0,0
0,2.22044604925031e-16,2.22044604925031e-16,0.157120589138727,2.22044604925031e-16,2.22044604925031e-16,2.22044604925031e-16,0,0
