EGFR,PI3K_AKT,mTOR,MEK_ERK,PKC,TGFb-SMAD,STAT3,DPD_NC,DPD_LB
0,0,0,0.377591372414057,0,0.366545527914647,0,0,0
0.442107486781244,0,0.488344688083334,0.466969220256758,0.468813997905626,0.428798360649756,0.431109884898863,0,0
0,0.0444041636485188,0,0.14193829664838,0.180545106742875,0,0,0,0
0.154562566475121,0.0809923759538719,0,0,0,0.157434511230849,0.0571408687405427,0,0
0.564618560786826,0,0,0.893483016606464,0,0,0,0,0
0.156092650577339,0,0,0.265195094772813,0,0,0,0,0
0.129143456334917,0,0,0.230255185118428,0,0,0,0,0
0,0,0.44095392945331,0.554224212416539,0.547017870236225,0.80587896134717,0.639430592579135,0,0
0,0,0,0.138318858511927,0,0,0,0,0
