EGFR,PI3K_AKT,mTOR,MEK_ERK,PKC,TGFb-SMAD,STAT3,DPD_NC,DPD_LB
0,0.1751973023383,-0.00624838439365811,0.281173316266812,0.363261505036368,0.218778601327194,-0.149359353568517,0,0
0.601716291719138,0,0.0388260927875298,-0.171069252049839,0.0989915039859081,0.3933594705118,0.0520751377919782,0,0
0.252407863863209,3.31769814824384,0,1.62835578202873,1.48418308277572,2.84063487361471,0.0507390940263385,0,0
1.7001591870951,0.128961776984965,0.0357002916800925,0,0.0226188010233227,-2.59138106320843,1.15218450026347,0,0
-0.731094564135901,-0.000127324207935177,-1.56125143014892e-06,0.615675997982371,0,-0.33275923511238,-0.391261228298091,0,0
0.718530372231896,0,0,-0.352296805073707,0,0,0.36254721792765,0,0
-1.86752697372108,0,0,0.898607080341126,0,2.43174844534604,0,0,0
0,0.491927355051937,0.217799350713002,0.172705631456513,0.0940020278668915,-0.70317911076565,0.14295720358434,0,0
0,0.296679604630769,0.372624023254523,0.547989282259241,-0.132688316411341,-0.51049418827485,-0.235145553477856,0,0
