EGFR,PI3K_AKT,mTOR,MEK_ERK,PKC,TGFb-SMAD,STAT3,DPD_NC,DPD_LB
0,0.998349163637351,1,1,1,1,0,0,0
1,0,0.668659144716804,1,0,0.668659144716804,1,0,0
0,1,0,1,1,1,0,0,0
0.999999999999999,0.0135146447504024,0.0135146447504024,0,0,0.0135146447504024,0.999999999999999,0,0
0,0,0,0,0,0,0,0,0
0,0,0,0,0,0,1,0,0
1,0,0,1,1,0,0,0,0
0,0,0,0,0,1,0,0,0
0,1,0,0.297965804877071,1,0.0242180835982708,0.732404922249195,0,0
