EGFR,PI3K_AKT,mTOR,MEK_ERK,PKC,TGFb-SMAD,STAT3,DPD_NC,DPD_LB
0,0.309209320439156,0.421345973337507,0.45221677826991,0.416887500580865,0.529698355008101,0.0265299528572643,0,0
0,0,0,0,0,0,0,0,0
0,0,0,0.442050231210814,0.432394088341106,0.333652367651241,0,0,0
0.501202430586008,0.500278770063857,0.498284043329623,0,0,0.501769839684649,0.49900596310525,0,0
0.2221656425032,0.220610726854908,0,0,0,0,0,0,0
0.404904710792413,0,0,0.40965878904682,0,0,0.40320618710768,0,0
0,0,0,0,0,0.0668999228970303,0,0,0
0,0.0388253988992602,0.0367338608185211,0.746547131360796,0.730883676632978,0,0.147111359186806,0,0
0,0.441189372099647,0.446989802173371,0.445733955347778,0.449975271389786,0.48855756399109,0.520233679200363,0,0
