EGFR,PI3K_AKT,mTOR,MEK_ERK,PKC,TGFb-SMAD,STAT3,DPD_NC,DPD_LB
0,0,0,1,1,1,0,0,0
1,0,0,1,1,0.998454205847599,0.88025839465233,0,0
0,0,0,0,1,0,0,0,0
1,0.0866601980523381,0.00145868688833357,0,0.00145868688833357,0,0,0,0
1,0,0,0,0,0,0,0,0
0,0,0,0,0,0,1,0,0
0.999999999999999,0,0,0.999999999999999,0,0,0,0,0
0,1,1,1,1,0,0,0,0
0,1,0,0.149853225014646,0,1,1,0,0
