EGFR,PI3K_AKT,mTOR,MEK_ERK,PKC,TGFb-SMAD,STAT3,DPD_NC,DPD_LB
0,0.464021555374978,0.460747405647317,0.464772494692478,0.461367937794866,0.455894718980978,0,0,0
0.458950807677001,0,0.45808035331652,0.464583176101521,0,0.460739637981075,0.461749188478639,0,0
0.0944366835563148,0.0315626462622152,0,0.0317058795838305,0.0439633406615318,0.111512657577773,0,0,0
0.528416140919021,0.527686724862941,0.524588032289638,0,0,0.0128351727573961,0.528517484808312,0,0
0.0581269388020327,0,0,0,0,0,0,0,0
0.459105238457901,0.12474943174075,0.168697635760169,0.32535127518797,0,0,0,0,0
0.0676924321711686,0.0216967546593968,0.0438155617200294,0.0460120680375659,0,0,0,0,0
0,0.481290106876588,0.486036527992466,0.465619669511155,0.507632904683492,0.506323138608939,0.477564723383568,0,0
0,0.417844185907073,0.42458778414277,0.409339543170198,0.464500127041734,0.46027165648327,0.4186960081553,0,0
