EGFR,PI3K_AKT,mTOR,MEK_ERK,PKC,TGFb-SMAD,STAT3,DPD_NC,DPD_LB
0,0.160719959566565,0.682295439803646,0.964391907531806,1,0.0180676712777883,0.0180676712777883,0,0
0,0,0,0,0,0,0,0,0
0,0.0364378175189677,0,0.0364378175189677,1,0.0364378175189677,1,0,0
0.999999999999999,0,0,0,0,0,0,0,0
0,0,0,0,0,1,0,0,0
0.999999999999999,0,0,0,0,0,0.999999999999999,0,0
1,0,0,1,0,1,0,0,0
0,0.750875900454903,0.00497102055508445,0.740901238857346,0.750875900454903,0.776215027672257,1,0,0
0,1,0.241087585242888,1,1,1,1,0,0
