EGFR,PI3K_AKT,mTOR,MEK_ERK,PKC,TGFb-SMAD,STAT3,DPD_NC,DPD_LB
0,-0.00714636327705994,-0.00136072154641698,0.00572387148396073,-0.00597436555117898,-0.00196542291108804,0,0,0
0.00192457754029079,0,0.00209752957504845,0.00418189709812847,0,-0.00547488562976336,-0.00775843614894702,0,0
0,-0.00453779194854935,0,-0.00551581270900142,-0.00197580401893572,0,0,0,0
-0.00311418734716562,-0.00340937765371779,0.00893174555717323,0,0,-0.00609315706032953,0.000330081744091666,0,0
0.00137570527295978,0,0,0,0,0,0,0,0
0.00269505602447999,0,0,-0.0110653389180722,0,0,0,0,0
0.000790424459379943,0,0,0.00014038878554931,0,0,0,0,0
0,-0.00167515494186864,0.00216738952332121,0.00441563077242781,0.00218969987449323,-0.0018324267144153,-0.00480780935973251,0,0
0,0.000804072659571461,0.000866998731225842,-0.00191409012471821,-0.00404861774417225,0.002457265494568,-0.00395384451829587,0,0
