EGFR,PI3K_AKT,mTOR,MEK_ERK,PKC,TGFb-SMAD,STAT3,DPD_NC,DPD_LB
0,0.173205680095907,0.430713918623453,0.450930176712794,0.445755863864519,0.0702309714319149,0.0584620151546997,0,0
0,0,0,0,0,0,0,0,0
0,0.0692781768269329,0,0.0944037914588211,0.310719252522403,0.157105225034251,0.320240732042985,0,0
0.11678206639236,0,0,0,0,0,0,0,0
0,0,0,0,0,0.0551595745758041,0,0,0
0.226435338646082,0,0,0,0,0,0.223194815159578,0,0
0.395778027188202,0,0,0.393072311699097,0,0.394677773608028,0,0,0
0,0.449366000414852,0.017968475385681,0.447205325369345,0.447661781287817,0.450892514958003,0.451661591296131,0,0
0,0.437389928436723,0.260941759521175,0.446036364999746,0.443773136988333,0.52494125334968,0.438631365715935,0,0
