EGFR,PI3K_AKT,mTOR,MEK_ERK,PKC,TGFb-SMAD,STAT3,DPD_NC,DPD_LB
0,0.0209323530007401,0.0109890209692321,0.374613438117069,0.0163698968880869,0.370222855035758,0,0,0
0.388871768702782,0,0.40466630968576,0.381395951215621,0.336553413392279,0.40335867765281,0.392253339385625,0,0
0.457761434769257,0.454652624817916,0,0.458496780693977,0.462847232896215,0,0.458413413438596,0,0
0.38893672486756,0.136594491308874,0.205991431598448,0,0,0.446146344976144,0.383670598978315,0,0
0,0,0,0,0,0,0,0,0
0.205479442754866,0,0,0.205507392500759,0,0,0,0,0
0.267978959001745,0,0,0.268440065269088,0,0.269408088894947,0,0,0
0,0,0,0.231898057582835,0.22123526078297,0,0,0,0
0,0.10038796741246,0.576945873251233,0.578731942624077,0.572266182388495,0.133993248357263,0.579170349606195,0,0
