EGFR,PI3K_AKT,mTOR,MEK_ERK,PKC,TGFb-SMAD,STAT3,DPD_NC,DPD_LB
0,0.00477968376225593,0.00477968376225593,1,0.00477968376225593,1,0,0,0
1,0,1,1,0.604474648066776,0.988317564069526,0.997090153385976,0,0
1,1,0,1,1,0,1,0,0
1,0.192612237677295,0.393257869188796,0,0,1,1,0,0
0,0,0,0,0,0,0,0,0
0.999999999999999,0,0,0.999999999999999,0,0,0,0,0
1,0,0,1,0,1,0,0,0
0,0,0,0.999999999999999,0.329640451756754,0,0,0,0
0,0.119985568094031,1,1,1,0.119985568094031,1,0,0
