EGFR,PI3K_AKT,mTOR,MEK_ERK,PKC,TGFb-SMAD,STAT3,DPD_NC,DPD_LB
0,0.445522623658718,0.775168821637398,1,0.753227227152909,0.775168821637398,0.0133291712901284,0,0
0,0,0,0,0,0,0,0,0
0,0,0,1,1,0.0480790842685579,0,0,0
1,1,1,0,0,1,1,0,0
0.999999999999999,0.999999999999999,0,0,0,0,0,0,0
1,0,0,1,0,0,1,0,0
0,0,0,0,0,1,0,0,0
0,0.019005080788768,0.019005080788768,1,0.892688221454603,0,0.10907079168566,0,0
0,0.904147100129307,0.999999999999998,0.999999999999998,0.999439638813485,0.935800088727043,0.999999999999998,0,0
