EGFR,PI3K_AKT,mTOR,MEK_ERK,PKC,TGFb-SMAD,STAT3,DPD_NC,DPD_LB
0,0,0,0.513838793996396,0,0.525346871728672,0,0,0
0.453195100644852,0,0.454957243324656,0.456886615500569,0.455076393394554,0.454057653598225,0.449199958995382,0,0
0,0.30131763040973,0,0.307699038228749,0.319101207177615,0,0,0,0
0.536753760850126,0.100982961521605,0.37543696313296,0,0,0.547412310289924,0.570590019894032,0,0
0.0292298403375421,0,0,0,0,0,0,0,0
0.234777003083274,0,0,0.23332934060468,0,0,0,0,0
0.0426317882497313,0,0,0,0,0,0,0,0
0,0.591614270668275,0.217930292767595,0.600482151477425,0,0.293602914548653,0.0922106795624886,0,0
0,0.677714385397271,0,0.683999293543459,0.678325888878365,0.680820670162077,0,0,0
