EGFR,PI3K_AKT,mTOR,MEK_ERK,PKC,TGFb-SMAD,STAT3,DPD_NC,DPD_LB
0,0.408776675306734,2.22044604925031e-16,2.22044604925031e-16,2.22044604925031e-16,0.379369492880994,0.259172857660775,0,0
3.33066907387547e-16,0,3.33066907387547e-16,3.33066907387547e-16,0.498388112335489,0.454295172055114,3.33066907387547e-16,0,0
3.33066907387547e-16,3.33066907387547e-16,0,3.33066907387547e-16,3.33066907387547e-16,0,0,0,0
2.22044604925031e-16,2.22044604925031e-16,0.475165576891022,0,0,2.22044604925031e-16,2.22044604925031e-16,0,0
2.22044604925031e-16,0.497176271806276,2.22044604925031e-16,0.497176271806276,0,0,0,0,0
1.11022302462516e-15,0,0.194906609506265,0.194906609506265,0.194906609506265,0,0.194906609506265,0,0
2.22044604925031e-16,2.22044604925031e-16,0.199177060026396,2.22044604925031e-16,0.199177060026396,0,0,0,0
0,0.373973082902825,6.66133814775094e-16,6.66133814775094e-16,6.66133814775094e-16,6.66133814775094e-16,0.193828905760693,0,0
0,0.387161541857003,0,0,0,0,0,0,0
