EGFR,PI3K_AKT,mTOR,MEK_ERK,PKC,TGFb-SMAD,STAT3,DPD_NC,DPD_LB
0,0.0854057031839019,0,0,0,0,0,0,0
0.436080756972771,0,0.45246445407144,0.438437731771061,0,0.472739109767668,0.466254983549515,0,0
0,0,0,0.287595382950165,0,0.289005153796011,0,0,0
0.50148950443065,0.00447821484533024,0.530143474846232,0,0,0.598080049443139,0.53354619293201,0,0
0.0694111816809984,0,0,0,0,0,0,0,0
0,0,0.281755098379522,0.288141268405768,0,0,0,0,0
0.118073142681117,0,0,0.295618179860667,0,0.287719850734493,0,0,0
0,0.431219576038851,0.429508538555316,0.429003086024753,0.427981951317441,0.430174490796878,0.432553948820068,0,0
0,0,0.69499023768052,1.13357665246722,0,1.06450383450735,0.678295798152888,0,0
