EGFR,PI3K_AKT,mTOR,MEK_ERK,PKC,TGFb-SMAD,STAT3,DPD_NC,DPD_LB
0,0.438127624477556,0.429287955818902,0.432851146872089,0.433437873835109,0.432358154049784,0.114211138684292,0,0
0.41010250333078,0,0.40713585857615,0.408848373026108,0.28495274654846,0.37962092693901,0.409101390892726,0,0
0.426052986196067,0.428377780418925,0,0.425791899099599,0.427754102432746,0,0,0,0
0.44628841601205,0.528397419133314,0.355457946630538,0,0,0.61785899806392,0.451996274320022,0,0
0.42496487846069,0.471180498666695,0.372507355041832,0.428946696496007,0,0,0,0,0
0.0529308472526632,0,0.0352954793450086,0.0313135150859166,0.059729393810727,0,0.0474587662359906,0,0
0.430996935667765,0.355578288794871,0.126842838738768,0.408074619028773,0.225877143401973,0,0,0,0
0,0.441259996312133,0.438040613827716,0.438601838115078,0.445035653151435,0.438857347232097,0.442737885979147,0,0
0,0.363690978604718,0.391742795142162,0.391490125234715,0.391405047504811,0.392664752091892,0.392299289725502,0,0
