EGFR,PI3K_AKT,mTOR,MEK_ERK,PKC,TGFb-SMAD,STAT3,DPD_NC,DPD_LB
0,0.0430180006336893,0.0473192088249852,2.22044604925031e-16,0.0277409083692615,0.0277409083692615,0.471459136051784,0,0
2.22044604925031e-16,0,0.121154135319993,2.22044604925031e-16,0.381240508412006,0.0898489905242958,2.22044604925031e-16,0,0
0.196279954142615,1.11022302462516e-16,0,1.11022302462516e-16,1.11022302462516e-16,1.11022302462516e-16,1.11022302462516e-16,0,0
0,0,0,0,0,0,0,0,0
0,0,0,0,0,0,0,0,0
5.55111512312578e-16,0,0,0,0,0,0,0,0
2.22044604925031e-16,0,0,2.22044604925031e-16,2.22044604925031e-16,0,0,0,0
0,0,0,0,0,0,0,0,0
0,2.22044604925031e-16,2.22044604925031e-16,2.22044604925031e-16,2.22044604925031e-16,2.22044604925031e-16,0.499336922598098,0,0
