EGFR,PI3K_AKT,mTOR,MEK_ERK,PKC,TGFb-SMAD,STAT3,DPD_NC,DPD_LB
0,0,0,0.270758938362177,0,0.76474287172674,0,0,0
0.919911678078518,0,-0.346554109699831,-0.540321231090528,0.80422581782822,1.67039063602305,0.651468816193162,0,0
0,0.290458996101322,0,0.152160251574238,0.680518496572201,0,0,0,0
1.7061021272583,0.015933403644249,-0.0125650922118805,0,0,-0.939149034669008,0.96530573305229,0,0
2.00087069306568,0,0,0,0,0,0,0,0
1.01711965034906,0,0,-0.251001269326998,0,0,0,0,0
0.640235128044475,0,0,0,0,0,0,0,0
0,0.126999963378224,0.0683250908828388,0.221985139971327,0,0.140307686024293,0.00130185683499363,0,0
0,-1.0400366931105,0,-1.36467914500876,4.23845482389288,-2.67228114328019,0,0,0
