EGFR,PI3K_AKT,mTOR,MEK_ERK,PKC,TGFb-SMAD,STAT3,DPD_NC,DPD_LB
0,0.00396264739462641,-0.00463309969968309,0.00906358650589718,0.00918995478192765,-0.000814554836877783,0,0,0
-0.00517577114572832,0,0.00229126270348133,-0.00315780058173502,0,-0.0013819749639236,-0.00101830785061668,0,0
0,-0.0060261275711552,0,-0.012792760921329,-0.00321223243574783,0,0,0,0
-0.00177321516927661,0.00764298489139264,-0.0013725988385326,0,0,-0.000316662448519574,0.00116336213020569,0,0
-0.00103735131092355,0,0,0,0,0,0,0,0
0.0106794414064241,0,0,-0.00678058176813885,0,0,0,0,0
-0.00352447029505817,0,0,-0.00416422318128782,0,0,0,0,0
0,-0.00252195259937467,0.00251944742447098,-0.00340031175564077,-0.00639963155284853,-0.00340085112333376,-0.00100047203560084,0,0
0,-0.0082190272660864,0.00497893146670507,0.00267504898870874,0.0109409622659678,0.00299756706647213,-0.00894993188548747,0,0
