EGFR,PI3K_AKT,mTOR,MEK_ERK,PKC,TGFb-SMAD,STAT3,DPD_NC,DPD_LB
0,0.497023355051823,0.417471100315562,2.22044604925031e-16,0.431133356896041,0.417471100315562,0.114680009081125,0,0
0,0,0,0,0,0,0,0,0
0,0,0,3.33066907387547e-16,3.33066907387547e-16,0.213933367954732,0,0,0
0,0,0,0,0,0,0,0,0
6.66133814775094e-16,6.66133814775094e-16,0,0,0,0,0,0,0
8.88178419700126e-16,0,0,8.88178419700126e-16,0,0,8.88178419700126e-16,0,0
0,0,0,0,0,2.22044604925031e-16,0,0,0
0,0.136542622257595,0.136542622257595,6.66133814775094e-16,0.309509225598884,0,0.311728012996463,0,0
0,0.294389404457889,1.66533453693773e-15,1.66533453693773e-15,0.0236653160100141,0.245108716012915,1.66533453693773e-15,0,0
