EGFR,PI3K_AKT,mTOR,MEK_ERK,PKC,TGFb-SMAD,STAT3,DPD_NC,DPD_LB
0,0,0,1.63366420621446,0,-1.21807269198088,0,0,0
1.03926783165119,0,2.7148742660986,-0.404549881810481,-1.05703796392291,0.282089033899753,-0.303094479903713,0,0
0,-0.00509465979022455,0,-0.303989239114272,-0.0748832169138274,0,0,0,0
0.5336847763371,0.0183416778439234,0,0,0,0.0353106085568394,-0.00626602812292026,0,0
-0.722411599074741,0,0,1.30097022667432,0,0,0,0,0
-0.055244290947382,0,0,0.0967959157186452,0,0,0,0,0
-0.04848268495609,0,0,0.09906109610687,0,0,0,0,0
0,0,0.253234696964812,1.53242999154758,1.4321293567904,-0.795448197925026,0.549954453953369,0,0
0,0,0,6.7119619253878,0,0,0,0,0
