EGFR,PI3K_AKT,mTOR,MEK_ERK,PKC,TGFb-SMAD,STAT3,DPD_NC,DPD_LB
0,0.367272452225166,0.465583905034093,0.18531097166377,6.66133814775094e-16,0.133196210653254,0.133196210653254,0,0
0,0,0,0,0,0,0,0,0
0,0.187376900853393,0,0.187376900853393,4.44089209850063e-16,0.187376900853393,4.44089209850063e-16,0,0
8.88178419700125e-16,0,0,0,0,0,0,0,0
0,0,0,0,0,0,0,0,0
8.88178419700125e-16,0,0,0,0,0,8.88178419700125e-16,0,0
6.66133814775094e-16,0,0,6.66133814775094e-16,0,6.66133814775094e-16,0,0,0
0,0.432505817961957,0.070330004334746,0.438139924130404,0.432505817961957,0.416779628206579,0,0,0
0,4.44089209850063e-16,0.42774333599092,4.44089209850063e-16,4.44089209850063e-16,4.44089209850063e-16,4.44089209850063e-16,0,0
