EGFR,PI3K_AKT,mTOR,MEK_ERK,PKC,TGFb-SMAD,STAT3,DPD_NC,DPD_LB
0,0.0338688781173661,0,1,0.0338688781173661,0.0338688781173661,0,0,0
1,0,1,1,1,1,1,0,0
0,1,0,1,1,1,0,0,0
1,0,0,0,0,0,0,0,0
1,1,0,0,0,0,0,0,0
0.999999999999998,0,0,0.999999999999998,0,0,0,0,0
0,0,1,0,0,1,0,0,0
0,0,0.999999999999999,0,0,0.999999999999999,0.120363024683196,0,0
0,0.914058665336943,0.999999999999999,0,0.999999999999999,0.999999999999999,0.521421651990685,0,0
