EGFR,PI3K_AKT,mTOR,MEK_ERK,PKC,TGFb-SMAD,STAT3,DPD_NC,DPD_LB
0,4.44089209850063e-16,0,4.44089209850063e-16,4.44089209850063e-16,4.44089209850063e-16,0,0,0
0.148351925372618,0,0.38036361328361,0.394774019930981,0,0,0.38036361328361,0,0
0.0321582252907255,4.44089209850063e-16,0,4.44089209850063e-16,4.44089209850063e-16,0,0.0321582252907255,0,0
0.0908301734380343,0.493993116514006,0.493993116514006,0,0.0868510805356258,0.424752482507916,6.66133814775094e-16,0,0
1.11022302462516e-16,0,0,0,0,0,0,0,0
3.33066907387547e-16,0,0,0,0,0,0,0,0
0,0,0,4.44089209850063e-16,0,0,0,0,0
0,0,0,2.22044604925031e-16,2.22044604925031e-16,0,0,0,0
0,1.11022302462516e-16,0.0371657606425474,1.11022302462516e-16,1.11022302462516e-16,0.092694684904382,0.0371657606425474,0,0
