EGFR,PI3K_AKT,mTOR,MEK_ERK,PKC,TGFb-SMAD,STAT3,DPD_NC,DPD_LB
0,0,0,0.999999999999999,0,0.999999999999999,0,0,0
0.999999999999999,0,0.999999999999999,0.999999999999999,0.97606286016138,0.832389723911587,0.831800003890666,0,0
0,0.0367873003064594,0,1,0.29153082892191,0,0,0,0
1,0.0557268363160653,0,0,0,0.0535700424036246,0.0535700424036246,0,0
0.709413716748257,0,0,0.709413716748257,0,0,0,0,0
0.120765278094978,0,0,0.120765278094978,0,0,0,0,0
0.170174878221468,0,0,0.170174878221468,0,0,0,0,0
0,0,0.425503026830993,1,1,0.574496973169007,0.574496973169007,0,0
0,0,0,0.999999999999999,0,0,0,0,0
