EGFR,PI3K_AKT,mTOR,MEK_ERK,PKC,TGFb-SMAD,STAT3,DPD_NC,DPD_LB
0,0.585023677127614,0,0,0,0,0,0,0
1.49702048507782,0,-0.514791419212915,-0.340156013391311,0,-1.16646093544979,0.488903462129988,0,0
0,0,0,0.913041494262482,0,-1.54444375546639,0,0,0
0.20511257568587,-7.41075039552238e-05,0.335605395115991,0,0,0.314898368790654,0.575398412402265,0,0
0.497859338964337,0,0,0,0,0,0,0,0
0,0,-0.569819303590905,0.599928704368386,0,0,0,0,0
-0.0322036714614852,0,0,0.367353371039835,0,0.736972687400088,0,0,0
0,1.27582646474322,-2.21894159208233,5.40951763178662,-5.44302264789612,-8.07574546433303,8.46222419958586,0,0
0,0,0.178396620567956,6.68354149323784,0,-20.2710354408976,13.4739558903616,0,0
