EGFR,PI3K_AKT,mTOR,MEK_ERK,PKC,TGFb-SMAD,STAT3,DPD_NC,DPD_LB
0,0.460145958426485,0.800064234628637,1,0.780555382068135,0.800064234628637,0.0149791222875163,0,0
0,0,0,0,0,0,0,0,0
0,0,0,0.999999999999999,0.999999999999999,0.047752412308178,0,0,0
0.999999999999999,0.999999999999999,0.999999999999999,0,0,0.999999999999999,0.999999999999999,0,0
1,1,0,0,0,0,0,0,0
1,0,0,1,0,0,1,0,0
0,0,0,0,0,1,0,0,0
0,0.0171370236962618,0.0171370236962618,1,0.892979638706818,0,0.109528139062223,0,0
0,0.906037885309396,1,1,0.999811746433013,0.927449331065135,1,0,0
