EGFR,PI3K_AKT,mTOR,MEK_ERK,PKC,TGFb-SMAD,STAT3,DPD_NC,DPD_LB
0,0.297211387342508,0.298454854015715,1.11022302462516e-15,0.0347369826372963,1.11022302462516e-15,0.0565656865186031,0,0
0.000209630459149351,0,0.00148231759963059,1.11022302462516e-15,0.00233555906810971,3.83229749870087e-05,0.000147652667841657,0,0
0.292521401967722,0.230728773487085,0,4.44089209850063e-16,4.44089209850063e-16,4.44089209850063e-16,0.292521401967722,0,0
0,0,0,0,0.193306208564299,0,0,0,0
0.215042715292061,0.0181816128897412,0.0150796577655465,6.66133814775093e-16,0,6.66133814775093e-16,0.215042715292061,0,0
7.77156117237609e-16,0,0,7.77156117237609e-16,0,0,7.77156117237609e-16,0,0
6.66133814775094e-16,0,0,6.66133814775094e-16,0,6.66133814775094e-16,0,0,0
0,6.66133814775094e-16,6.66133814775094e-16,6.66133814775094e-16,0.157972289300422,6.66133814775094e-16,6.66133814775094e-16,0,0
0,0,0,0,0,0,0,0,0
