EGFR,PI3K_AKT,mTOR,MEK_ERK,PKC,TGFb-SMAD,STAT3,DPD_NC,DPD_LB
0,1,1,1,1,0.999151523596657,0.0262787172458449,0,0
1,0,0.00191761963998937,1,0,0.460183812234198,0.460183812234198,0,0
0.142869363079619,0.999999999999999,0,0.00821593700670578,0.521922124920414,0.126444386728963,0.0164249763506559,0,0
0,0.104575381397718,0,0,0,1,0.104575381397718,0,0
0,1,0,0,0,1,0,0,0
0,1,0,0,0,0,1,0,0
0,0,0,0,0,0.999999999999999,0,0,0
0,0.00440714404617641,0,0,0,1,0.00440714404617641,0,0
0,1,0,1,1,1,1,0,0
