EGFR,PI3K_AKT,mTOR,MEK_ERK,PKC,TGFb-SMAD,STAT3,DPD_NC,DPD_LB
0,0,0,0.628006444651372,0.632596988262439,0.626869769373573,0,0,0
0.553443193902117,0,0,0.557258232291168,0.554486884489102,0.554166991220497,0.552451388575233,0,0
0,0,0,0,0.118055550899679,0,0,0,0
0.179479053467855,0.0564566691434072,0.00859767899714778,0,0.0110927307115607,0,0,0,0
0.0475398939453486,0,0,0,0,0,0,0,0
0,0,0,0,0,0,0.0543350829844199,0,0
0.234464139222118,0,0,0.232833735944559,0,0,0,0,0
0,0.583577837765949,0.58294613693655,0.584144571767986,0.589828212183336,0,0,0,0
0,0.630415957699668,0,0.711576137942736,0,0.611349228303455,0.668688969334216,0,0
