EGFR,PI3K_AKT,mTOR,MEK_ERK,PKC,TGFb-SMAD,STAT3,DPD_NC,DPD_LB
0,0.0608548263118184,0,0.16344325153214,0.0639693543915145,0.0852858113598466,0,0,0
0.465591336930211,0,0.454968468593019,0.463229312466706,0.453073576609852,0.456357045697691,0.456605586875288,0,0
0,0.406416035233414,0,0.407159370904828,0.409013238566205,0.401444543659137,0,0,0
0.121031170568252,0,0,0,0,0,0,0,0
0.315211188817301,0.315325090729919,0,0,0,0,0,0,0
0.359885108970841,0,0,0.364195849057263,0,0,0,0,0
0,0,0.334899554552463,0,0,0.329556586024507,0,0,0
0,0,0.744157479143654,0,0,1.61060278294881,1.30680052787267,0,0
0,0.528336099715667,0.535112028444894,0,0.525945716154157,0.536112742697269,0.332657156311269,0,0
