EGFR,PI3K_AKT,mTOR,MEK_ERK,PKC,TGFb-SMAD,STAT3,DPD_NC,DPD_LB
0,0,0,5.55111512312578e-16,0,5.55111512312578e-16,0,0,0
1.11022302462516e-15,0,1.11022302462516e-15,1.11022302462516e-15,1.11022302462516e-15,1.11022302462516e-15,1.11022302462516e-15,0,0
0,5.55111512312578e-16,0,0.478012046360177,5.55111512312578e-16,0,0,0,0
4.44089209850063e-16,0.25985270582412,0.499020976584966,0,0,4.44089209850063e-16,0.157348254329975,0,0
9.9920072216264e-16,0,0,0,0,0,0,0,0
2.22044604925031e-16,0,0,2.22044604925031e-16,0,0,0,0,0
0,0,0,0,0,0,0,0,0
0,0.438874112084218,0.46253355122223,0.438874112084218,0,0.438874112084218,0.254119687953824,0,0
0,9.9920072216264e-16,0,9.9920072216264e-16,9.9920072216264e-16,9.9920072216264e-16,0,0,0
