EGFR,PI3K_AKT,mTOR,MEK_ERK,PKC,TGFb-SMAD,STAT3,DPD_NC,DPD_LB
0,0.336266398407213,0.334307511948073,0.357302594561455,0.358470704745235,0.361748482214059,0.358003273094584,0,0
0.213546705307005,0,0.171646039367897,0.222005624692164,0.175540458218103,0.222966331205827,0.20812950180895,0,0
0.787200858380416,1.10187727877832,0,0.618225054014229,0.462396888264772,0.622444153458568,0.183997905335019,0,0
0.425447648211986,0.415816284539587,0.412202418734962,0,0.122014236738026,0.444849520035301,0.473929621873724,0,0
0.413176076286858,0.00815784397407565,0.00300485234926921,0.389279044070398,0,0.453603533673975,0.389009883326636,0,0
0.290336790444734,0,0,0.291093544700874,0,0,0.29299129991819,0,0
0.241994858026746,0,0,0.242264851722525,0,0.241758235578144,0,0,0
0,0.46181741418111,0.458525050707411,0.458870939407291,0.454640478348674,0.462289065771338,0.458138054750708,0,0
0,0.42672578195651,0.418648920803618,0.41871567025325,0.42842871775044,0.422941234672669,0.422753979489475,0,0
