EGFR,PI3K_AKT,mTOR,MEK_ERK,PKC,TGFb-SMAD,STAT3,DPD_NC,DPD_LB
0,0.945298710928335,1,1,1,1,0.17166862279925,0,0
0,0,0,0,0,0,0,0,0
0,0.999999999999999,0,0,0.999999999999999,0.999999999999999,0,0,0
1,1,1,0,0,1,1,0,0
1,0,0,1,0,0,0,0,0
1,0,0,1,0,0,0,0,0
0.999999999999999,0.999999999999999,0,0,0,0,0,0,0
0,0,0,0,0.999999999999998,0,0,0,0
0,1,0.000197513291579429,1,1,1,1,0,0
