EGFR,PI3K_AKT,mTOR,MEK_ERK,PKC,TGFb-SMAD,STAT3,DPD_NC,DPD_LB
0,0.498409124485353,0.399951815968787,4.44089209850063e-16,0.413870363269228,0.399951815968787,0.121469124402096,0,0
0,0,0,0,0,0,0,0,0
0,0,0,9.99200722162641e-16,9.99200722162641e-16,0.213241926991217,0,0,0
6.66133814775094e-16,6.66133814775094e-16,6.66133814775094e-16,0,0,6.66133814775094e-16,6.66133814775094e-16,0,0
2.22044604925031e-16,2.22044604925031e-16,0,0,0,0,0,0,0
6.66133814775094e-16,0,0,6.66133814775094e-16,0,0,6.66133814775094e-16,0,0
0,0,0,0,0,2.22044604925031e-16,0,0,0
0,0.129781917519721,0.129781917519721,8.88178419700126e-16,0.30913913301596,0,0.312300697751045,0,0
0,0.29177600260041,8.88178419700126e-16,8.88178419700126e-16,0.0137192611893944,0.259397512270202,8.88178419700126e-16,0,0
