EGFR,PI3K_AKT,mTOR,MEK_ERK,PKC,TGFb-SMAD,STAT3,DPD_NC,DPD_LB
0,0,0,2.04665260284671,-0.281608918903195,-0.801867885097476,0,0,0
0.571508711152871,0,0,-0.321040952959256,1.48133173688674,0.683454125895637,0.389053434897901,0,0
0,0,0,0,0.905582436616318,0,0,0,0
0.350509831043833,0.0094382493559185,-0.000287914174031217,0,0.000397327293930709,0,0,0,0
0.811904857488073,0,0,0,0,0,0,0,0
0,0,0,0,0,0,0.960089264223532,0,0
-0.7199072707106,0,0,0.941583346440211,0,0,0,0,0
0,0.523643971551787,-0.450939369416475,-2.71860262095824,1.09458004686974,0,0,0,0
0,1.45408133486773,0,-0.292944760742189,0,-6.45813696892432,4.22830965906152,0,0
