EGFR,PI3K_AKT,mTOR,MEK_ERK,PKC,TGFb-SMAD,STAT3,DPD_NC,DPD_LB
0,0.116436646016438,-0.0980287857973877,0.181765207638821,-0.194478247185263,0.205371186485348,-0.000477564702414336,0,0
0,0,0,0,0,0,0,0,0
0,0,0,-0.218634584814535,0.290512659610918,-0.0732182372265069,0,0,0
0.828690994439512,-0.312103610454182,-0.271267955609647,0,0,0.619195503545666,0.415535813279262,0,0
0.835417648631874,0.558452161585191,0,0,0,0,0,0,0
-0.639296307826746,0,0,0.401111710166901,0,0,0.938113267429618,0,0
0,0,0,0,0,0.696894049434637,0,0,0
0,-0.000482196727011116,-0.00128086278498594,0.320132952696266,0.173861417999098,0,0.0426097629392644,0,0
0,-0.00362020726624413,-0.4541064701909,-0.495142876279545,-0.451043594597887,0.624675520813063,1.26126741464577,0,0
