EGFR,PI3K_AKT,mTOR,MEK_ERK,PKC,TGFb-SMAD,STAT3,DPD_NC,DPD_LB
0,1,1,1,1,0.945222469857088,0,0,0
1,0,1,1,0,1,1,0,0
0.00591395180262682,0.00591395180262682,0,0.00591395180262682,0.00488303360063495,1,0,0,0
1,1,1,0,0,0.00427942591351894,1,0,0
0.999999999999999,0,0,0,0,0,0,0,0
0.999999999999999,0.0591505443170073,0.0591505443170073,0.999999999999999,0,0,0,0,0
0.00570295798292361,0.00570295798292361,0.00570295798292361,1,0,0,0,0,0
0,1,1,0.922270782183465,1,1,1,0,0
0,1,1,0.974671592228458,1,1,1,0,0
