EGFR,PI3K_AKT,mTOR,MEK_ERK,PKC,TGFb-SMAD,STAT3,DPD_NC,DPD_LB
0,0,0,0,0,0.0291162581925567,0.159962952791444,0,0
1.33226762955019e-15,0,0.0437486271202389,1.33226762955019e-15,0,0.498412149923935,0.498412149923935,0,0
0.349939577888587,9.9920072216264e-16,0,0.0902686844138521,0.499519189260006,0.332349520525755,0.127103093992775,0,0
0,0.306005508125654,0,0,0,2.22044604925031e-16,0.306005508125654,0,0
0,6.66133814775094e-16,0,0,0,6.66133814775094e-16,0,0,0
0,6.66133814775094e-16,0,0,0,0,6.66133814775094e-16,0,0
0,0,0,0,0,6.66133814775094e-16,0,0,0
0,0.0662398756606069,0,0,0,2.22044604925031e-16,0.0662398756606069,0,0
0,4.44089209850063e-16,0,4.44089209850063e-16,4.44089209850063e-16,4.44089209850063e-16,4.44089209850063e-16,0,0
