EGFR,PI3K_AKT,mTOR,MEK_ERK,PKC,TGFb-SMAD,STAT3,DPD_NC,DPD_LB
0,0.345812996415473,0,0.396828010724408,-0.642965524643158,0.470828965328068,0,0,0
0.00557002474663223,0,0.0288898800742658,-0.0321886093157109,0,0.514045920226555,-0.0793017860816186,0,0
-0.000253396530773915,-0.605821507835899,0,-0.308861944030091,0.43285726927286,0,0.0001198839222211,0,0
0.00225257560236486,-0.0386163655190033,-0.00943076111438329,0,0.00110644683002538,0.337909458549206,0.415185945070954,0,0
0.222979768819616,0,0,0,0,0,0,0,0
0.502811487998667,0,0,0,0,0,0,0,0
0,0,0,0.247841415044121,0,0,0,0,0
0,0,0,0.21693536682517,0.321785572107851,0,0,0,0
0,1.18087867656844,-0.000102240253987378,0.354722986323737,-0.985728907959553,0.442910141024605,4.62469157483736e-05,0,0
