EGFR,PI3K_AKT,mTOR,MEK_ERK,PKC,TGFb-SMAD,STAT3,DPD_NC,DPD_LB
0,4.44089209850063e-16,0,0,0,0,0,0,0
4.44089209850063e-16,0,0.190508047702311,0.42003802383237,0,4.44089209850063e-16,0.0191784151820693,0,0
0,0,0,2.22044604925031e-16,0,2.22044604925031e-16,0,0,0
0.394374012484294,0.0320298324036631,8.88178419700125e-16,0,0,8.88178419700125e-16,8.88178419700125e-16,0,0
0,0,0,0,0,0,0,0,0
0,0,6.66133814775094e-16,6.66133814775094e-16,0,0,0,0,0
0.362163590933489,0,0,7.77156117237609e-16,0,7.77156117237609e-16,0,0,0
0,2.22044604925031e-16,2.22044604925031e-16,2.22044604925031e-16,2.22044604925031e-16,2.22044604925031e-16,2.22044604925031e-16,0,0
0,0,0.389768633452442,0.143542015983115,0,4.44089209850063e-16,4.44089209850063e-16,0,0
