EGFR,PI3K_AKT,mTOR,MEK_ERK,PKC,TGFb-SMAD,STAT3,DPD_NC,DPD_LB
0,-0.288855133576975,0.350741470374824,0.706012928442968,0.611344566407755,0.111882447596573,-0.0191255522931419,0,0
-0.244346513124379,0,0.256431076190899,0.231553037998657,0.0876104434028106,0.213529540501029,0.632995339397073,0,0
2.31477889963058,-0.0396278665280516,0,-1.9401013441043,-1.98612845307734,0,0,0,0
2.85776103561426,-0.582890146732093,-0.11493700344209,0,0,-2.26517520349552,0.997806928001443,0,0
0.790974036109196,-0.37001286263614,-0.492883575399243,-0.352812598510839,0,0,0,0,0
0.437863946877823,0,0.00544273689281906,0.00302277107074983,0.0108808772545178,0,0.00462903331402202,0,0
-1.02100725116777,1.13685909159534,0.0226518862003889,0.371223907471991,0.0449773512786303,0,0,0,0
0,0.261080163610602,-0.223497927441688,-0.0999833631901539,-0.604167568741916,-0.258783055518576,0.420621800489192,0,0
0,0.085572631381847,0.800309158835216,1.06700211215835,1.08319023763095,0.125753264188304,-1.00458439265038,0,0
