EGFR,PI3K_AKT,mTOR,MEK_ERK,PKC,TGFb-SMAD,STAT3,DPD_NC,DPD_LB
0,0.541600443325532,0.272992175975288,0.243928741580649,0.51433338003314,0.588194580848545,0,0,0
0.532133078819977,0,0.597783107524592,0.475443609837645,0,0.479358883548264,0.204398058327618,0,0
0,0.403080208074228,0,0.408054453965334,0.40815999361995,0.405257844881017,0,0,0
0.466240400511828,0.452563050916801,0.445841353202831,0,0.090305643908292,0.472268536983285,0.468694628802856,0,0
0.41103028391641,0,0,0,0,0.417510391280067,0.409278120395643,0,0
0.278458883448079,0.278955555713952,0,0.276253792309173,0,0,0,0,0
0.0532317361914243,0,0,0,0,0,0,0,0
0,0.387472617136578,0.395450987859976,0.38986284654158,0.390011605950804,0.395560561609012,0.388100161250838,0,0
0,0.396010206441386,0.38686162299962,0.391767083135158,0.395848694904118,0.387069688033457,0.395940001117535,0,0
