EGFR,PI3K_AKT,mTOR,MEK_ERK,PKC,TGFb-SMAD,STAT3,DPD_NC,DPD_LB
0,0.902076350005744,0.901154209892478,0.999999999999999,0.998791882489336,0.999999999999999,0.996790019131502,0,0
0.99999995605507,0,0.999997802729707,1,0.999994545134085,0.999999998531351,0.99999997819869,0,0
0.0944987923682117,0.943581145998277,0,1,1,1,0.0944987923682117,0,0
1,1,1,0,0.0388788556892065,1,1,0,0
0.951394096771123,0.00033068039679723,0.000227447810832661,1,0,1,0.951394096771123,0,0
0.999999999999999,0,0,0.999999999999999,0,0,0.999999999999999,0,0
0.999999999999999,0,0,0.999999999999999,0,0.999999999999999,0,0,0
0,1,1,1,0.97438882344885,1,1,0,0
0,1,1,1,1,1,1,0,0
