EGFR,PI3K_AKT,mTOR,MEK_ERK,PKC,TGFb-SMAD,STAT3,DPD_NC,DPD_LB
0,0.260726175697305,0.153823279473463,0.518374630842748,-0.328501826677502,0.717580343876361,0.0138037790066319,0,0
0.663061927254897,0,-0.000193665136246368,-0.431677168268329,0,0.116344637790942,-0.21547094423329,0,0
0.0637738254091203,0.434727773203013,0,0.00104240820376299,0.297283132875342,-0.07259076113869,-0.0138615744560618,0,0
0,0.00672696480875664,0,0,0,0.557771490601203,0.000804643567000876,0,0
0,0.528735778519429,0,0,0,0.408146469659448,0,0,0
0,-0.400107271276707,0,0,0,0,1.58984338835407,0,0
0,0,0,0,0,0.579380746677427,0,0,0
0,0.000265017067134944,0,0,0,0.480679287172496,9.02515322984608e-05,0,0
0,1.29567151368759,0,0.836483957653736,-2.36747920132302,1.311876098821,-0.90005508268012,0,0
