EGFR,PI3K_AKT,mTOR,MEK_ERK,PKC,TGFb-SMAD,STAT3,DPD_NC,DPD_LB
0,0.388185708629628,0.268567478228526,0.329163894282287,0.0608130929110435,-0.0372977825675498,0,0,0
1.94787556811395,0,-0.507872262860395,-0.771077638099877,0,0.061324279755462,-0.185831779997071,0,0
0.00711099309881353,-0.00210825418540167,0,-0.00229890657638599,-0.00299499008889678,1.74157096692005,0,0,0
2.4491208670088,-0.963188833917424,-0.930570331996191,0,0,0.000435950970146327,-0.30867583551912,0,0
0.427319091346411,0,0,0,0,0,0,0,0
0.695061294991307,0.0242698718291261,0.0377201844608972,-0.199589887240207,0,0,0,0,0
0.00493398774427466,-0.000879180172625376,-0.00300319063685378,-0.387324624695191,0,0,0,0,0
0,0.216140327092058,-0.704814509390122,-0.151395307128157,0.202827454389016,0.0908928916265871,-0.747156769197594,0,0
0,8.73113067259358,0.904312578009109,0.31378940672348,-5.53494459415487,-6.75817865401156,-5.21021638639764,0,0
