EGFR,PI3K_AKT,mTOR,MEK_ERK,PKC,TGFb-SMAD,STAT3,DPD_NC,DPD_LB
0,0.317023084396769,0.42740513258222,0.4561189298376,0.420236071575916,0.529918750859724,0.0301534990850243,0,0
0,0,0,0,0,0,0,0,0
0,0,0,0.441546640698751,0.431486813271202,0.330952002642764,0,0,0
0.498878355595864,0.502334251921465,0.499878162625459,0,0,0.498866374014856,0.501244394729865,0,0
0.218502066657499,0.216523860467378,0,0,0,0,0,0,0
0.392967263302543,0,0,0.401180941700849,0,0,0.398948496620356,0,0
0,0,0,0,0,0.0696922983489054,0,0,0
0,0.0343021866058423,0.0346381317201929,0.723965907961499,0.719124288190429,0,0.145214413155461,0,0
0,0.446030160617915,0.46375256223705,0.460935315755053,0.458626144783968,0.470127149831795,0.524115577456996,0,0
