EGFR,PI3K_AKT,mTOR,MEK_ERK,PKC,TGFb-SMAD,STAT3,DPD_NC,DPD_LB
0,0.543263635340103,0,0.542013356139787,0.543175012555237,0.540021154221785,0,0,0
0.053788672655339,0,0.168982248750134,0.129391984224425,0,0.31177042975422,0.264059924304878,0,0
0.00905835808817998,0.362039743363783,0,0.369893449817559,0.365537492077578,0,0.00579241269538397,0,0
0.0331411672734112,0.429836658461694,0.427633330047267,0,0.0247846603146492,0.479929810780674,0.453500323651532,0,0
0.0696175665444689,0,0,0,0,0,0,0,0
0.0418818425686122,0,0,0,0,0,0,0,0
0,0,0,0.11249279588908,0,0,0,0,0
0,0,0,0.659848204422894,0.678276213648883,0,0,0,0
0,0.61720465938683,0.00497735481783226,0.616690078997511,0.608589378222361,0.617605647431595,0.00377097145471245,0,0
