EGFR,PI3K_AKT,mTOR,MEK_ERK,PKC,TGFb-SMAD,STAT3,DPD_NC,DPD_LB
0,0.180891617308368,0,0,0.180891617308368,0.180891617308368,0,0,0
2.22044604925031e-16,0,2.22044604925031e-16,2.22044604925031e-16,2.22044604925031e-16,2.22044604925031e-16,2.22044604925031e-16,0,0
0,2.22044604925031e-16,0,2.22044604925031e-16,2.22044604925031e-16,2.22044604925031e-16,0,0,0
2.22044604925031e-16,0,0,0,0,0,0,0,0
2.22044604925031e-16,2.22044604925031e-16,0,0,0,0,0,0,0
1.55431223447522e-15,0,0,1.55431223447522e-15,0,0,0,0,0
0,0,4.44089209850063e-16,0,0,4.44089209850063e-16,0,0,0
0,0,8.88178419700125e-16,0,0,8.88178419700125e-16,0.325385566631817,0,0
0,0.280277401264157,6.66133814775094e-16,0,6.66133814775094e-16,6.66133814775094e-16,0.499540902055067,0,0
