EGFR,PI3K_AKT,mTOR,MEK_ERK,PKC,TGFb-SMAD,STAT3,DPD_NC,DPD_LB
0,0.365538977234424,-0.11805969802392,0.641507094176697,-0.0524507242422126,0.356249936427131,0,0,0
0.682615216667713,0,0.0335660339826834,-0.64343660457541,0,0.00257674405269135,0.424452951212703,0,0
0,-0.222999387310714,0,0.580727008715983,1.09417935406746,-1.68196167960498,0,0,0
0.256299655134715,-0.00230908859207509,0.000482185585406493,0,0,0.00131473466523389,0.444612993706411,0,0
0,0,0,0,0,0,0,0,0
0,0,0,0,0,0,0.557751642239535,0,0
-0.349954119149547,0,0,0.856078652714163,1.37248130292914,0,0,0,0
0,0,0,0,0,2.00871610178498,0,0,0
0,1.22856985976366,0,-0.0219205197751115,-0.864663992536106,0.00675649214405867,0.260861022883984,0,0
