EGFR,PI3K_AKT,mTOR,MEK_ERK,PKC,TGFb-SMAD,STAT3,DPD_NC,DPD_LB
0,0.495828444415736,0.495985183343485,0.494151979073258,0.493811998948993,0.495098963250493,0,0,0
0.433207969086206,0,0.365491700692788,0.432649304678978,0,0.365145496332767,0.430851662799199,0,0
0,0.44486313969476,0,0.461919438094343,0.457036092012424,0.451791041290598,0,0,0
0.492388006460094,0.032186974989335,0.025553345810527,0,0,0.0285993487687775,0.493555703269406,0,0
0,0,0,0,0,0,0,0,0
0,0,0,0,0,0,0.115192689564833,0,0
0.317273783127416,0,0,0.320372814618143,0.314897755275371,0,0,0,0
0,0,0,0,0,0.153418783867969,0,0,0
0,0.452330667362683,0,0.2607747535797,0.508150539665359,0.0513105131890951,0.46053079886383,0,0
