EGFR,PI3K_AKT,mTOR,MEK_ERK,PKC,TGFb-SMAD,STAT3,DPD_NC,DPD_LB
0,0,0,6.66133814775094e-16,0,6.66133814775094e-16,0,0,0
1.11022302462516e-15,0,1.11022302462516e-15,1.11022302462516e-15,0.152853371487073,0.373519840755452,0.374043790776098,0,0
0,0.188239195819101,0,2.22044604925031e-16,0.454467385749532,0,0,0,0
4.44089209850063e-16,0.229393452457274,0,0,0,0.22516725552464,0.22516725552464,0,0
0.454032923076819,0,0,0.454032923076819,0,0,0,0,0
0.325854301339751,0,0,0.325854301339751,0,0,0,0,0
0.375786360907074,0,0,0.375786360907074,0,0,0,0,0
0,0,0.494419054030744,2.22044604925031e-16,2.22044604925031e-16,0.494419054030744,0.494419054030744,0,0
0,0,0,6.66133814775094e-16,0,0,0,0,0
