EGFR,PI3K_AKT,mTOR,MEK_ERK,PKC,TGFb-SMAD,STAT3,DPD_NC,DPD_LB
0,0.437006605504387,0.425198952670388,0.434073008708146,0.429503627736888,0.42797803182984,0.242027993645189,0,0
0.450322988995201,0,0.449629886236304,0.443937159937569,0.237011559919491,0.457016419167998,0.450641629654432,0,0
0.298630249101795,0.41873081706005,0,0.433129784530867,0.427338792806186,0.458279781323445,0.427604924751659,0,0
0.443046399397244,0.440345519751506,0.442961459225393,0,0,0.443662323159772,0.444166626428572,0,0
0,0,0,0,0,0,0.0467654810149103,0,0
0.0604301486315878,0,0,0,0,0,0,0,0
0.31812631857438,0,0,0.315403680847352,0.311022502583983,0,0,0,0
0,0.427562103311372,0.426639254438058,0.428981769472013,0.42578288784372,0.428815067052676,0.420626214236728,0,0
0,0.479652987788362,0.444179187435296,0.448003792190074,0.448111399600384,0.458741102002555,0.333900062976361,0,0
