EGFR,PI3K_AKT,mTOR,MEK_ERK,PKC,TGFb-SMAD,STAT3,DPD_NC,DPD_LB
0,0.227396257765082,8.88178419700126e-16,8.88178419700126e-16,8.88178419700126e-16,8.88178419700126e-16,0.377092172744886,0,0
0,0,0,0,0,0,0,0,0
0,7.77156117237609e-16,0,0,7.77156117237609e-16,7.77156117237609e-16,0,0,0
4.44089209850063e-16,4.44089209850063e-16,4.44089209850063e-16,0,0,4.44089209850063e-16,4.44089209850063e-16,0,0
6.66133814775094e-16,0,0,6.66133814775094e-16,0,0,0,0,0
1.11022302462516e-16,0,0,1.11022302462516e-16,0,0,0,0,0
8.88178419700125e-16,8.88178419700125e-16,0,0,0,0,0,0,0
0,0,0,0,1.77635683940025e-15,0,0,0,0
0,4.44089209850063e-16,0.0140525542190407,4.44089209850063e-16,4.44089209850063e-16,4.44089209850063e-16,4.44089209850063e-16,0,0
