EGFR,PI3K_AKT,mTOR,MEK_ERK,PKC,TGFb-SMAD,STAT3,DPD_NC,DPD_LB
0,0.381740898705218,0.383818196840294,0.382028478518441,0.381760359331772,0.386588500907097,0.0947609007556977,0,0
0.377208194101242,0,0.00670724571842872,0.3741359260588,0,0.329061304934771,0.383452080480319,0,0
0.216722516742201,0.289917061729205,0,0.0281367496034874,0.461956334587132,0.238118101933688,0.112404860943678,0,0
0,0.091414706635419,0,0,0,0.15455378823489,0.0897821895858002,0,0
0,0.320532363438156,0,0,0,0.316136542834114,0,0,0
0,0.278427115985332,0,0,0,0,0.277408671003455,0,0
0,0,0,0,0,0.0629536411987425,0,0,0
0,0.00839024163369405,0,0,0,0.154263657338388,0.00746576504649806,0,0
0,0.476069107749698,0,0.474261590813169,0.474115171475258,0.476181038003183,0.474864621116618,0,0
