EGFR,PI3K_AKT,mTOR,MEK_ERK,PKC,TGFb-SMAD,STAT3,DPD_NC,DPD_LB
0,1,0,0,0,0,0,0,0
1,0,0.96228420236977,0.771234324035506,0,1,0.999632053006114,0,0
0,0,0,1,0,1,0,0,0
0.807358322283678,0.00102696482054939,0.999999999999999,0,0,0.999999999999999,0.999999999999999,0,0
1,0,0,0,0,0,0,0,0
0,0,0.999999999999999,0.999999999999999,0,0,0,0,0
0.155271797785328,0,0,0.999999999999999,0,0.999999999999999,0,0,0
0,1,1,1,1,1,1,0,0
0,0,0.186822075527958,0.978952700845817,0,1,1,0,0
