EGFR,PI3K_AKT,mTOR,MEK_ERK,PKC,TGFb-SMAD,STAT3,DPD_NC,DPD_LB
0,0.0405969346373856,1.11022302462516e-16,1.11022302462516e-16,1.11022302462516e-16,1.11022302462516e-16,0,0,0
4.44089209850063e-16,0,0.470695329171001,4.44089209850063e-16,0,0.470695329171001,4.44089209850063e-16,0,0
0,8.88178419700126e-16,0,8.88178419700126e-16,8.88178419700126e-16,8.88178419700126e-16,0,0,0
1.33226762955019e-15,0.115464276413412,0.115464276413412,0,0,0.115464276413412,1.33226762955019e-15,0,0
0,0,0,0,0,0,0,0,0
0,0,0,0,0,0,2.22044604925031e-16,0,0
2.22044604925031e-16,0,0,2.22044604925031e-16,2.22044604925031e-16,0,0,0,0
0,0,0,0,0,4.44089209850063e-16,0,0,0
0,2.22044604925031e-16,0,0.457364388645454,2.22044604925031e-16,0.153725625791857,0.442705265514592,0,0
