EGFR,PI3K_AKT,mTOR,MEK_ERK,PKC,TGFb-SMAD,STAT3,DPD_NC,DPD_LB
0,0.473134333017314,0.466019360876481,0.461959124066072,0.464028814598085,0.460712810039043,0,0,0
0.467273887766008,0,0.466855717187253,0.471383706999919,0,0.463920295972468,0.459410426229576,0,0
0,0.492272858860917,0,0.492329909969194,0.491401843399404,0,0,0,0
0.46727755080055,0.470773783896798,0.459865581239035,0,0,0.461860202251929,0.472021760612612,0,0
0.084559900104041,0,0,0,0,0,0,0,0
0.34095847343485,0,0,0.338967410563243,0,0,0,0,0
0.341482288971358,0,0,0.341346802103445,0,0,0,0,0
0,0.432402485005456,0.436262769786,0.434764015144876,0.427835691275194,0.429577169885595,0.433180581266268,0,0
0,0.432367658874359,0.427893309526516,0.434501719703766,0.429482398018893,0.430578292731431,0.432410886926305,0,0
