EGFR,PI3K_AKT,mTOR,MEK_ERK,PKC,TGFb-SMAD,STAT3,DPD_NC,DPD_LB
0,0.115653922672728,-0.102698863489333,0.179715619647357,-0.191362951882708,0.203305801126989,-0.0010645814333194,0,0
0,0,0,0,0,0,0,0,0
0,0,0,-0.219106188479153,0.274169621435237,-0.0742139043690782,0,0,0
0.838710745079095,-0.303009898823937,-0.253102291439783,0,0,0.628660587477519,0.401897149974216,0,0
0.834196264978962,0.558938857060595,0,0,0,0,0,0,0
-0.624044483459256,0,0,0.389687386731987,0,0,0.933779731603416,0,0
0,0,0,0,0,0.694253789393368,0,0,0
0,0.000561124837003521,-0.00119941927366066,0.29591782387666,0.225044454636442,0,0.0421103402449019,0,0
0,0.00708194368103393,-0.450930220111041,-0.489463670883143,-0.439220676307627,0.641144034097939,1.23928025187626,0,0
