EGFR,PI3K_AKT,mTOR,MEK_ERK,PKC,TGFb-SMAD,STAT3,DPD_NC,DPD_LB
0,0.00702061347505082,0,0.484668103503871,-0.00782037541808661,0.0130768339290717,0,0,0
-0.446388233317452,0,-0.580784922965178,-0.440153582922461,1.8416896174379,0.131491170874481,-0.534516188964835,0,0
0,0.311334894137628,0,0.953566316728561,0.951322439610639,-1.98974118224684,0,0,0
1.58426082751813,0,0,0,0,0,0,0,0
-2.18089038081273,0.499846560896527,0,0,0,0,0,0,0
1.79335362585344,0,0,-0.774077114586951,0,0,0,0,0
0,0,0.43900767264967,0,0,1.13881559988552,0,0,0
0,0,22.35957733589,0,0,21.3464376468815,0.481802020161531,0,0
0,0.119995303082234,0.43564506121084,0,-0.321730151743187,-0.552050089261542,-0.0474600927317397,0,0
