EGFR,PI3K_AKT,mTOR,MEK_ERK,PKC,TGFb-SMAD,STAT3,DPD_NC,DPD_LB
0,1,0,1,1,1,0,0,0
0.0225152293127694,0,0.17546414421541,0.193155620570404,0,1,0.17546414421541,0,0
0.0010352231408003,1,0,1,1,0,0.0010352231408003,0,0
0.00831933168649329,0.577270957265845,0.577270957265845,0,0.00760088362204158,0.763790311807243,0.999999999999999,0,0
1,0,0,0,0,0,0,0,0
1,0,0,0,0,0,0,0,0
0,0,0,1,0,0,0,0,0
0,0,0,1,1,0,0,0,0
0,1,0.00138320702581539,1,1,0.991332571066154,0.00138320702581539,0,0
