EGFR,PI3K_AKT,mTOR,MEK_ERK,PKC,TGFb-SMAD,STAT3,DPD_NC,DPD_LB
0,4.44089209850063e-16,4.44089209850063e-16,4.44089209850063e-16,4.44089209850063e-16,4.44089209850063e-16,0,0,0
4.44089209850063e-16,0,4.44089209850063e-16,0.0373658654803839,0.0373658654803838,4.44089209850063e-16,4.44089209850063e-16,0,0
0,0,0,0,0,0,0,0,0
2.22044604925031e-16,2.22044604925031e-16,2.22044604925031e-16,0,0,2.22044604925031e-16,2.22044604925031e-16,0,0
2.22044604925031e-16,0,0,0,0,0,0,0,0
0,0,0,0,0,0,5.55111512312578e-16,0,0
6.66133814775094e-16,0,0,6.66133814775094e-16,0,0.369066660378526,0,0,0
0,4.44089209850063e-16,4.44089209850063e-16,0.183536198546055,4.44089209850063e-16,4.44089209850063e-16,4.44089209850063e-16,0,0
0,0.426152475409868,0.324808948714167,0.495709617508651,0.0191151906763724,0.479514774932164,0.479894118080676,0,0
