EGFR,PI3K_AKT,mTOR,MEK_ERK,PKC,TGFb-SMAD,STAT3,DPD_NC,DPD_LB
0,0,0,0,0,0,0,0,0
6.66133814775094e-16,0,6.66133814775094e-16,6.66133814775094e-16,0.19953451680888,6.66133814775094e-16,0.0816103375914964,0,0
0.333027378946849,3.33066907387547e-16,0,0.333027378946849,0.342363920127515,0.342363920127515,0,0,0
2.22044604925031e-16,2.22044604925031e-16,2.22044604925031e-16,0,0.0814047021142837,2.22044604925031e-16,2.22044604925031e-16,0,0
4.44089209850063e-16,4.44089209850063e-16,0,0,0,0,0,0,0
2.22044604925031e-16,0,0,0,0,0,0,0,0
2.22044604925031e-16,0,0,0.20170518715968,0,2.22044604925031e-16,0,0,0
0,0,0,4.44089209850063e-16,4.44089209850063e-16,0,4.44089209850063e-16,0,0
0,4.44089209850063e-16,4.44089209850063e-16,4.44089209850063e-16,0,4.44089209850063e-16,0,0,0
