EGFR,PI3K_AKT,mTOR,MEK_ERK,PKC,TGFb-SMAD,STAT3,DPD_NC,DPD_LB
0,0.412147019470083,0.335336479261649,-0.127686654135724,-1.11475012597428,0.6476285451692,0,0,0
0.448033839424078,0,0.626077237682466,0.108361595606301,0,-0.968794945854812,-0.176032943984856,0,0
0,0.255275143570305,0,0.213073342740798,0.352114209827355,0,0,0,0
0.970759851717815,-0.0488211624770533,0.742740276907443,0,0,-0.814247171659488,-0.446141214396168,0,0
0,0,0.822363920627349,0,0,0,0,0,0
0,0,0,0,0,0,0,0,0
0,0,0.548903593908427,-0.262751275112539,0,0,0,0,0
0,0.000813361706484881,-0.00914268465903677,0.00278849422140721,0.703181011068883,0.921888965428091,-0.700469540088979,0,0
0,0.737276781703795,0.330267225415667,0.214060147638343,-1.00195271128979,0.244613540698092,-0.691593163507663,0,0
