EGFR,PI3K_AKT,mTOR,MEK_ERK,PKC,TGFb-SMAD,STAT3,DPD_NC,DPD_LB
0,0.46953983902842,0.456380918393793,0.462023218864915,0.463020193380924,0.462395866654694,0,0,0
0.465978155240148,0,0.466157613116939,0.467341934585103,0,0.469477578579872,0.463443360338103,0,0
0,0,0,0,0.0645353372505506,0,0,0,0
0.416268952812084,0.285501694051837,0.394184845933491,0,0,0.483869799791108,0.561647892731069,0,0
0,0.0403027801482577,0,0,0,0,0,0,0
0.254056834202223,0,0,0.259326802166442,0,0,0,0,0
0.422552255820705,0,0,0.417332745930688,0.420287180987775,0,0,0,0
0,0,0,0,0.163642560159993,0,0,0,0
0,0.406037684337864,0.404720633044409,0.40578277572956,0.415837403104511,0.457901555190216,0.447826248163664,0,0
