EGFR,PI3K_AKT,mTOR,MEK_ERK,PKC,TGFb-SMAD,STAT3,DPD_NC,DPD_LB
0,1,1,1,1,1,0,0,0
1,0,1,1,0,1,1,0,0
0,0,0,0,1,0,0,0,0
0.486367301803737,0.513632698196263,0.486367301803737,0,0,0.486367301803737,0.999999999999999,0,0
0,1,0,0,0,0,0,0,0
1,0,0,1,0,0,0,0,0
1,0,0,1,1,0,0,0,0
0,0,0,0,0.999999999999999,0,0,0,0
0,1,1,1,1,1,0.669774925605515,0,0
