EGFR,PI3K_AKT,mTOR,MEK_ERK,PKC,TGFb-SMAD,STAT3,DPD_NC,DPD_LB
0,2.22044604925031e-16,2.22044604925031e-16,0.497005174706266,2.22044604925031e-16,2.22044604925031e-16,0,0,0
2.22044604925031e-16,0,2.22044604925031e-16,2.22044604925031e-16,0,2.22044604925031e-16,2.22044604925031e-16,0,0
0,7.77156117237609e-16,0,7.77156117237609e-16,7.77156117237609e-16,0,0,0,0
4.44089209850063e-16,0.418431291506914,4.44089209850063e-16,0,0,4.44089209850063e-16,4.44089209850063e-16,0,0
0,0,2.22044604925031e-16,0,0,0,0,0,0
0,0,0,0,0,0,0,0,0
0,0,1.33226762955019e-15,1.33226762955019e-15,0,0,0,0,0
0,0.0596898691727301,0.131005805207381,0.131005805207381,1.11022302462516e-15,1.11022302462516e-15,1.11022302462516e-15,0,0
0,4.44089209850063e-16,0.422067708558908,4.44089209850063e-16,4.44089209850063e-16,0.422925397827153,0.422067708558908,0,0
