EGFR,PI3K_AKT,mTOR,MEK_ERK,PKC,TGFb-SMAD,STAT3,DPD_NC,DPD_LB
0,-0.450257046063424,-0.17247885898398,0.290465269235902,-0.209007532658964,-0.0118626828493033,0,0,0
0.686788215281157,0,-0.606396312482809,-0.318369399827418,0,1.26210305975492,-1.63324018814251,0,0
0,0,0,0,0,0,0,0,0
1.04592594237472,0.0298362085592542,0.568039538817295,0,0,0.502686002033137,-1.52757303443301,0,0
1.07016697408818,0,0,-0.476589935424468,0,0,0,0,0
0.783510951913281,0,1.04645350783203,-0.294441928463454,0,0,0,0,0
0,0,0,0,0,0,0,0,0
0,0,0,0.185002519604115,0.3430878460214,0.0580529418833742,0.84514937262859,0,0
0,1.64306367332097,-1.13050724192356,1.16696924351545,-2.46621646787476,1.10582960288854,-0.646312066474844,0,0
