EGFR,PI3K_AKT,mTOR,MEK_ERK,PKC,TGFb-SMAD,STAT3,DPD_NC,DPD_LB
0,-0.0448477263587726,0.322208537254012,0.379081766258302,0.385312435267892,-0.0237950768440781,0,0,0
0.408633565225845,0,-0.112579225665108,-0.0698141433965091,0.00946724333865593,0.0620384841945526,0.0517768589027064,0,0
0,0.275893155629687,0,0.129477978459726,0,0,0,0,0
0.261347196737514,0,0,0,0,0.948590306398372,-0.402246357156586,0,0
0.245174493748786,0,0,0,0,0.725081558708606,0,0,0
0,0,0,0,0,0,1.08567008032003,0,0
0,0,0,0,0,0.81931303138478,0,0,0
0,0,-0.510040010326232,0.242300852497457,0,0.652652409653484,-0.0774412165707883,0,0
0,0,1.50717355403109,0.258113802271227,-0.22247372033267,-0.350344475769073,-0.54818593136481,0,0
