EGFR,PI3K_AKT,mTOR,MEK_ERK,PKC,TGFb-SMAD,STAT3,DPD_NC,DPD_LB
0,0.0656355104782865,0.0126727707857917,-0.37567911156611,-0.0739878212403301,2.31409191675214,0,0,0
-1.02840077800298,0,-0.373407127922409,-0.196156326560446,0,2.37847777274574,1.29214250210419,0,0
0,0,0,0,0.428921016662969,0,0,0,0
0.240343906286518,0.225016112918032,0.00372639805204991,0,0,0.665152656844024,0.586361839992484,0,0
-0.10182948413585,0.464870699444095,0,0.238442739929747,0,0,0,0,0
0.415260429889178,0,0,0.223769505896931,0,0,0,0,0
0.406666087065033,0,0,0,0.374571000110886,0,0,0,0
0,0,0.372276431338116,0.517519788743382,0.304232023590487,-0.600424427477823,-0.146571329792526,0,0
0,0.386806379447117,0,0,0,0,0,0,0
