EGFR,PI3K_AKT,mTOR,MEK_ERK,PKC,TGFb-SMAD,STAT3,DPD_NC,DPD_LB
0,0.346396521731354,0.0430309964467095,-0.21033643818988,-0.325357670263373,0.664018318847343,0,0,0
0.917720135763724,0,-0.606331600675884,0.191525343230272,0,-0.30101677953212,1.18239042842933,0,0
0,0,0,0.186870879463914,0,0,0,0,0
1.98009532506183,-0.251190753703445,-0.587521562692514,0,0.0201108299058034,-0.626844322841716,2.49060359956035,0,0
0,0,0,0,0,0,1.47296774084102,0,0
0.475631905508638,0,0,0,0,0,0,0,0
0,0,0,0,0.435992050911693,0,0,0,0
0,0.173769787851016,0.313037587153808,0.209434207251602,0.157389429831286,-0.267168853242831,-0.134874828016533,0,0
0,0.266470633618601,0.0647380950392768,0.132095024348513,-0.420134259671411,1.78958626816484,0.117736027249348,0,0
