EGFR,PI3K_AKT,mTOR,MEK_ERK,PKC,TGFb-SMAD,STAT3,DPD_NC,DPD_LB
0,0.0615864441062555,-0.1403694843102,0.23078624324772,-0.224294511556781,0.957648959130806,0,0,0
-0.547369282784898,0,-0.996190505443753,0.171428261423876,0.0197664913541537,1.64900371641938,0.902697934985364,0,0
-0.723993635078666,0.951699732699172,0,0.28790802285686,0.0544597576333093,-0.124221984614805,0,0,0
-1.04113830300314,0.82446136377963,-0.454590942172636,0,0.00277398028158335,1.97381091947954,1.26211317874419,0,0
0.461180435879486,0.708418768724446,0,0,0,0,0,0,0
0.547505397311164,0,0,0,0,0,0,0,0
-0.35518267515585,0,0,0.00506232851173569,0,1.06730292767927,0,0,0
0,0,0,0.281736028140736,0.20528278745718,0,0.590866800623389,0,0
0,-0.368002209211808,-0.296554716722681,0.309878893574266,0,-0.633737850105064,0,0,0
