EGFR,PI3K_AKT,mTOR,MEK_ERK,PKC,TGFb-SMAD,STAT3,DPD_NC,DPD_LB
0,0.187113712007646,0.111487769365332,0.377057549940101,0.204936478285026,0.683096080302867,0,0,0
0.536059175523701,0,0.534806158034198,0.530487129713176,0,0.535774397512134,0.535442720691067,0,0
0,0,0,0,0.0396046270048159,0,0,0,0
0.613036032908633,0.60980094667289,0.0502243155315088,0,0,0.613736914372998,0.618223479407838,0,0
0.803922194907854,0.46063601605665,0,0.318667752529811,0,0,0,0,0
0.172237577467537,0,0,0.170606848146398,0,0,0,0,0
0.288774162895978,0,0,0,0.287427314117152,0,0,0,0
0,0,0.465222148008365,0.469544442924103,0.472463749615398,0.484261877197264,0.353127843183804,0,0
0,0.195654769156753,0,0,0,0,0,0,0
