EGFR,PI3K_AKT,mTOR,MEK_ERK,PKC,TGFb-SMAD,STAT3,DPD_NC,DPD_LB
0,0.516087505836213,0.516206807724123,0.516805431809003,0.51900311797839,0.517431402142656,0,0,0
0.595594693677828,0,0.595032214751131,0,0,0.59659385417821,0.591993349582169,0,0
0,0,0,0.270726349893031,0.274339325423906,0,0,0,0
0.154630670511766,0,0,0,0,0,0,0,0
0,0,0,0,0,0,0,0,0
0,0,0,0,0,0,0,0,0
0.415875393435428,0.41173612349112,0.419856457835967,0,0,0,0,0,0
0,0.475511878730624,0.0428779197622345,0.422786610174514,0.47493509887279,0.492109533321544,0.482552741635542,0,0
0,0.497162882986545,0.146876798361738,0.492374391756132,0.497840439689684,0.496948768167063,0.503000825742184,0,0
