EGFR,PI3K_AKT,mTOR,MEK_ERK,PKC,TGFb-SMAD,STAT3,DPD_NC,DPD_LB
0,1,1,1,1,1,0,0,0
1,0,1,0.998601837237793,0.00139816276220777,1,1,0,0
0,0,0,0,0,0,0,0,0
1,1,1,0,0,1,1,0,0
1,0,0,0,0,0,0,0,0
0,0,0,0,0,0,0.999999999999999,0,0
1,0,0,1,0,0.837327437658194,0,0,0
0,1,1,0.965096187710955,1,1,1,0,0
0,0.761522595012443,0.880130433976548,0.565360348143406,0.999634475877523,0.64165302898899,0.640362514339015,0,0
