EGFR,PI3K_AKT,mTOR,MEK_ERK,PKC,TGFb-SMAD,STAT3,DPD_NC,DPD_LB
0,0.489985349418466,0.486623122834695,0.48960058527156,0.491913048017267,0.487907935812028,0,0,0
0.546074227631584,0,0.475878662164555,0.479792649216634,0.106494307106922,0.534151854668109,0.515579513799717,0,0
0.495874283553406,0.413515409182879,0,0.424966984280982,0.159247350025408,0.32444853554039,0,0,0
0.479086010949227,0.462899594845227,0.465454264334944,0,0.0365465883328289,0.484988038499276,0.468736367040794,0,0
0.181823621530572,0.179495677394413,0,0,0,0,0,0,0
0.0476133718804613,0,0,0,0,0,0,0,0
0.411160052504301,0,0,0.0443718255183258,0,0.411601057919549,0,0,0
0,0,0,0.747666374728985,0.739577862953735,0,0.743786839630647,0,0
0,0.63754495618421,0.635247680026197,0.634354516620338,0,0.639042319709617,0,0,0
