EGFR,PI3K_AKT,mTOR,MEK_ERK,PKC,TGFb-SMAD,STAT3,DPD_NC,DPD_LB
0,0.460661827755069,0.398934400626007,0.460356001965825,0.459977401211632,0.470728273969494,0,0,0
0.474044058477444,0,0.468694402363555,0.476135226933729,0,0.476203098519695,0.472339736724092,0,0
0,0,0,0.10078465601327,0,0,0,0,0
0.52687994025013,0.530089090091721,0.53205819189077,0,0.175909900762071,0.597839809503989,0.586893904086193,0,0
0,0,0,0,0,0,0.0766699560450653,0,0
0.057747075549859,0,0,0,0,0,0,0,0
0,0,0,0,0.0935509685675072,0,0,0,0
0,0.467831506200325,0.470203481434766,0.469357036032785,0.468172282761274,0.47291575467746,0.488855101797161,0,0
0,0.403170593431089,0.245958695041973,0.276083161477354,0.564613760521233,1.1950590199516,0.284665007735265,0,0
