EGFR,PI3K_AKT,mTOR,MEK_ERK,PKC,TGFb-SMAD,STAT3,DPD_NC,DPD_LB
0,0.278864782681853,4.44089209850063e-16,4.44089209850063e-16,4.44089209850063e-16,4.44089209850063e-16,0,0,0
7.77156117237609e-16,0,0.464905071466955,0.497097585837551,0.170731989911722,0.491591413623295,0.494819772214138,0,0
0,1.11022302462516e-15,0,1.11022302462516e-15,0,0,0,0,0
0.27376620145727,0,0,0,0,4.44089209850063e-16,4.44089209850063e-16,0,0
4.44089209850063e-16,0,0,0,0,4.44089209850063e-16,0,0,0
0,0,0,0,0,0,0,0,0
0,0,0,0,0,4.44089209850063e-16,0,0,0
0,0,2.22044604925031e-16,2.22044604925031e-16,0,2.22044604925031e-16,2.22044604925031e-16,0,0
0,0,2.22044604925031e-16,2.22044604925031e-16,0.324479257185969,2.22044604925031e-16,2.22044604925031e-16,0,0
