EGFR,PI3K_AKT,mTOR,MEK_ERK,PKC,TGFb-SMAD,STAT3,DPD_NC,DPD_LB
0,1,1,1,1,1,0,0,0
0.999999999999999,0,0.999999999999999,0,0,0.999999999999999,0.999999999999999,0,0
0,0,0,1,1,0,0,0,0
0.999999999999999,0,0,0,0,0,0,0,0
0,0,0,0,0,0,0,0,0
0,0,0,0,0,0,0,0,0
1,1,1,0,0,0,0,0,0
0,1,0.0319683169843284,0.75000844880824,1,1,1,0,0
0,1,0.161036969799352,1,1,1,1,0,0
