EGFR,PI3K_AKT,mTOR,MEK_ERK,PKC,TGFb-SMAD,STAT3,DPD_NC,DPD_LB
0,1,1,0.554642989625331,1,1,0,0,0
1,0,1,1,0,1,1,0,0
0,0.999999999999999,0,0.999999999999999,0.999999999999999,0,0,0,0
1,0.226293488773365,1,0,0,1,1,0,0
0,0,1,0,0,0,0,0,0
0,0,0,0,0,0,0,0,0
0,0,1,1,0,0,0,0,0
0,0.00357566586825907,0.0174676394251201,0.0174676394251201,1,1,1,0,0
0,1,0.768065009637275,1,1,0.766709782109214,0.768065009637275,0,0
