EGFR,PI3K_AKT,mTOR,MEK_ERK,PKC,TGFb-SMAD,STAT3,DPD_NC,DPD_LB
0,0.0672847710674619,-0.305350432474805,0.301288348190937,0.40169402151578,-0.339412397787624,0,0,0
0.0792309440785869,0,-0.452509283385623,0,0,-1.05615302589442,0.368066537895264,0,0
0,0,0,0.347144198043945,0.591512079720434,0,0,0,0
0.746608331517252,0,0,0,0,0,0,0,0
0,0,0,0,0,0,0,0,0
0,0,0,0,0,0,0,0,0
-0.757827133097295,0.506339061925435,-0.869072838681047,0,0,0,0,0,0
0,0.383838678685235,0.000735681554161979,0.0862581970367112,-1.35855497302141,0.922116222823026,0.543115915326469,0,0
0,0.611780288962912,-0.0294354991626769,0.357120622145374,-1.79740437183699,-0.495286885095409,0.408801798793772,0,0
