EGFR,PI3K_AKT,mTOR,MEK_ERK,PKC,TGFb-SMAD,STAT3,DPD_NC,DPD_LB
0,-9.55054167845568e-05,0.0839690239000989,-0.230503729441736,-0.134694779235659,1.72293332428706,0,0,0
2.09221032475215,0,0.526171086314416,1.30549232930162,1.31457286189835,-2.18347710352645,-1.47576611110531,0,0
0,0,0,0,0.461978959694776,0,0,0,0
0.371551814927808,0.0375866354897202,-0.712636712037318,0,0,-0.211481448203416,-0.868328179405449,0,0
0.429423160429275,0.437668635051776,0,0,0,0,0,0,0
0.68093752602204,0,0,0,0,0,0,0,0
0,0,-0.819704982543087,-0.930556961688235,0,0,0,0,0
0,0.0241203156103461,0.933647522202165,0.540587687220606,0.968212742127395,1.94847360923236,-1.24596148627243,0,0
0,0,0,0,0,1.84970418984629,0,0,0
