EGFR,PI3K_AKT,mTOR,MEK_ERK,PKC,TGFb-SMAD,STAT3,DPD_NC,DPD_LB
0,0.250117153825486,0.0588336632048987,0.301753562618218,-0.478397259482754,0.409769962582084,0,0,0
0.659293732476573,0,-0.236337316308855,-0.0851716308436044,0,-0.391542366650097,1.08710781653181,0,0
0,0,0,0,0.711708040260864,0,0,0,0
0.197921522972639,0.0875926249171246,0.14324340377434,0,0,-0.310735713835161,0.541283857176085,0,0
0,0.415705058328481,0,0,0,0,0,0,0
0.229194791922161,0,0,-0.228252323247237,0,0,0,0,0
0.264324234865711,0,0,-0.266937546919142,0.397683637310608,0,0,0,0
0,0,0,0,0.329176191618401,0,0,0,0
0,0.607705578482724,0.410193439006154,0.517944082612543,-1.23478571148473,-0.547993539380825,-0.418803919063071,0,0
