EGFR,PI3K_AKT,mTOR,MEK_ERK,PKC,TGFb-SMAD,STAT3,DPD_NC,DPD_LB
0,0.0485949114477331,2.22044604925031e-16,2.22044604925031e-16,2.22044604925031e-16,2.22044604925031e-16,0,0,0
1.33226762955019e-15,0,1.33226762955019e-15,1.33226762955019e-15,1.33226762955019e-15,1.33226762955019e-15,1.33226762955019e-15,0,0
0,0,0,0,1.33226762955019e-15,0,0,0,0
0,0.497766973788067,0,0,0,0,0,0,0
1.4432899320127e-15,1.4432899320127e-15,0,0,0,0,0,0,0
5.55111512312578e-16,0,0,0,0,0,0,0,0
0,0,1.11022302462516e-15,1.11022302462516e-15,0,0,0,0,0
0,0.395569889980489,9.99200722162641e-16,9.99200722162641e-16,9.99200722162641e-16,9.99200722162641e-16,9.99200722162641e-16,0,0
0,0,0,0,0,4.44089209850063e-16,0,0,0
