EGFR,PI3K_AKT,mTOR,MEK_ERK,PKC,TGFb-SMAD,STAT3,DPD_NC,DPD_LB
0,0.475810915921554,0.212341065004692,0.468783252068251,0.53097428363597,0.540203006583323,0.19565598214646,0,0
0.59542317985067,0,0.0746728104411149,0.594377346486638,0,0.590364249122596,0.595679786022343,0,0
0,0.304585734242566,0,0.301061936011661,0,0,0,0,0
0.458892835876883,0.179732979483522,0.0117198320390033,0,0.0451900012324114,0.46236479503145,0.464560402933,0,0
0,0.0405651579577824,0,0,0,0,0,0,0
0.288279820796968,0,0,0.286621846711792,0,0,0.288892714590904,0,0
0.276599514556879,0,0,0.269856722119917,0,0.278154099917856,0,0,0
0,0.448549810848468,0.445319365097299,0.445340742817938,0.445420149064833,0.444672103872736,0.445341967023626,0,0
0,0.151570836666167,0.132824799943121,0.553994669830457,0.217748487611665,0.563854781871153,0.579770245127675,0,0
