EGFR,PI3K_AKT,mTOR,MEK_ERK,PKC,TGFb-SMAD,STAT3,DPD_NC,DPD_LB
0,1,0.284957383673054,0.979334092007102,1,1,0.0794668348295797,0,0
0.999999999999999,0,0.0513226737383214,0.9307915365106,0,0.9307915365106,0.999999999999999,0,0
0,1,0,1,0,0,0,0,0
1,0.237182088770706,0.00264573467896803,0,0.00264573467896803,1,1,0,0
0,1,0,0,0,0,0,0,0
1,0,0,1,0,0,1,0,0
0.999999999999999,0,0,0.999999999999999,0,0.999999999999999,0,0,0
0,0.999999999999999,0.999999999999999,0.999999999999999,0.999999999999999,0.999999999999999,0.999999999999999,0,0
0,0.112147090594613,0.112147090594613,1,0.112147090594613,0.835360266058185,1,0,0
