EGFR,PI3K_AKT,mTOR,MEK_ERK,PKC,TGFb-SMAD,STAT3,DPD_NC,DPD_LB
0,2.22044604925031e-16,0.451394143917776,0.142263235727741,2.22044604925031e-16,2.22044604925031e-16,0.270465999696354,0,0
5.55111512312578e-16,0,0.220655063161196,0.253808297876244,0,0.253808297876244,5.55111512312578e-16,0,0
0,4.44089209850063e-16,0,4.44089209850063e-16,0,0,0,0,0
2.22044604925031e-16,0.425354846612885,0.0513686165569653,0,0.0513686165569653,2.22044604925031e-16,2.22044604925031e-16,0,0
0,8.88178419700126e-16,0,0,0,0,0,0,0
1.11022302462516e-16,0,0,1.11022302462516e-16,0,0,1.11022302462516e-16,0,0
7.77156117237609e-16,0,0,7.77156117237609e-16,0,7.77156117237609e-16,0,0,0
0,1.22124532708767e-15,1.22124532708767e-15,1.22124532708767e-15,1.22124532708767e-15,1.22124532708767e-15,1.22124532708767e-15,0,0
0,0.315547335063659,0.315547335063659,2.22044604925031e-16,0.315547335063659,0.370855082140428,2.22044604925031e-16,0,0
