EGFR,PI3K_AKT,mTOR,MEK_ERK,PKC,TGFb-SMAD,STAT3,DPD_NC,DPD_LB
0,0.17627084437613,0.123319183026765,1,0.17627084437613,1,0,0,0
1,0,1,1,0,1,1,0,0
0,0,0,0,1,0,0,0,0
1,0.962644560335902,0.0345809099162005,0,0,1,1,0,0
1,0.571122699215588,0,0.428877300784412,0,0,0,0,0
0.999999999999998,0,0,0.999999999999998,0,0,0,0,0
1,0,0,0,1,0,0,0,0
0,0,1,1,1,1,0.538509705364594,0,0
0,1,0,0,0,0,0,0,0
