EGFR,PI3K_AKT,mTOR,MEK_ERK,PKC,TGFb-SMAD,STAT3,DPD_NC,DPD_LB
0,0.406418457065942,0.425696981274176,0.315950129720539,0.419172179723852,0.542091429909303,0,0,0
0.482144423869467,0,0.470325186348611,0.472938621133741,0,0.473644619501476,0.47375629432282,0,0
0,0.422255442900708,0,0.415079095914576,0.418556306590408,0,0,0,0
0.464567709730951,0.186582153522512,0.47964723270249,0,0,0.464994826462152,0.469374169678887,0,0
0,0,0.030697939114775,0,0,0,0,0,0
0,0,0,0,0,0,0,0,0
0,0,0.387237585923811,0.385021501572797,0,0,0,0,0
0,0.0164898310846144,0.080064911413022,0.0369454419691186,0.829449076323557,0.830745269581984,0.834697902680805,0,0
0,0.420405402977727,0.417184971503607,0.430342413684194,0.422654730618058,0.397292270518926,0.533603699940622,0,0
