EGFR,PI3K_AKT,mTOR,MEK_ERK,PKC,TGFb-SMAD,STAT3,DPD_NC,DPD_LB
0,1,0.710055379117937,1,1,1,0,0,0
1,0,1,1,0,1,1,0,0
0,0,0,1,0,0,0,0,0
1,1,1,0,0.0131422135262206,1,1,0,0
0,0,0,0,0,0,1,0,0
1,0,0,0,0,0,0,0,0
0,0,0,0,1,0,0,0,0
0,1,0.946253657338906,1,1,1,0.966340279068353,0,0
0,0.397593049376369,0.351428342151873,0.397593049376369,0.397593049376369,0.999999999999999,0.393225756464964,0,0
