EGFR,PI3K_AKT,mTOR,MEK_ERK,PKC,TGFb-SMAD,STAT3,DPD_NC,DPD_LB
0,2.22044604925031e-16,2.22044604925031e-16,2.22044604925031e-16,2.22044604925031e-16,2.22044604925031e-16,0,0,0
1.33226762955019e-15,0,1.33226762955019e-15,1.33226762955019e-15,0,1.33226762955019e-15,0.191630346376696,0,0
0,0,0,0,0,0,0,0,0
7.77156117237609e-16,7.77156117237609e-16,7.77156117237609e-16,0,0,7.77156117237609e-16,0.457563093618498,0,0
0,0,0,0,0,0,0,0,0
0,0,0,0,0,0,0,0,0
1.11022302462516e-15,0,0,1.11022302462516e-15,0,0,0,0,0
0,0,0,9.9920072216264e-16,0,9.9920072216264e-16,9.9920072216264e-16,0,0
0,8.88178419700125e-16,0,8.88178419700125e-16,8.88178419700125e-16,8.88178419700125e-16,8.88178419700125e-16,0,0
