EGFR,PI3K_AKT,mTOR,MEK_ERK,PKC,TGFb-SMAD,STAT3,DPD_NC,DPD_LB
0,0.44048654239417,0.211289974174076,0.220720360364806,-0.312105668150075,-0.141209995173492,0,0,0
1.0070290891259,0,-0.430700807464166,-0.30483373403674,0,-0.21967088998608,0.342860981297426,0,0
0,0,0,0,0,0,0,0,0
0.595120450758188,-0.126821691464703,-0.286561067599373,0,0,0.019373782968161,-0.0336160201289395,0,0
0,0,0,0,0,0,0,0,0
0,0,0,0,0,0,0,0,0
0.356533266077904,0,0,-0.429203180282544,0,0,0,0,0
0,0,0,0.314876210851091,0,0.61373916792349,0.564974317910133,0,0
0,2.05832380690046,0,2.41157642865262,-7.45471360433668,-3.7196415784478,1.90880102892605,0,0
