EGFR,PI3K_AKT,mTOR,MEK_ERK,PKC,TGFb-SMAD,STAT3,DPD_NC,DPD_LB
0,1.11022302462516e-16,0.453736418753906,1.11022302462516e-16,1.11022302462516e-16,1.11022302462516e-16,0,0,0
2.22044604925031e-16,0,2.22044604925031e-16,2.22044604925031e-16,0,2.22044604925031e-16,2.22044604925031e-16,0,0
0,0,0,0,0,0,0,0,0
2.22044604925031e-16,2.22044604925031e-16,2.22044604925031e-16,0,0.113883693959459,2.22044604925031e-16,2.22044604925031e-16,0,0
0,0,0,0,0,0,1.11022302462516e-16,0,0
2.22044604925031e-16,0,0,0,0,0,0,0,0
0,0,0,0,6.66133814775094e-16,0,0,0,0
0,4.44089209850063e-16,0.225516459070398,4.44089209850063e-16,4.44089209850063e-16,4.44089209850063e-16,0.180351723358694,0,0
0,0.48940046635038,0.477416445552789,0.48940046635038,0.48940046635038,6.66133814775094e-16,0.488466233139529,0,0
