EGFR,PI3K_AKT,mTOR,MEK_ERK,PKC,TGFb-SMAD,STAT3,DPD_NC,DPD_LB
0,1.11022302462516e-15,1.11022302462516e-15,1.11022302462516e-15,1.11022302462516e-15,1.11022302462516e-15,0,0,0
6.66133814775094e-16,0,6.66133814775094e-16,0,0,6.66133814775094e-16,6.66133814775094e-16,0,0
0,0,0,2.22044604925031e-16,2.22044604925031e-16,0,0,0,0
7.77156117237609e-16,0,0,0,0,0,0,0,0
0,0,0,0,0,0,0,0,0
0,0,0,0,0,0,0,0,0
2.22044604925031e-16,2.22044604925031e-16,2.22044604925031e-16,0,0,0,0,0,0
0,2.22044604925031e-16,0.175915728954286,0.433007823860606,2.22044604925031e-16,2.22044604925031e-16,2.22044604925031e-16,0,0
0,2.22044604925031e-16,0.367565047518388,2.22044604925031e-16,2.22044604925031e-16,2.22044604925031e-16,2.22044604925031e-16,0,0
