EGFR,PI3K_AKT,mTOR,MEK_ERK,PKC,TGFb-SMAD,STAT3,DPD_NC,DPD_LB
0,0.00914079404953571,0.553055532118253,0.551529099980651,0.553090044344961,0.550082835645344,0,0,0
0.404053501787831,0,0.405473144042194,0.403709798071981,0.404010115663727,0.402662015409696,0.402825810542179,0,0
0,0,0,0,0.0571003796232385,0,0,0,0
0.470476758780445,0.27358679311089,0.45067993362881,0,0,0.441150494364951,0.440733780945515,0,0
0.158660637295269,0.156107124083357,0,0,0,0,0,0,0
0.0301775042694903,0,0,0,0,0,0,0,0
0,0,0.292844317596414,0.292307824850528,0,0,0,0,0
0,0.150517779730832,0.465807509351987,0.467013839129869,0.476489039381841,0.470653442776343,0.482993637226626,0,0
0,0,0,0,0,0.188098762888179,0,0,0
