EGFR,PI3K_AKT,mTOR,MEK_ERK,PKC,TGFb-SMAD,STAT3,DPD_NC,DPD_LB
0,0.533913879250717,0.083706601595099,-0.0984390045603425,-0.781074255595743,1.47063282017455,0,0,0
0.498776256556976,0,-0.696057989319448,-0.0171329292956655,0.000832344353146082,-2.30090804815862,1.10358085804721,0,0
0,0,0,0,0,0,0,0,0
0.648932878931669,-0.575020021361609,-1.01590842174328,0,0,-1.74534592886004,-0.342795273048151,0,0
0.60887754431399,0,0,0,0,0,0,0,0
0,0,0,0,0,0,0.647126537510448,0,0
0.33101715774006,0,0,-0.321693490183196,0,0.555164836510097,0,0,0
0,-0.401066683523108,-0.184391080741168,0.375102381701055,-0.537425964685964,0.397793972494986,1.13754556583912,0,0
0,1682.32112259738,566.982245337751,1945.67996760482,-3071.31197349395,2980.89923922872,264.279667460244,0,0
