EGFR,PI3K_AKT,mTOR,MEK_ERK,PKC,TGFb-SMAD,STAT3,DPD_NC,DPD_LB
0,0.502618860112745,0.502286987192944,0.505486903755521,0.502315370709073,0.500683987744775,0,0,0
0.458186578511417,0,0.461301485141894,0.457660066397074,0,0.464215925643858,0.464976988810762,0,0
0,0,0,0,0,0,0,0,0
0.49408092356875,0.156532176855067,0.510174502486006,0,0,0.51054394290032,0.507554892408043,0,0
0.332562985557481,0,0,0.330454597438183,0,0,0,0,0
0.398420577178108,0,0.397307967874679,0.395869776346844,0,0,0,0,0
0,0,0,0,0,0,0,0,0
0,0,0,0.82288746655284,0.82098155395488,0.826616560978575,0.830594509343493,0,0
0,0.417879062549887,0.417094316884344,0.41453709300294,0.421078374603487,0.417397515973996,0.418409977874822,0,0
