EGFR,PI3K_AKT,mTOR,MEK_ERK,PKC,TGFb-SMAD,STAT3,DPD_NC,DPD_LB
0,0.0226696676652894,0.0448589061747527,-0.239053676883032,0.32847204741616,0.984592981388499,0.0505027167029343,0,0
0.513187007184169,0,-0.00597020099154431,0.0241610383343713,0,-0.11723822264982,-0.236236730221131,0,0
0,0.242982919478417,0,0.222867239162548,0,0,0,0,0
1.88265506466448,-0.0106512499167917,0.000476582965915343,0,-0.00225231187927089,-0.534860324264721,-0.468442592478068,0,0
0,0.417794443322906,0,0,0,0,0,0,0
-0.754238660299633,0,0,0.516748917985079,0,0,1.43281689586653,0,0
0.573138262042474,0,0,-0.370640940734066,0,0.549807724215843,0,0,0
0,-0.174543329537632,-0.415752207829549,0.0466160406402181,0.862086584922639,1.00670650121388,-0.456598112123012,0,0
0,0.0391557520077477,0.0318660214514998,0.776897076105957,-0.0680724500794239,-0.253517556033763,0.850186094088187,0,0
