EGFR,PI3K_AKT,mTOR,MEK_ERK,PKC,TGFb-SMAD,STAT3,DPD_NC,DPD_LB
0,0.915011364880293,1,1,1,1,0,0,0
0.999999999999999,0,0.315980233332651,0.446204180882916,0.0300525693007955,0.591312003875999,0.571787136911484,0,0
0,0.999999999999999,0,0.999999999999999,0,0,0,0,0
0.918392240534714,0,0,0,0,1,1,0,0
1,0,0,0,0,1,0,0,0
0,0,0,0,0,0,1,0,0
0,0,0,0,0,1,0,0,0
0,0,1,1,0,1,1,0,0
0,0,1,1,0.880411897363952,1,1,0,0
