EGFR,PI3K_AKT,mTOR,MEK_ERK,PKC,TGFb-SMAD,STAT3,DPD_NC,DPD_LB
0,0.48664272830236,0.484593245366232,0.488743373196513,0.482478335424138,0.486194736691375,0,0,0
0.43662378185907,0,0.434075175917633,0.441618751758703,0,0.434110978461365,0.444053423770622,0,0
0,0,0,0,0,0,0,0,0
0.533079274625234,0.534538006649678,0.528623743940142,0,0,0.533354221180784,0.230170717429807,0,0
0,0,0,0,0,0,0,0,0
0,0,0,0,0,0,0,0,0
0.192055149429311,0,0,0.19462818470378,0,0,0,0,0
0,0,0,0.840605803668686,0,0.838179729773845,0.832824082065169,0,0
0,0.474059045989797,0,0.471784404398209,0.477251207369736,0.465271616773008,0.46989107578565,0,0
