EGFR,PI3K_AKT,mTOR,MEK_ERK,PKC,TGFb-SMAD,STAT3,DPD_NC,DPD_LB
0,0.448320922843669,0.447124516009421,0.445369279542138,0.447827798758719,0.446280479165881,0,0,0
0.412505902505337,0,0.238572746731657,0.248308524555273,0.23271755773752,0.275825145938026,0.408598231736361,0,0
0,0.460241129376247,0,0.459149502358584,0.46230997487469,0,0,0,0
0.470361804101781,0.476723643906597,0.472964537791759,0,0,0.48325894379971,0.475785440640213,0,0
0,0,0,0,0,0.0485768190644762,0,0,0
0,0,0.273075409026978,0.27062314484397,0,0,0,0,0
0.415068306657974,0,0.412648283044571,0,0.414886644538421,0,0,0,0
0,0.487080910705722,0.341166214141238,0.224915950481935,0.572541732284865,0.497499655828421,0.403578475464476,0,0
0,0,0.0214566402456665,0.239234947357774,0.0249078500514282,0,0.0304246670815226,0,0
