EGFR,PI3K_AKT,mTOR,MEK_ERK,PKC,TGFb-SMAD,STAT3,DPD_NC,DPD_LB
0,0.49767202271008,0.24951679118092,0.421524879309514,0.69815227124061,-0.036081040317148,0,0,0
0.231570618616559,0,-0.0736497283521068,-0.0297527159378028,-0.0352533968150525,-0.109752595755144,0.45624033893209,0,0
0,0.993738985640636,0,0.332310343916364,1.97321401140986,0,0,0,0
0.650490374979388,-0.478824092026617,-0.102444298474762,0,0,-0.433881121484219,0.668971036556154,0,0
0,0,0,0,0,0.96941450813566,0,0,0
0,0,-0.387453154466756,0.175892140146942,0,0,0,0,0
0.322628532543724,0,-0.890741383337168,0,-0.974304484321556,0,0,0,0
0,-0.54340024893076,-0.191621088182118,0.0573251698770582,-0.855271509275612,1.97673275499972,-0.25953592837912,0,0
0,0,0.000437800705684201,0.191045661075234,-0.00142509210585775,0,0.00222316056027996,0,0
