EGFR,PI3K_AKT,mTOR,MEK_ERK,PKC,TGFb-SMAD,STAT3,DPD_NC,DPD_LB
0,0,0,0.405331244154612,0,0.426779210802691,0,0,0
1.77634689794242,0,0,-0.718916603578723,0,-0.432926531506063,-0.0546058647949128,0,0
0.0412846906485321,-0.019779454418046,0,0.277845670787723,0.446135487886731,0,0,0,0
1.50312807770317,-0.0442181439193005,0.299589455296569,0,0,-1.21774538424706,0.392931835346668,0,0
2.70520797304015,0,0,-0.99749080234182,0,0,0,0,0
0,0,0,0,0,0,0.859316820172321,0,0
0,0,0,0,0,1.02278128823786,0,0,0
0,-0.0310266359069349,0,0.301929659276919,0.434759801978063,-0.461296541919862,1.1535017149683,0,0
0,0,0,0.729216590419471,0,-0.268289743391624,-0.422903676632396,0,0
