EGFR,PI3K_AKT,mTOR,MEK_ERK,PKC,TGFb-SMAD,STAT3,DPD_NC,DPD_LB
0,1.27816222297307,0,0.919859495093852,0.3071823101866,0.0315068423977313,0,0,0
-0.0524880814006167,0,0,0.0398650199256108,0,-0.0173547229973962,0.0386327932664124,0,0
0,0,0,0.194549560871907,0.314521678826462,0,0,0,0
-1.79523604528298,0.410154526778582,-0.0156907063121436,0,0,1.37463061041334,0.354028289554017,0,0
-0.694146918054043,0,0,0,0,0,-1.04596567664103,0,0
0,0,0,0,0,0,0,0,0
-0.77678109364501,0,0,0.050302916029788,-1.0342645540824,1.13634434232966,0,0,0
0,-0.285746991907599,-0.453245529240522,0.493864455685022,2.31004998098482,0.885066750804088,-0.874678618087309,0,0
0,-0.459312358467092,0,0,-1.22678368841905,1.07312547393385,-0.593042812752073,0,0
