EGFR,PI3K_AKT,mTOR,MEK_ERK,PKC,TGFb-SMAD,STAT3,DPD_NC,DPD_LB
0,0,0,0.452742488302789,0,0.447522698462033,0,0,0
0.555839437194862,0,0,0.553243222407797,0,0.547002517378527,0.545151038069272,0,0
0.329659006939472,0.159175535213254,0,0.245253137430627,0.216301328945783,0,0,0,0
0.420906010798407,0.334523914854777,0.422509677798353,0,0,0.420886233103854,0.419361707532396,0,0
0.292415213794524,0,0,0.293668184712263,0,0,0,0,0
0,0,0,0,0,0,0.040311572227172,0,0
0,0,0,0,0,0.0376457740289119,0,0,0
0,0.135179634817117,0,0.594050458712712,0.583964958019045,0.605202822458589,0.597216021693668,0,0
0,0,0,0.60386915108269,0,0.602464704632392,0.601926688134401,0,0
