EGFR,PI3K_AKT,mTOR,MEK_ERK,PKC,TGFb-SMAD,STAT3,DPD_NC,DPD_LB
0,0,0,1,0,1,0,0,0
0.999999999999999,0,0,0.999999999999999,0,0.999999999999999,0.999999999999999,0,0
0.015511548981852,0.015511548981852,0,1,1,0,0,0,0
1,0.616942473425598,1,0,0,1,1,0,0
1,0,0,1,0,0,0,0,0
0,0,0,0,0,0,1,0,0
0,0,0,0,0,0.999999999999999,0,0,0
0,0.107737674707697,0,1,1,1,1,0,0
0,0,0,1,0,1,1,0,0
