EGFR,PI3K_AKT,mTOR,MEK_ERK,PKC,TGFb-SMAD,STAT3,DPD_NC,DPD_LB
0,0,0,0.611686513874931,0,0,0,0,0
0.755003985220407,0,0,-0.416195624435992,-0.00368199650738357,-0.290395900128552,0.59789130600746,0,0
1.84670424517767,0,0,-0.680596838372445,1.49424000275915,0,0,0,0
0,0,0,0,0,0,0.556938201655755,0,0
0,0,0,0,0,0,0,0,0
-1.58716983361711,0,0,0.933089088509306,0,0,0,0,0
-0.86630612233079,0,0,0.188526359603547,-1.41857975017942,0,0,0,0
0,0.0359366583198493,0,-0.0157784222973868,-0.0475590612147889,0.0598399299921358,0.339787937589833,0,0
0,-0.0162982747772141,0,0.0959139467202173,-1.15208404882735,-0.105581566791308,-0.11937808711397,0,0
