EGFR,PI3K_AKT,mTOR,MEK_ERK,PKC,TGFb-SMAD,STAT3,DPD_NC,DPD_LB
0,0.276097847342343,-0.00448457329324055,0.260611274695553,-0.151479860376639,1.23569447067131,0,0,0
1.41252776499969,0,0.0773071218146493,-0.697418185261739,0,-0.733460020801222,-0.107478681143014,0,0
0,0,0,0,0,0,0,0,0
1.09762480598852,0.00166024533856645,0.0164220863403021,0,0,-0.671687792085324,0.0397997538812312,0,0
0,0,0,0,0,0,0,0,0
0.426560535778052,0,0,0,0,0,0,0,0
0.881448535827786,0,0,-0.56953324003761,0,0,0,0,0
0,-0.54469672259292,-0.174122368085044,0.241317822285302,0.631707469378212,-0.840898063459342,1.77760271153199,0,0
0,0.010784854942076,0.0039577578704409,0.221200706311152,0.00143706668524538,-0.0260141036135358,0.0198132366693268,0,0
