EGFR,PI3K_AKT,mTOR,MEK_ERK,PKC,TGFb-SMAD,STAT3,DPD_NC,DPD_LB
0,0.999999999999999,0,0.999999999999999,0.90163610681941,0.640133421104343,0,0,0
0.1133862937549,0,0,0.1133862937549,0,0.1133862937549,0.1133862937549,0,0
0,0,0,0.999999999999999,0.999999999999999,0,0,0,0
1,1,0.070285376718037,0,0,1,1,0,0
1,0,0,0,0,0,1,0,0
0,0,0,0,0,0,0,0,0
1,0,0,0.243514162526496,1,1,0,0,0
0,0.927259715665563,0.927259715665563,1,1,0.927259715665563,1,0,0
0,0.952660840225596,0,0,1,1,1,0,0
