EGFR,PI3K_AKT,mTOR,MEK_ERK,PKC,TGFb-SMAD,STAT3,DPD_NC,DPD_LB
0,0,0,1,0,0,0,0,0
1,0,0,1,0.0108975521126726,0.99080273802437,1,0,0
0.999999999999999,0,0,0.999999999999999,0.999999999999999,0,0,0,0
0,0,0,0,0,0,1,0,0
0,0,0,0,0,0,0,0,0
0.999999999999999,0,0,0.999999999999999,0,0,0,0,0
1,0,0,0.768240584940735,1,0,0,0,0
0,0.0760652938887371,0,0.0760652938887371,0.0760652938887371,0.0760652938887371,1,0,0
0,0.247606558911207,0,0.535368526295,0.999999999999999,0.247606558911207,0.749938142537562,0,0
