EGFR,PI3K_AKT,mTOR,MEK_ERK,PKC,TGFb-SMAD,STAT3,DPD_NC,DPD_LB
0,0,0,4.44089209850063e-16,0,4.44089209850063e-16,0,0,0
5.55111512312578e-16,0,0,5.55111512312578e-16,0,5.55111512312578e-16,5.55111512312578e-16,0,0
0.123575648208033,0.123575648208033,0,1.11022302462516e-16,1.11022302462516e-16,0,0,0,0
4.44089209850063e-16,0.486132140378626,4.44089209850063e-16,0,0,4.44089209850063e-16,4.44089209850063e-16,0,0
4.44089209850063e-16,0,0,4.44089209850063e-16,0,0,0,0,0
0,0,0,0,0,0,6.66133814775094e-16,0,0
0,0,0,0,0,6.66133814775094e-16,0,0,0
0,0.310048815763382,0,1.33226762955019e-15,1.33226762955019e-15,1.33226762955019e-15,1.33226762955019e-15,0,0
0,0,0,4.44089209850063e-16,0,4.44089209850063e-16,4.44089209850063e-16,0,0
