EGFR,PI3K_AKT,mTOR,MEK_ERK,PKC,TGFb-SMAD,STAT3,DPD_NC,DPD_LB
0,0.421036683214145,0,0.420173910129535,0.42660682471264,0.351742669287877,0,0,0
0.191520970097875,0,0,0.166727419298797,0,0.131752951238134,0.164571424718942,0,0
0,0,0,0.379326316445251,0.378118438862806,0,0,0,0
0.731340284117957,0.726640986708675,0.100591174924213,0,0,0.71416018176429,0.735439868305215,0,0
0.279294937548134,0,0,0,0,0,0.281551171800321,0,0
0,0,0,0,0,0,0,0,0
0.401574154408101,0,0,0.175106672749178,0.382498734928356,0.379778006633265,0,0,0
0,0.441308366504601,0.448297338520188,0.443169180807611,0.437014047955829,0.499114424061608,0.447548754261878,0,0
0,0.681308560447846,0,0,0.683747088363161,0.682119381043719,0.681983327749813,0,0
