EGFR,PI3K_AKT,mTOR,MEK_ERK,PKC,TGFb-SMAD,STAT3,DPD_NC,DPD_LB
0,0.403337045631317,0.00857132505670267,0.476621317500363,0.509178196433947,0.483330174202628,0,0,0
0.661747268933309,0,0.660966584381551,0,0,0.673750711395163,0.671989130954682,0,0
0,0.446057111598354,0,0.449014891602655,0.446187128090267,0,0,0,0
0.645516276883782,0,0.0108821318017392,0,0,0.642625578288176,0.642528391313823,0,0
0.0577545386403957,0,0,0,0,0,0,0,0
0.0597877039307711,0,0,0,0,0,0,0,0
0,0,0,0,0,0,0,0,0
0,0.548748974164813,0.0122829946482631,0.546309149382103,0.549555288418524,0.529227327329234,0.534407783773274,0,0
0,0.0722511830416156,0,0.0634105562743104,1.00395536387807,1.00195578804355,1.00374562070971,0,0
