EGFR,PI3K_AKT,mTOR,MEK_ERK,PKC,TGFb-SMAD,STAT3,DPD_NC,DPD_LB
0,1,0.0647320217529676,1,0.166196780679997,1,0,0,0
0,0,0,0,0,1,0.21848372292633,0,0
0,0,0,0.572105386332822,0.572105386332822,0.427894613667178,0.572105386332822,0,0
0,0,0,0,0,0.134741978643628,0.999999999999999,0,0
0,1,0,0,0,0,1,0,0
0,0,0,0,0,0,1,0,0
0,0,0,0,0,1,0,0,0
0,1,0,1,1,0,1,0,0
0,1,0,1,1,1,1,0,0
