EGFR,PI3K_AKT,mTOR,MEK_ERK,PKC,TGFb-SMAD,STAT3,DPD_NC,DPD_LB
0,0,0,0,0,0.115183673515819,0,0,0
0,0,0.0389513572163781,0.0107424175501409,0,0.0457524930796221,0.033664424491694,0,0
0,0.411123994102069,0,0.422052699075236,0.412321542010186,0,0,0,0
0.313566756552262,0.339553655082837,0.355910155886099,0,0,0.462768293148471,0.392722361713146,0,0
0,0.0328101667814782,0,0,0,0,0,0,0
0.0461260298511668,0,0,0,0,0,0,0,0
0.041949535754304,0,0,0,0,0,0,0,0
0,0.432601532862426,0.432557622405011,0.436644691897522,0.432178961742615,0.431848459082953,0.433437788614963,0,0
0,0.423050890025629,0.426071865399059,0.424240293482037,0.418442863799551,0.42979771424123,0.425797840294922,0,0
