EGFR,PI3K_AKT,mTOR,MEK_ERK,PKC,TGFb-SMAD,STAT3,DPD_NC,DPD_LB
0,0.103386995623328,0.015575248006458,0.581929035394978,-0.347640856894497,-0.834153851608073,0,0,0
0.989099810095215,0,0,0,0,0,-0.844934533668799,0,0
0,1.11957881083872,0,0,-2.38158824912683,0,0,0,0
0.525010817596003,-0.140785763637385,-0.157320671458987,0,0,0.0133485845509446,0.375426622301258,0,0
0.33826617810069,0.343964951221732,0,0,0,0,0,0,0
0,0,0,0.611557333411415,0,0,0,0,0
0,0,0,0.50204394129641,0,0,0,0,0
0,0,0,0,0,0.644875589452179,0,0,0
0,0.170052612730915,-0.227283493927596,-0.267739330302324,0.364796345664737,0.534260462277665,-0.00395015367176177,0,0
