EGFR,PI3K_AKT,mTOR,MEK_ERK,PKC,TGFb-SMAD,STAT3,DPD_NC,DPD_LB
0,0.23389002792709,0.00833126537249495,0.480006820902933,-0.0408413584337396,0.296822695422352,0,0,0
0,0,0,0,0,0.755510496728797,-0.0251541575768603,0,0
0,0,0,0.23904019835503,0.776612663055106,-0.279263722801962,-0.660480718100057,0,0
0,0,0,0,0,0.0342727491859615,0.809535763397341,0,0
0,0.35884338846379,0,0,0,0,1.03319274376778,0,0
0,0,0,0,0,0,1.07638025307578,0,0
0,0,0,0,0,0.753914585261079,0,0,0
0,-0.24483750235138,0,0.263344568247262,1.18035577785744,0,0.426461179062664,0,0
0,0.319961823544555,0,0.86679889224347,0.569454645550562,0.924772707890631,-0.89672882106617,0,0
