EGFR,PI3K_AKT,mTOR,MEK_ERK,PKC,TGFb-SMAD,STAT3,DPD_NC,DPD_LB
0,0.514735215915843,0.0722489902073476,0.510985880140149,0.156820136299687,0.525715093795458,0,0,0
0,0,0,0,0,0.182610941738794,0.13063011562934,0,0
0,0,0,0.415047216567011,0.76254672162501,0.325578007730978,0.679141041507196,0,0
0,0,0,0,0,0.106635947532342,0.153437093089309,0,0
0,0.404436395161294,0,0,0,0,0.403160903633647,0,0
0,0,0,0,0,0,0.0384656171713245,0,0
0,0,0,0,0,0.0363346297298749,0,0,0
0,0.670530628350159,0,0.700175652342642,0.67749461537912,0,0.675501536335738,0,0
0,0.55842070385267,0,0.553364325171277,0.555595613877698,0.560700842555156,0.557574488599753,0,0
