EGFR,PI3K_AKT,mTOR,MEK_ERK,PKC,TGFb-SMAD,STAT3,DPD_NC,DPD_LB
0,0.469788404196089,1,1,1,1,0.000146097312278163,0,0
1,0,0.867329949582947,1,0.00211991268228231,1,0.996324354628683,0,0
0,0,0,0.999999999999999,0.999999999999999,0.999999999999999,0,0,0
0.999999999999999,0.496070106939967,0.496070106939967,0,0,0.846937837404318,0.999999999999999,0,0
0.293712545967053,0.706287454032948,0,0.293712545967053,0,0,0,0,0
1,0,0,1,0,0,1,0,0
0.999999999999999,0,0,0.999999999999999,0,0.999999999999999,0,0,0
0,0,0,0,0,1,0,0,0
0,1,1,1,1,1,1,0,0
