EGFR,PI3K_AKT,mTOR,MEK_ERK,PKC,TGFb-SMAD,STAT3,DPD_NC,DPD_LB
0,0.412357639599241,2.22044604925031e-16,2.22044604925031e-16,0.412357639599241,0.412357639599241,0,0,0
1.11022302462516e-16,0,1.11022302462516e-16,1.11022302462516e-16,0,1.11022302462516e-16,1.11022302462516e-16,0,0
0,0,0,1.11022302462516e-15,1.11022302462516e-15,0,0,0,0
0.238753548342806,0.499415653737475,0.265053829023948,0,0,8.88178419700126e-16,8.88178419700126e-16,0,0
0,0,0,0,0,0,2.22044604925031e-16,0,0
0,0,0,5.55111512312578e-16,0,0,0,0,0
0,0,0,0,0,2.22044604925031e-16,0,0,0
0,0.382338492089208,0.41793049431163,0.349831284893676,0.329172308561028,4.44089209850063e-16,0.288258323858414,0,0
0,1.55431223447522e-15,0.150480457167966,0.498711156908825,0.150480457167966,0.498711156908825,0,0,0
