EGFR,PI3K_AKT,mTOR,MEK_ERK,PKC,TGFb-SMAD,STAT3,DPD_NC,DPD_LB
0,0.292684715828127,0.407078848504871,0.417873434416724,0.433174500051315,0.619654570780397,0,0,0
0.491286672717189,0,0.409409099862054,0.670192540688876,0,0.477346679811787,0.475118814752663,0,0
0.291765243146218,0.379171520983428,0,0.495435452585318,0.387873841094556,0,0,0,0
0.397227797051563,0,0,0,0,0.486805273009205,0.503608957490097,0,0
0.058307011305611,0,0,0,0,0,0,0,0
0.273016831838293,0,0,0.272277811636843,0,0,0,0,0
0.257599637262882,0,0,0.25796464617282,0,0,0,0,0
0,0.556080251589938,0.557455135101482,0,0.56824339351747,0.621626718956431,0.569923453371573,0,0
0,0,0.473576484547307,0.475111378728648,0.475701954490271,0.474374196911399,0.418186527600388,0,0
