EGFR,PI3K_AKT,mTOR,MEK_ERK,PKC,TGFb-SMAD,STAT3,DPD_NC,DPD_LB
0,0.497608404241197,0.498937076904673,0.499635236027926,0.499086159310614,0.496219882316825,0.0110743768969645,0,0
0.457910468028479,0,0.45595133067489,0.460206685002643,0.052318289114669,0.456628203143514,0.456216696871416,0,0
0,0.321878158702318,0,0.30915508349021,0.324580773618036,0,0,0,0
0.479574929726375,0.479817249785389,0.474966051209479,0,0,0.477580499091483,0.483761949360383,0,0
0.290842245828856,0.287741688968052,0,0,0,0,0,0,0
0,0,0,0,0,0,0.0418484604739418,0,0
0,0,0,0,0,0.0491799111457652,0,0,0
0,0,0.509559034815964,0,0,0.250865997547911,0.523430037818129,0,0
0,0.473676013976447,0.461006196389391,0,0.525823892542557,0.534637580708321,0.563833722654524,0,0
