EGFR,PI3K_AKT,mTOR,MEK_ERK,PKC,TGFb-SMAD,STAT3,DPD_NC,DPD_LB
0,0.580093871557337,0,0.572062408090937,0,0.576650669756599,0,0,0
0.393012457472824,0,0.240431120231397,0.419929680146719,0,0.411217993853698,0.415138733991315,0,0
0,0.497159115666745,0,0.507560121641423,0.492392710620723,0,0,0,0
0.448222479440293,0.422658587573322,0,0,0,0.544517322198977,0.141856534301026,0,0
0,0,0,0,0,0,0,0,0
0.0392223525819186,0,0,0,0,0,0,0,0
0,0,0,0,0,0,0,0,0
0,0.412411150582438,0.415512295546811,0.436955697739372,0.405203787183811,0.394553009978299,0.440447993650939,0,0
0,0.503832820549251,0.497683554087496,0.499953296500743,0.493436269868205,0,0.491275238914676,0,0
