EGFR,PI3K_AKT,mTOR,MEK_ERK,PKC,TGFb-SMAD,STAT3,DPD_NC,DPD_LB
0,-0.120435169638242,-0.255702651438847,1.22047136451568,0.34831997981657,0.202287078080699,0,0,0
-0.887392812196199,0,-1.60281429605772,0.793048881434972,0,1.82398204733306,0.0656920049545072,0,0
-1.54520107105333,-0.0218405612909372,0,1.80908711874603,0,0.0496148297644407,0,0,0
0.378490379388644,0.512692307577501,0.99853554035055,0,0,-0.253428399536021,-0.360703145961542,0,0
0,0,0,0,0,0,0,0,0
0,0,0,0,0,0,1.30073129199349,0,0
0,0,0,0,0,0.655235202909148,0,0,0
0,0,0,0,0,0,0,0,0
0,-0.300845951391847,-3.03414636983469,0.695690097788174,-4.24771971752586,4.45397264859609,-0.330283012604817,0,0
