EGFR,PI3K_AKT,mTOR,MEK_ERK,PKC,TGFb-SMAD,STAT3,DPD_NC,DPD_LB
0,0.967288821599973,0.967288821599973,1,0.967288821599973,1,0,0,0
1,0,0,1,0,1,1,0,0
0.0213696599490583,1,0,1,0.0213696599490583,0.0213696599490583,0,0,0
0.475457998777786,0.13371459472289,0.105820298599492,0,0.105820298599492,0.999999999999999,0.999999999999999,0,0
0,0,0,0,0,0,1,0,0
0,0,0,0,0,0,1,0,0
0,0,0,0,0,1,0,0,0
0,1,1,1,1,1,1,0,0
0,0.652354127011096,0.198065081453213,0.0181670019069144,1,1,1,0,0
