EGFR,PI3K_AKT,mTOR,MEK_ERK,PKC,TGFb-SMAD,STAT3,DPD_NC,DPD_LB
0,0.111177576644869,-0.213275165389444,1.55573637105744,-0.118421712553426,-0.0926062274817123,0,0,0
1.07762576054655,0,0.323559003847644,-1.48564592667195,0,-0.422845863992455,0.4029809587549,0,0
0.134754613554789,0.316428405538552,0,0.517620737720596,0.529907090093924,0,0,0,0
0.191894337456808,0,0,0,0,0.269572754229771,0.55632525614479,0,0
0.568212124314017,0,0,0,0,0,0,0,0
-0.638084193119136,0,0,1.43900392223573,0,0,0,0,0
-0.628022280744107,0,0,1.37460190831771,0,0,0,0,0
0,0.810852257403146,-2.2668282245515,0,-0.841991484670845,4.04220291036186,1.81985305390632,0,0
0,0,0.661532817345622,1.10990638035662,0.799507419589022,-4.24527905286792,0.193441290782837,0,0
