EGFR,PI3K_AKT,mTOR,MEK_ERK,PKC,TGFb-SMAD,STAT3,DPD_NC,DPD_LB
0,0.177879614368003,0.177879614368003,8.88178419700126e-16,0.177879614368003,8.88178419700126e-16,0,0,0
6.66133814775094e-16,0,0,6.66133814775094e-16,0,6.66133814775094e-16,6.66133814775094e-16,0,0
0.144613269040984,4.44089209850063e-16,0,4.44089209850063e-16,0.144613269040984,0.144613269040984,0,0,0
0.499397326961217,0.340345415542774,0.307607482034826,0,0.307607482034826,5.55111512312578e-16,5.55111512312578e-16,0,0
0,0,0,0,0,0,4.44089209850063e-16,0,0
0,0,0,0,0,0,4.44089209850063e-16,0,0
0,0,0,0,0,0,0,0,0
0,1.11022302462516e-15,1.11022302462516e-15,1.11022302462516e-15,1.11022302462516e-15,1.11022302462516e-15,1.11022302462516e-15,0,0
0,0.47622286797537,0.398541472073039,0.133555089564676,4.44089209850063e-16,4.44089209850063e-16,4.44089209850063e-16,0,0
