EGFR,PI3K_AKT,mTOR,MEK_ERK,PKC,TGFb-SMAD,STAT3,DPD_NC,DPD_LB
0,0.3920463847637,0,0.912400782352434,0,1.68791372469442,0,0,0
1.26787456513297,0,-0.0825034734531398,-0.873680610389525,0,-2.64923509881408,-0.34417277429757,0,0
0,-0.354657149451167,0,-0.533233634203376,-0.490363658226089,0,0,0,0
0.393625859537175,-0.0618653928237055,0,0,0,-0.502249628884287,0.0259300286697674,0,0
0,0,0,0,0,0,0,0,0
0.27512644820572,0,0,0,0,0,0,0,0
0,0,0,0,0,0,0,0,0
0,-1.08876286166232,-0.813650034568017,0.8568647955782,1.35448871216464,0.299661495683102,-2.0687945106514,0,0
0,2.07400117202442,0.857095886058482,-1.02669115749859,-1.7828194763695,0,2.38978011747652,0,0
