EGFR,PI3K_AKT,mTOR,MEK_ERK,PKC,TGFb-SMAD,STAT3,DPD_NC,DPD_LB
0,0.423257492875224,0.801506018548715,1,1,1,0,0,0
0.999999999999999,0,0.887905003558978,0.999999999999999,0,0.70470733705621,0.659297191752133,0,0
0.260718212329926,1,0,1,1,0,0,0,0
0.40985962707411,0,0,0,0,1,1,0,0
0.999999999999999,0,0,0,0,0,0,0,0
1,0,0,1,0,0,0,0,0
1,0,0,1,0,0,0,0,0
0,0.999999999999999,0.999999999999999,0,0.966620221033061,0.999999999999999,0.999999999999999,0,0
0,0,1,1,1,1,0.669165979944821,0,0
