EGFR,PI3K_AKT,mTOR,MEK_ERK,PKC,TGFb-SMAD,STAT3,DPD_NC,DPD_LB
0,0.297616771958119,0.475541881956712,0.463700856057955,0.501077240854757,0.623125046635232,0.00348954146679957,0,0
0.529875765116036,0,0.477826455867156,0.60874162988086,0.0157866594820933,0.513162334804131,0.496555342366547,0,0
0,0,0,0.46294172228696,0.457374856490333,0.460788708593096,0,0,0
0.611324183348315,0.327065133586794,0.328528672491329,0,0,0.54000187011912,0.442783621241356,0,0
0.618144050316597,0.267136720776621,0,1.00645379914794,0,0,0,0,0
0.406190638978572,0,0,0.403559399614326,0,0,0.400732604558381,0,0
0.430957763435784,0,0,0.428881531878841,0,0.433301369708648,0,0,0
0,0,0,0,0,0.206948160659639,0,0,0
0,0.430911873437039,0.413976218458775,0.420601331543874,0.414306690967645,0.420772681587636,0.426337475937603,0,0
