EGFR,PI3K_AKT,mTOR,MEK_ERK,PKC,TGFb-SMAD,STAT3,DPD_NC,DPD_LB
0,1,1,1,1,0.999021462098376,0.00114268398215795,0,0
1,0,1,1,0.00396175125207374,1,0.9994729533359,0,0
0,0.85292642765584,0,1,1,0,0,0,0
0.999999999999999,0.999999999999999,0.983284540957217,0,0,0.958977724814184,0.962596472979198,0,0
1,1,0,0,0,0,0,0,0
0,0,0,0,0,0,1,0,0
0,0,0,0,0,1,0,0,0
0,0,1,0,0,0.268433011813346,1,0,0
0,1,1,0,0.875443794536079,1,1,0,0
