EGFR,PI3K_AKT,mTOR,MEK_ERK,PKC,TGFb-SMAD,STAT3,DPD_NC,DPD_LB
0,0.0149460596270355,-0.133361367377582,0.982670815514784,0.286136838884327,-0.276290864285496,-0.000358760463520589,0,0
1.8780069710474,0,0.304721337672063,-1.60273886921219,0.00323451933908055,0.0173444645972005,1.03074741795601,0,0
0,0.24841073416458,0,0.572000612497638,1.456207351273,0,0,0,0
0.102855938233761,0.414312107479331,-0.0969500542269824,0,0,0.22742995957736,0.238402212759438,0,0
-0.288591538397672,0.905946780912519,0,0,0,0,0,0,0
0,0,0,0,0,0,1.11598012394328,0,0
0,0,0,0,0,0.739429753402749,0,0,0
0,0,-0.32210974945379,0,0,0.0498999789521531,1.87688512528174,0,0
0,3.10509972596258,1.56577142486246,0,-0.753666461732945,-4.01949948683755,-6.64505031565408,0,0
