EGFR,PI3K_AKT,mTOR,MEK_ERK,PKC,TGFb-SMAD,STAT3,DPD_NC,DPD_LB
0,-0.120483293756396,-0.177801311860413,1.10992891947912,-0.098303833882239,0.213401446387723,0,0,0
1.47688674177681,0,0.461025721642742,-2.092204579279,0,0.950057284104468,-0.171741002810991,0,0
0,0,0,0.359617136521983,0.390837774848834,0,0,0,0
0.0126015189572816,0.186038223905116,0.191220290863508,0,0,0.892701565522054,-0.151075192856099,0,0
0,0,0,0,0,0,1.54241348818756,0,0
0,0,0,0.56680346032442,0,0,0,0,0
0,0,0,0,0,0.907416225396078,0,0,0
0,0.0541497137058708,-0.04093176147237,0.0556985975705777,0.0123708222231563,0.930489331033602,-0.469285365519936,0,0
0,0.5332570167908,0.00080825208206451,0.21863614228187,-0.0036172304061946,-0.434554222489281,0,0,0
