EGFR,PI3K_AKT,mTOR,MEK_ERK,PKC,TGFb-SMAD,STAT3,DPD_NC,DPD_LB
0,-0.0868349600129215,-0.169212610331837,1.55957309578356,0.0449979451575018,-0.321178015871445,4.21814207610813e-05,0,0
0.271261357907234,0,-0.127237129648658,-0.565657009424515,0.000500464397112769,0.423228414661424,-0.224675282542235,0,0
0,0,0,0.687849887945077,1.28289328928152,-1.39827303133211,0,0,0
0.457811415106347,0.0766719493601377,0.0634004386763619,0,0,0.174888451841658,0.166347632960029,0,0
-0.38936272296212,0.40381435934277,0,0.6433792287805,0,0,0,0,0
0.329558204004673,0,0,-0.226364850979768,0,0,1.03750897707453,0,0
-0.394719816547902,0,0,0.369631656967095,0,0.803818445844088,0,0,0
0,0,0,0,0,1.10051744453133,0,0,0
0,1.10853276821323,-1.18939538513711,0.6826436474983,-1.12695216881136,-2.11207546993059,0.768189774983459,0,0
