EGFR,PI3K_AKT,mTOR,MEK_ERK,PKC,TGFb-SMAD,STAT3,DPD_NC,DPD_LB
0,0.483821737512065,0.485144563604688,0.485576902786631,0.483426960850011,0.484949855430773,0,0,0
0.491811047137368,0,0,0.49282763393475,0,0.487539893336731,0.483675787104616,0,0
0.0414261510383114,0.440817111327994,0,0.443585120297116,0.0510090151993655,0.0685646979438558,0,0,0
0.294991225913051,0.124939341161549,0.106425900031776,0,0.107974046255911,0.475781975378986,0.612918176267687,0,0
0,0,0,0,0,0,0.0643406079286307,0,0
0,0,0,0,0,0,0.0403316681355137,0,0
0,0,0,0,0,0.05229668813416,0,0,0
0,0.464876513662075,0.468051320901503,0.472784469462456,0.463511988677353,0.46243706418498,0.465555064679081,0,0
0,0.487722087981434,0.218788585768783,0.0450571226540186,0.588585530357492,0.610740843587097,0.6617326456231,0,0
