EGFR,PI3K_AKT,mTOR,MEK_ERK,PKC,TGFb-SMAD,STAT3,DPD_NC,DPD_LB
0,0,0.62095749049082,0.61435285283452,0,0.619499364206874,0,0,0
0.486234503084739,0,0.479776959673289,0.479347459157435,0,0.484298153263902,0.492358996495388,0,0
0,0,0,0.311531336636487,0.3123705750073,0,0,0,0
0.162025914062041,0,0,0,0,0.478305379613784,0.486643694187254,0,0
0.0333220259190992,0,0,0,0,0,0,0,0
0.0523163874733365,0,0,0,0,0,0,0,0
0.0472621829505071,0,0,0,0,0,0,0,0
0,0.749085031033975,0,0.744120969581623,0,0.75434314712333,0.756637787839545,0,0
0,0.504924090186867,0.505308177373154,0.50502745498515,0,0.525253646625579,0.519620836768115,0,0
