EGFR,PI3K_AKT,mTOR,MEK_ERK,PKC,TGFb-SMAD,STAT3,DPD_NC,DPD_LB
0,0,0,0.535877314142199,0.548510960206107,0.535775476749878,0,0,0
0.6219003912151,0,0,0.624545621251271,0.622329131834691,0.622593727498494,0.631131207205165,0,0
0,0.428484141174337,0,0.43491205864801,0.435110873362921,0,0,0,0
0.0930676205395527,0,0,0,0,0.601940974788006,0.593717383370365,0,0
0.0328949340711739,0,0,0,0,0,0,0,0
0.0492266153467466,0,0,0,0,0,0,0,0
0.0466002523960182,0,0,0,0,0,0,0,0
0,0.0889926890563912,0,0.857934636323307,0.14919981872622,0.9164605201595,0.921464904921988,0,0
0,0,0,2.02435104636047,0.729951335685088,3.93034540485684,1.22243014362757,0,0
