EGFR,PI3K_AKT,mTOR,MEK_ERK,PKC,TGFb-SMAD,STAT3,DPD_NC,DPD_LB
0,0,0,0.604847569643961,0,0,0,0,0
1.62170051022062,0,0.403502152873829,0.905800012852416,0,-0.751222244475547,0.0214654074082883,0,0
0,0.294314097342515,0,0.608166580347194,0.493545224971225,0,0,0,0
1.03016798718421,-0.00454505946539788,0,0,0,0.0607797713464437,-0.0780189647561737,0,0
-0.570635063540571,0.348409524355303,0,1.50864024548173,0,0,0,0,0
0.695807670613165,0,0,0,0,0,0,0,0
0.691734514515015,0,0,0,0,0,0,0,0
0,0,0,11.1843693005355,0,0,0,0,0
0,1.91622721896525,-1.46784069432797,-2.05205027441384,-0.864732071002445,-2.16252681317731,2.27283716465276,0,0
