EGFR,PI3K_AKT,mTOR,MEK_ERK,PKC,TGFb-SMAD,STAT3,DPD_NC,DPD_LB
0,0,0,0.87839104553652,0.590263258888581,-0.085853620489279,0,0,0
0.463604568851188,0,0,-1.31047487429381,-1.11207696103654,0.716705879884753,0.54588171488522,0,0
0,0.18167137746868,0,0.385144733776484,0.335817275404278,0,0,0,0
0.0155178527250706,0,0,0,0,1.67602800034848,-0.490688314031398,0,0
0.511433996957295,0,0,0,0,0,0,0,0
0.441254882953348,0,0,0,0,0,0,0,0
0.392132441666738,0,0,0,0,0,0,0,0
0,0.011882727987778,0,2.0256780350072,-0.0213403225320443,-0.835160946585305,-3.14931549402323,0,0
0,0,0,0.844518604245993,8.95764754106423,-23.8056672431533,12.4874436256921,0,0
