EGFR,PI3K_AKT,mTOR,MEK_ERK,PKC,TGFb-SMAD,STAT3,DPD_NC,DPD_LB
0,0,-0.358816729247046,0.502359371958218,0,0.958948146093645,0,0,0
2.05287543606264,0,0.362477664325325,-2.04109172488154,0,0.869677386440385,0.443005042256754,0,0
0,0,0,0.327467521113237,0.36820379502164,0,0,0,0
0.0594446970484394,0,0,0,0,0.761469186880493,0.30427159264971,0,0
0.528900437590313,0,0,0,0,0,0,0,0
0.526550682551132,0,0,0,0,0,0,0,0
0.570244322214089,0,0,0,0,0,0,0,0
0,-19.5921838313096,0,30.9524028898297,0,-120.779023761415,46.6895429243394,0,0
0,0.922527258281996,1.37076157119454,1.3675365443266,0,0.506172832768685,-5.92844622968462,0,0
