EGFR,PI3K_AKT,mTOR,MEK_ERK,PKC,TGFb-SMAD,STAT3,DPD_NC,DPD_LB
0,0,0,0.145489352001996,0,0,0,0,0
0.730757323869115,0,0.734745804272438,0.733264917129332,0,0.73128869302031,0.149109594214383,0,0
0,0.312247387545532,0,0.316460836480066,0.312059621363061,0,0,0,0
0.228399268207144,0.208171588514892,0,0,0,0.268889945159127,0.237170096365646,0,0
0.400354865117891,0.396765574294529,0,0.399643601124603,0,0,0,0,0
0.0476972427121582,0,0,0,0,0,0,0,0
0.067796710592577,0,0,0,0,0,0,0,0
0,0,0,0.198333126870799,0,0,0,0,0
0,0.489359012646991,0.470715499961762,0.629128804912351,0.664959409838597,1.41461124994381,1.48063050605069,0,0
