EGFR,PI3K_AKT,mTOR,MEK_ERK,PKC,TGFb-SMAD,STAT3,DPD_NC,DPD_LB
0,0,0,0.107843950586789,0,0,0,0,0
0.56153133279663,0,0.0438102484291285,0.558733275447832,0,0.564824215712141,0.566193771489328,0,0
0,0.587660734910984,0,0.589658802186533,0.590741850274769,0,0,0,0
0.496983443311566,0.497517307611489,0.504099641979699,0,0,0.498569619662694,0.495213940076685,0,0
0,0,0,0,0,0,0.0499469293443697,0,0
0.321609884246943,0,0,0,0,0,0.324200292616604,0,0
0.192330328120782,0,0,0,0,0.197395582141605,0,0,0
0,0.480974704523664,0,0.476010403764686,0.491300670923353,0.498644990239847,0.498896914988788,0,0
0,0.637785849760745,0.524632271029911,0,0,2.08642227682424,1.1137272588666,0,0
