EGFR,PI3K_AKT,mTOR,MEK_ERK,PKC,TGFb-SMAD,STAT3,DPD_NC,DPD_LB
0,0,0,1.04718312921499,0,0,0,0,0
0.534726545859373,0,-0.0047606453359455,-0.897435925013377,0,1.08561802921459,0.926097905545828,0,0
0,-0.440638736540112,0,0.719860819542318,0.972203192797172,0,0,0,0
-0.663952922288997,1.73938596339589,0.53557595921468,0,0,-0.417299487314753,-0.818959584520929,0,0
0,0,0,0,0,0,1.116526650216,0,0
0.151872771312352,0,0,0,0,0,0.597154387056537,0,0
-0.245071391875385,0,0,0,0,1.39620242283694,0,0,0
0,-0.684161475951653,0,-0.164760277729355,0.861378321161256,1.25088992849528,0.703798190726887,0,0
0,-7.76287721103897,3.09115008168362,0,0,16.3782934113741,1.22052293343933,0,0
