EGFR,PI3K_AKT,mTOR,MEK_ERK,PKC,TGFb-SMAD,STAT3,DPD_NC,DPD_LB
0,0.250696946838845,0,1.14063961892954,-0.532796821257844,0.0106684853850512,0,0,0
2.24957114090742,0,0,-3.67909618548341,1.34568089825004,-0.484678559411944,-0.74929756940361,0,0
0,0.285567680143422,0,0,0.77060137558889,0,0,0,0
0.310347024906135,0.00252771967323814,0,0,0,0.668044803712944,0.191196462965572,0,0
0,0,0,0,0,0,0,0,0
-0.238786496378975,0,0,0.830251896148226,0,0,0,0,0
-0.32763672375381,0,0,0.88663480607442,0,0,0,0,0
0,0,0,-0.639696741587011,0.0419322579367755,1.70920190572127,0,0,0
0,2.34473613913877,0.61016284940285,-1.95682560720008,-3.00501419785083,6.18118565093481,1.53476466714045,0,0
