EGFR,PI3K_AKT,mTOR,MEK_ERK,PKC,TGFb-SMAD,STAT3,DPD_NC,DPD_LB
0,0.575833545496051,0,0.581492656862089,0.589617035105839,0.581171241579433,0,0,0
0.522687336404575,0,0,0.5229572480955,0.525840662361189,0.520314893193294,0.534305216558181,0,0
0,0.234558638040548,0,0,0.233899991711388,0,0,0,0
0.463099043129762,0.312100805496267,0,0,0,0.498551583237945,0.398515084762429,0,0
0,0,0,0,0,0,0,0,0
0.291191147150534,0,0,0.293688609714911,0,0,0,0,0
0.287200906762056,0,0,0.290323309594389,0,0,0,0,0
0,0,0,0.582935382135202,0.213442209003693,0.586247723426499,0,0,0
0,0.385168217515792,0.389060831270092,0.386541541828309,0.386196736561462,0.388891172541118,0.389274523534987,0,0
