EGFR,PI3K_AKT,mTOR,MEK_ERK,PKC,TGFb-SMAD,STAT3,DPD_NC,DPD_LB
0,0.529944145547298,1,1,0.876247768416886,0.876247768416886,0,0,0
0.544572414368452,0,0.544572414368452,0.544572414368452,0,1,1,0,0
0,0,0,0,0.999999999999999,0,0,0,0
1,0.562006387129351,1,0,0,0.0664139032611614,0.0664139032611614,0,0
1,0,0,0,0,0,1,0,0
1,0,0,0,0,0,0,0,0
0,0,0,0,0,1,0,0,0
0,0,0,0,1,0,0,0,0
0,1,0.483716045552499,0.483716045552499,1,1,0,0,0
