EGFR,PI3K_AKT,mTOR,MEK_ERK,PKC,TGFb-SMAD,STAT3,DPD_NC,DPD_LB
0,0.218238656650324,0,0.441037498530511,0.267414295739083,0.618707859563395,0,0,0
0.5933038273394,0,0,0.591134414163715,0,0.59158563106979,0.579559774298178,0,0
0,0,0,0.260690853255543,0.261448534454853,0,0,0,0
0.648073771751747,0,0.642712832689306,0,0,0.647510758121867,0.638976543157624,0,0
0,0.0466119212265665,0,0,0,0,0,0,0
0.0651832863708028,0,0,0,0,0,0,0,0
0.464059571274549,0,0,0.464868222237752,0.465225970986614,0,0,0,0
0,0,0,0.62870921733041,0.613625316729908,0,0,0,0
0,0.392854263996274,0,0,0.373323858552247,0.423868654680405,0.201983099281098,0,0
