EGFR,PI3K_AKT,mTOR,MEK_ERK,PKC,TGFb-SMAD,STAT3,DPD_NC,DPD_LB
0,0.0434851165457438,0,0.179262032919394,-0.0981525568467854,1.43038592735302,0,0,0
-0.561056425397519,0,0,0.287192890948095,0,-0.173064024600393,0.866025641888034,0,0
0,0,0,0.248454463566427,0.555326198761671,0,0,0,0
0.686228463787293,0,0.248886814387354,0,0,-0.718399345627946,0.425354735569528,0,0
0,0.566042884252186,0,0,0,0,0,0,0
0.40593236201456,0,0,0,0,0,0,0,0
1.86198634356338,0,0,-0.557058013772743,0.968230202005206,0,0,0,0
0,0,0,0.262346724769403,0.354186270521212,0,0,0,0
0,0.122699165650418,0,0,-0.0657678855365605,0.168903755408824,0.157717464978539,0,0
