EGFR,PI3K_AKT,mTOR,MEK_ERK,PKC,TGFb-SMAD,STAT3,DPD_NC,DPD_LB
0,0.375677401219532,0.460410065749553,0.436479495995417,0.434535040537611,0.506586480048578,0,0,0
0.501691913603126,0,0.373372874673718,0.392143646300698,0,0.395490242893793,0.400667508807262,0,0
0,0,0,0,0.0452355055688889,0,0,0,0
0.466605111729065,0.383468136922689,0.458010047530692,0,0,0.201996741064417,0.0962194231037808,0,0
0.314973499114251,0,0,0,0,0,0.313861996579093,0,0
0.0817107553244107,0,0,0,0,0,0,0,0
0,0,0,0,0,0.0439415079159487,0,0,0
0,0,0,0,0.225765462751867,0,0,0,0
0,0.521564364431164,0.401106740139888,0.334419226744743,0.556113715236231,0.587739350406273,0,0,0
