EGFR,PI3K_AKT,mTOR,MEK_ERK,PKC,TGFb-SMAD,STAT3,DPD_NC,DPD_LB
0,0.996842488480465,0.908992136500035,0.999999999999999,0.999999999999999,0.996842488480465,0,0,0
1,0,1,0.78120918720303,0.0909705971327804,1,1,0,0
0.298161661155423,1,0,1,0.298161661155423,0.192934984865994,0.818777538719733,0,0
0.999999999999999,0.999999999999999,0.999999999999999,0,0.00190408210269773,0.999999999999999,0.999999999999999,0,0
0.582186236156098,0,0.582186236156098,0,0,0,1,0,0
0,0,0,0,0,0,0.999999999999998,0,0
0.0106715856072679,0.0106715856072679,0.0106715856072679,0.0106715856072679,0.0106715856072679,1,0,0,0
0,1,1,1,1,1,1,0,0
0,0.995784358521766,1,1,0,1,1,0,0
