EGFR,PI3K_AKT,mTOR,MEK_ERK,PKC,TGFb-SMAD,STAT3,DPD_NC,DPD_LB
0,0.275949555632946,0.350797955590882,0.283961618317834,-0.22909816588025,-0.172937296531009,0,0,0
0.0360468062058949,0,0,0,0,0.0447842160826933,0.0192235482746074,0,0
1.11276556706911,-0.767432739483596,0,0.0404861085084674,1.32050785437587,-0.433851941224162,0.576121415068336,0,0
-0.863904940246953,0.222594030935593,0.369971095022673,0,0,1.54643019827025,-0.0757512151719265,0,0
0.469210960188054,0,0,0,0,0,0,0,0
-0.305775143159609,0,0,0,0,0,0,0,0
-2.88871130652637,1.67546769399425,0,0,0,-5.29436376182082,0,0,0
0,0.702497510581115,0.642195772277079,0.366378508837764,-0.380254616296621,-0.163587277251193,-0.345516327536215,0,0
0,0.276254670959908,-0.00177473603926733,0.403604538896897,-0.351787433704141,-0.0354868152282003,0,0,0
