EGFR,PI3K_AKT,mTOR,MEK_ERK,PKC,TGFb-SMAD,STAT3,DPD_NC,DPD_LB
0,0.0139786650981826,0.973712978401876,0.371775391044938,0.0139786650981826,0.999999999999999,0,0,0
0.999999999999999,0,0.999999999999999,0.995718248392945,0.376311403059323,0.999999999999999,0.704865837204516,0,0
0.905596227008908,0.545240116804035,0,0.905596227008908,0.545240116804035,0.905596227008908,0,0,0
1,1,1,0,0,1,0.851690316475048,0,0
1,1,0,0,0,0,0,0,0
1,0,1,0,0,0,0,0,0
1,1,0,1,0,0,0,0,0
0,1,1,1,0.893402505357926,0.999455161322834,1,0,0
0,1,1,1,0.978175845673484,1,0.280042991216637,0,0
