EGFR,PI3K_AKT,mTOR,MEK_ERK,PKC,TGFb-SMAD,STAT3,DPD_NC,DPD_LB
0,0,0,0.110262051608339,0.323608936083359,0.266916570184089,0,0,0
-0.405518376448608,0,0.110627370111826,0.306699557517394,0,0.237578662506382,1.04175274816905,0,0
-1.42472806730014,-0.88243689967055,0,0.862993109963403,1.49928018287049,0,0.974964797866348,0,0
0.308330541383375,0.0664312821387628,0.929750860304875,0,0,0.291496528219236,1.05906551259435,0,0
0.679035460480355,0.121692594634149,0.088156733030365,0.0223636092251749,0,0,0.601076075273059,0,0
0.719736910587033,0,0,0,0,0,0,0,0
-0.975580885901123,0,0,0.0452980016127475,1.20958834755384,0,0,0,0
0,-27.8715190666481,19.1631230253591,17.624432690711,-23.2409522888145,18.9758010103201,69.0947373399593,0,0
0,0.0805347461034969,0.608579456195114,0.728459439590887,0.943577673870664,-3.317856935192,1.78528778195512,0,0
