EGFR,PI3K_AKT,mTOR,MEK_ERK,PKC,TGFb-SMAD,STAT3,DPD_NC,DPD_LB
0,0.472221731183891,0.472221731183891,8.88178419700125e-16,8.88178419700125e-16,0.472221731183891,0,0,0
0,0,0,0,0,0,4.44089209850063e-16,0,0
0,4.44089209850063e-16,0,4.44089209850063e-16,4.44089209850063e-16,0,0,0,0
0.398811701165488,7.7715611723761e-16,0.398811701165488,0,0,7.7715611723761e-16,0,0,0
0,2.22044604925031e-16,0,0,0,0,0,0,0
1.33226762955019e-15,0,0,0,0,0,0,0,0
2.22044604925031e-16,0,0,2.22044604925031e-16,2.22044604925031e-16,0,0,0,0
0,1.11022302462516e-16,1.11022302462516e-16,1.11022302462516e-16,1.11022302462516e-16,0.110700141619155,0.0311417379155088,0,0
0,0.246438479413475,0.343866250900491,1.33226762955019e-15,0.246438479413475,0.450799720786567,0.246438479413475,0,0
