EGFR,PI3K_AKT,mTOR,MEK_ERK,PKC,TGFb-SMAD,STAT3,DPD_NC,DPD_LB
0,0.347058822459038,0.347058822459038,1,1,0.347058822459038,0,0,0
0,0,0,0,0,0,1,0,0
0,1,0,1,1,0,0,0,0
0.180166818964946,1,0.180166818964946,0,0,1,0,0,0
0,1,0,0,0,0,0,0,0
1,0,0,0,0,0,0,0,0
1,0,0,1,1,0,0,0,0
0,0.999999999999999,0.999999999999999,0.999999999999999,0.999999999999999,0.986417665345777,0.00145426684871166,0,0
0,0.935151524997663,0.86873647256773,0.999999999999999,0.935151524997663,0.705738735012536,0.0648484750023364,0,0
