EGFR,PI3K_AKT,mTOR,MEK_ERK,PKC,TGFb-SMAD,STAT3,DPD_NC,DPD_LB
0,0.404612564566755,1,1,0.643580888096231,0.381846320909998,0,0,0
0,0,0,0,0,0,0,0,0
1,0.91257672096703,0,1,1,0,0,0,0
0.999999999999999,0.287258988489038,0.999999999999999,0,0,0.999999999999999,0.603931108087738,0,0
1,0,0,0,0,0,0,0,0
0,0,0,1,0,0,0,0,0
0,0,0,0,0,0,0,0,0
0,0,1,1,1,1,1,0,0
0,0,1,1,1,1,1,0,0
