EGFR,PI3K_AKT,mTOR,MEK_ERK,PKC,TGFb-SMAD,STAT3,DPD_NC,DPD_LB
0,0.01711847106781,0.0238476885964168,0.273264825705677,0.000122147506385861,0.743281903787925,2.68036105455799e-05,0,0
0.638559243668494,0,-0.301864083058171,0.187451891787375,0,-0.715104005946068,0.747871009341975,0,0
0,0,0,0.381735062481238,-0.339141873618019,0,0,0,0
2.81268229718279,-0.446877345879981,-0.407206803393066,0,-0.0114458698021603,-1.68778224285394,1.24557761717153,0,0
0.582709322520155,0,0,0,0,1.17675731567447,-0.000220654780439911,0,0
0.545526605801761,0,0,0,0,0,0.406843631401123,0,0
-1.18941026499244,0,0,0,0,2.11244938347943,0,0,0
0,-0.655175926395309,0,1.27194625135644,0.77432586675704,0.704253153071227,-0.244189968677506,0,0
0,0,0.488773249986295,-0.18205797452613,0.725504386104581,-0.226447372328813,0.00204619126525362,0,0
