EGFR,PI3K_AKT,mTOR,MEK_ERK,PKC,TGFb-SMAD,STAT3,DPD_NC,DPD_LB
0,0.639259234912937,0.999999999999999,0.999999999999999,0.26607071199053,0.836644948244911,0,0,0
0.846870907567648,0,1,0.967027612150825,0,1,1,0,0
0,1,0,1,1,1,0,0,0
0.970852887256212,1,1,0,0,1,0.806314969110751,0,0
0,1,0,0,0,0,0,0,0
1,0,1,1,0,0,0,0,0
0.999755618827922,0.00112760464898688,0.00112760464898688,0.99911677652309,0,0.00112760464898688,0,0,0
0,0.967727312669448,1,1,0.579960795999365,1,0.460266970750635,0,0
0,0.961835248761706,1,1,0.55339330862569,1,0.45306724422302,0,0
