EGFR,PI3K_AKT,mTOR,MEK_ERK,PKC,TGFb-SMAD,STAT3,DPD_NC,DPD_LB
0,0.108130832470354,0.158333274358093,0.463678048781784,0.032537256113131,0.34569993234948,0,0,0
0.835616627321613,0,-0.601602460392862,-0.167644918921603,0.0177263226872116,-0.448835610705855,0.247050163830225,0,0
-0.0776970781629818,0.440502416518866,0,-0.731447990338836,-0.081129759477736,-0.410708638528008,-1.82566989826623,0,0
-1.69241795748422,0.776887338492401,-0.432891513909184,0,0.00131940219921785,1.66619343047032,0.663670155470917,0,0
-0.599848290418008,0,0.689190564117255,0,0,0,1.9354781104598,0,0
0,0,0,0,0,0,0.947876110539004,0,0
0.00129301379089358,2.13476847753622e-05,-0.000725570795187552,-0.000996983627311449,0.0015378688905259,0.916883614600215,0,0,0
0,-2.34402217704038,-3.37350585141851,3.06972141641879,8.2392510280852,-10.0291865930658,4.69691481953889,0,0
0,0.0200028308623839,-0.431292419678761,0.815311703155871,0,0.139159466270936,-0.653124837855986,0,0
