EGFR,PI3K_AKT,mTOR,MEK_ERK,PKC,TGFb-SMAD,STAT3,DPD_NC,DPD_LB
0,0.488721117387723,0.441238044174753,0.469938402347212,0.559606225558089,0.575947103892712,0,0,0
0.511080464120199,0,0.388178252322539,0.495052016126948,0.514666765561039,0.377209154538928,0.377862863225801,0,0
0.10313231184763,0.0262041649513524,0,0.074217818031459,0.379966240406013,0.0916795573888914,0.404400210917764,0,0
0.492726801015367,0.491884672956584,0.491368457063865,0,0.0155284907669244,0.486895907093866,0.487588086200596,0,0
0.515920376855805,0.446203404075046,0.161525993087097,0.53426228765836,0,0.0629726096514065,0.338699763798578,0,0
0.239764144015704,0,0,0.238927888622659,0,0,0,0,0
0.378138564530422,0.0225192917106689,0.024589441748383,0.381310158803784,0.0487521983004191,0.0483085887595077,0,0,0
0,0.526793671746387,0.521756022039876,0.176827062650195,0.52847973435128,0.324442249994889,0.599090786535812,0,0
0,0.433289627193811,0.428066686371765,0.435284654130453,0.426604775858314,0.433577178471329,0.430244377146697,0,0
