EGFR,PI3K_AKT,mTOR,MEK_ERK,PKC,TGFb-SMAD,STAT3,DPD_NC,DPD_LB
0,0.476034658625172,0.476034658625172,1.33226762955019e-15,1.33226762955019e-15,0.476034658625172,0,0,0
0,0,0,0,0,0,3.33066907387547e-16,0,0
0,1.11022302462516e-15,0,1.11022302462516e-15,1.11022302462516e-15,0,0,0,0
0.38432634089924,0,0.38432634089924,0,0,0,0,0,0
0,4.44089209850063e-16,0,0,0,0,0,0,0
2.22044604925031e-16,0,0,0,0,0,0,0,0
2.22044604925031e-16,0,0,2.22044604925031e-16,2.22044604925031e-16,0,0,0,0
0,5.55111512312578e-16,5.55111512312578e-16,5.55111512312578e-16,5.55111512312578e-16,0.1157491029752,0.038107111628204,0,0
0,0.246258299945825,0.337688338262231,7.77156117237609e-16,0.246258299945825,0.455709965784644,0.246258299945825,0,0
