EGFR,PI3K_AKT,mTOR,MEK_ERK,PKC,TGFb-SMAD,STAT3,DPD_NC,DPD_LB
0,0.00481242923501459,0.00481242923501459,0.00481242923501459,0,0.00481242923501459,0,0,0
0.999999999999999,0,0.999999999999999,0,0,0.999999999999999,0.999999999999999,0,0
0,1,0,0,0,0,1,0,0
1,1,1,0,0,1,1,0,0
0,0,0,0,0,0,0,0,0
0,0,0,0,0,0,0,0,0
1,1,1,0,0,0,0,0,0
0,0.569694377699986,0.569694377699986,1,1,1,1,0,0
0,0.00215046704465751,1,1,1,0.00215046704465751,0.00215046704465751,0,0
