EGFR,PI3K_AKT,mTOR,MEK_ERK,PKC,TGFb-SMAD,STAT3,DPD_NC,DPD_LB
0,0,0,0.610965375330283,1,1,0,0,0
0.999999999999999,0,0.601330448995564,0.999999999999999,0,0.999999999999999,0.999999999999999,0,0
0.500710743279373,1,0,1,0.500710743279373,0,0.499289256720627,0,0
1,0.340894132127994,1,0,0,1,1,0,0
1,0.184740466437115,0.184740466437115,0.184740466437115,0,0,0.815259533562885,0,0
1,0,0,0,0,0,0,0,0
1,0,0,0.289637125759535,1,0,0,0,0
0,1,1,1,1,1,1,0,0
0,0.34476063287037,1,1,1,1,1,0,0
