EGFR,PI3K_AKT,mTOR,MEK_ERK,PKC,TGFb-SMAD,STAT3,DPD_NC,DPD_LB
0,0,0.3187791646004,0.273504806868594,0.136125177914094,0.554682020782288,0,0,0
1.86167904488366,0,-0.271909635248233,0.00734116513669378,1.35144282077046,-1.13826460394956,-0.59654210669132,0,0
0,0.316053320636405,0,-0.650956411368992,-0.597894533531728,-1.14425872355404,0,0,0
1.45802663479316,0.42246226959009,0,0,0,-0.343158646198368,0.0366206254395908,0,0
0.563981598914994,0,0,0,0,0,0,0,0
1.29159117994798,0,-0.52272179843199,-0.398609428452511,0,0,0,0,0
0.76100635160269,0,0,-0.39711078679578,0,0.477574163301283,0,0,0
0,0.378024227026156,1.22601999139224,-1.36928142281133,-1.07613485847482,2.04103866898539,-0.404411745785951,0,0
0,0,-0.56166575723396,0.46267666386858,0.0218566967230114,-0.288399413135596,0.0220292559416874,0,0
