EGFR,PI3K_AKT,mTOR,MEK_ERK,PKC,TGFb-SMAD,STAT3,DPD_NC,DPD_LB
0,1,0.413946743276049,1,0.000385117022058904,0.999614882977942,0.000385117022058904,0,0
1,0,0.996122837524015,1,0,1,1,0,0
0,0,0,1,1,0,0,0,0
1,1,1,0,0.011551088845242,1,1,0,0
1,0,0,0,0,1,0.0219001925894945,0,0
1,0,0,0,0,0,1,0,0
1,0,0,0,0,1,0,0,0
0,1,0,1,1,0.885292953452558,0.885292953452558,0,0
0,0,1,0.959866706293485,1,1,1,0,0
