EGFR,PI3K_AKT,mTOR,MEK_ERK,PKC,TGFb-SMAD,STAT3,DPD_NC,DPD_LB
0,0,0,0.487531214875324,4.44089209850063e-16,4.44089209850063e-16,0,0,0
6.66133814775094e-16,0,0.489624488875258,6.66133814775094e-16,0,6.66133814775094e-16,6.66133814775094e-16,0,0
0.499999494843735,4.44089209850063e-16,0,4.44089209850063e-16,0.499999494843735,0,0.499999494843735,0,0
0,0.474009834084374,0,0,0,0,0,0,0
6.66133814775094e-16,0.388086880089642,0.388086880089642,0.388086880089642,0,0,0.388086880089642,0,0
1.11022302462516e-15,0,0,0,0,0,0,0,0
4.44089209850063e-16,0,0,0.453593938607308,4.44089209850063e-16,0,0,0,0
0,6.66133814775094e-16,6.66133814775094e-16,6.66133814775094e-16,6.66133814775094e-16,6.66133814775094e-16,6.66133814775094e-16,0,0
0,0.475290162840756,1.11022302462516e-15,1.11022302462516e-15,1.11022302462516e-15,1.11022302462516e-15,1.11022302462516e-15,0,0
