EGFR,PI3K_AKT,mTOR,MEK_ERK,PKC,TGFb-SMAD,STAT3,DPD_NC,DPD_LB
0,0.253056656182169,0.25429551874233,0.435178205407598,0.433021696569777,0.259134592252717,0,0,0
0,0,0,0,0,0,0.118967970504286,0,0
0,0.331937813972348,0,0.330300162687452,0.331439538502387,0,0,0,0
0.217225603508944,0.446167190165238,0.161765660742216,0,0,0.446867919167852,0,0,0
0,0.0405236068666337,0,0,0,0,0,0,0
0.0303350413643882,0,0,0,0,0,0,0,0
0.29390973326998,0,0,0.295075760241668,0.292351922635448,0,0,0,0
0,0.545236080818832,0.544744602294385,0.539122777929073,0.550486286298659,0.542034113704591,0.00820929673464051,0,0
0,0.491605589352007,0.479060161582836,0.487685606730273,0.511076682795427,0.459011160731255,0.0723729505153763,0,0
