EGFR,PI3K_AKT,mTOR,MEK_ERK,PKC,TGFb-SMAD,STAT3,DPD_NC,DPD_LB
0,0.0237433032325097,0.38694379061219,0.257586640516294,0.0295951551967728,0.391065927453229,0,0,0
0.497091554943903,0,0.539354432543704,0.623312045933282,0.638973995372525,0.619154724852981,0.523993895654634,0,0
1.0442566152745,0.447027146858151,0,0.399682956628693,0.64976981709495,0.763665331965255,0,0,0
0.448577299328866,0.403563436824015,0.423723200091765,0,0,0.528745238608171,0.447699556922153,0,0
0.183592686001214,0.182587897111424,0,0,0,0,0,0,0
0.252387189557819,0,0.254144898012249,0,0,0,0,0,0
0.305433886096159,0.304402003838928,0,0.305300909058251,0,0,0,0,0
0,0.422555785291717,0.416954343786266,0.419748720240691,0.423492620636173,0.422797818726177,0.42134723173429,0,0
0,0.42825402615264,0.431421319899732,0.433281433990594,0.42931163726365,0.430347341019335,0.178552492257527,0,0
