EGFR,PI3K_AKT,mTOR,MEK_ERK,PKC,TGFb-SMAD,STAT3,DPD_NC,DPD_LB
0,-0.0921135805776986,0.168124840715334,0.464379172178527,0.155051679159688,0.149109921363637,-0.035080731913634,0,0
-0.239989974022721,0,-0.2344773201646,0.233953682751821,1.70028018179561e-07,-0.263928313848802,0.369276635942516,0,0
0.75130181119302,-0.733877488719517,0,0.0912291481601013,0.749305396588689,0.00248448158414513,0,0,0
1.01103359323964,0.454602889492015,-0.0755679469910099,0,0,-0.597860257248709,0,0,0
0,0.784756196949914,0,0,0,0,0,0,0
0.74618772300778,0.442401901021728,0.000567649418750497,-0.511203766372443,0.00129688575485962,0,0,0,0
0.43740753403007,0.429569999201712,0,-0.403542213035241,0,0.646559694235682,0,0,0
0,0.249786840786016,0.367326563733195,0.194550250600672,0.0802926866471816,0.25919975180337,-0.292720152968396,0,0
0,0.0684476786611529,-0.172673131625989,0.60276676276527,-0.51541409390739,0.0354047995423115,-0.124544390611571,0,0
