EGFR,PI3K_AKT,mTOR,MEK_ERK,PKC,TGFb-SMAD,STAT3,DPD_NC,DPD_LB
0,0.504550130661406,0.49924659559056,0.153355064124768,0.510361011323665,0.517468624404832,0.160095777595447,0,0
0.417112666020239,0,0.415440264017442,0.413949638555039,0.153192962273037,0.412897090250935,0.412466563207953,0,0
0.150283152558612,0.0977928360078137,0,0.414717966880549,0.424795257231617,0.413815479375787,0.0780667166927742,0,0
0.437050507134393,0.439807122427873,0.4301271857322,0,0.108613730424799,0.440282517889637,0.430100138592976,0,0
0,0.0328607723808786,0,0,0,0,0,0,0
0.0267042030099091,0,0,0,0,0,0,0,0
0.412206556776692,0.410589337906461,0,0.41629362558468,0.409061646474978,0,0,0,0
0,0.458542527972982,0.44880384653489,0.452652049935024,0.460236151606031,0.456176672985184,0.454380986948642,0,0
0,0.352259181836729,0.4549389064936,0.318045468246261,0.390767061696101,0.464181663298427,0.461102741695264,0,0
