EGFR,PI3K_AKT,mTOR,MEK_ERK,PKC,TGFb-SMAD,STAT3,DPD_NC,DPD_LB
0,0.000831485016164396,0.277232282831197,0.0471400972040436,-0.00205627740191308,0.74028383253721,0,0,0
-0.72409594353268,0,-0.145253484221319,0.977572542531267,0.457762280870917,-0.762058395333922,0.497120569247817,0,0
3.00288113204327,0.309945211743204,0,-0.432682596125388,-0.493737474209784,-1.99158333462591,0,0,0
1.9115108772101,0.42263456436398,-0.0312119402690529,0,0,-0.399532493401671,-0.529730465473064,0,0
0.348181953740501,0.553347387538407,0,0,0,0,0,0,0
1.12832262180222,0,-0.368673200412131,0,0,0,0,0,0
1.72247711863432,0.463206438239541,0,-0.941499596119679,0,0,0,0,0
0,0.812353797778969,0.635775353723515,-0.867225333747585,0.409473091215531,-0.0547257679681594,0.749477158889061,0,0
0,-0.510125777754616,-1.25819123738117,1.61686040151137,0.445020091157289,-1.51025789788442,-0.0209572975294658,0,0
