EGFR,PI3K_AKT,mTOR,MEK_ERK,PKC,TGFb-SMAD,STAT3,DPD_NC,DPD_LB
0,0.0331641411768992,0.249206116879093,0.24175877456278,-0.0150984215474395,1.2251222705316,0,0,0
1.5835683057521,0,0.122881656147474,-0.363939953542689,0,-1.30012808831809,-0.601260564059145,0,0
7.01850392101455,-3.44351832181328,0,-2.38300392809647,1.37780110264087,-0.294192240005754,0,0,0
0.223737208557887,0.902347211838754,0.136783626029873,0,0,-0.102159888589954,-0.0194796206474282,0,0
0,1.31125188768048,0,0,0,0,0,0,0
0,0,0,0,0,0,0,0,0
0.730667146462161,0,0,0,0,0,0,0,0
0,69.4545547933676,0.197245173916564,2.49924910552239,-2.8551597361197,-5.54602993635445,-5.00964768145558,0,0
0,0,0.337921132908455,-0.496117988293986,0,1.50682533679318,0.142254088807945,0,0
