EGFR,PI3K_AKT,mTOR,MEK_ERK,PKC,TGFb-SMAD,STAT3,DPD_NC,DPD_LB
0,0,0,0,0,0.14453578894772,0,0,0
0,0,0,0,0,0,0.138932508660187,0,0
0,0.603369119669498,0,0.589918959656661,0.604394030178939,0,0,0,0
0.519404196196676,0.520956071663222,0.532549976458061,0,0,0.533812173102402,0.521194442105995,0,0
0.0426893000283148,0,0,0,0,0,0,0,0
0.0533494065928988,0,0,0,0,0,0,0,0
0.301381399637576,0.302513433658861,0.301857503276104,0,0,0,0,0,0
0,0.529488403550982,0.533412551015615,0.496478519771434,0,1.03698260159487,0.524741952056314,0,0
0,0.842932248159033,2.11614030655042,0,0.491077305474446,2.8616952892759,0.878903343281546,0,0
