EGFR,PI3K_AKT,mTOR,MEK_ERK,PKC,TGFb-SMAD,STAT3,DPD_NC,DPD_LB
0,0.329877883848035,0.442159242802376,0,0,0.440706067007178,0,0,0
0.277773180411349,0,0.23588605710475,0.46003620472022,0,0.469362343452987,0.463950500911419,0,0
0.538469690279963,0.552926866500258,0,0.53741616616203,0.537485979672881,0,0,0,0
0.246342149631335,0.444685083349801,0.239927785080482,0,0,0.444261138554509,0.559020296344412,0,0
0,0.0488272997744782,0,0,0,0,0,0,0
0.234703709378651,0,0,0.235013579117867,0,0,0,0,0
0.0466148473138148,0,0,0,0,0,0,0,0
0,0.456084390739816,0.459682679029783,0.457019191033957,0.456535191159008,0.470779180091705,0.469781969955996,0,0
0,4.33690516376515,0.446391875485978,1.4074444117854,0.991847527608617,0.481433531013164,0.542289657336339,0,0
