EGFR,PI3K_AKT,mTOR,MEK_ERK,PKC,TGFb-SMAD,STAT3,DPD_NC,DPD_LB
0,0.243876054266468,0.247495700576956,0.435793618836638,0.435238687444929,0.248957634179973,0,0,0
0,0,0,0,0,0,0.121838894050653,0,0
0,0.33275031117172,0,0.331619306207626,0.332479891394162,0,0,0,0
0.230342886125945,0.448691460023368,0.173492804898256,0,0,0.448905578186991,0,0,0
0,0.0406812588633003,0,0,0,0,0,0,0
0.0306478497431802,0,0,0,0,0,0,0,0
0.292220560547058,0,0,0.292232916454293,0.293328356443533,0,0,0,0
0,0.541673087556934,0.541852826746189,0.542044102275229,0.546520100625161,0.543103232664161,0.00706986034462585,0,0
0,0.498875537844482,0.485635139709896,0.492082969253472,0.510418807555552,0.456568256937584,0.0742114621437375,0,0
