EGFR,PI3K_AKT,mTOR,MEK_ERK,PKC,TGFb-SMAD,STAT3,DPD_NC,DPD_LB
0,0.14581798068352,0.784416677627745,0.774966298985122,0.100602639972814,0.853490178576127,0,0,0
0.486273090022532,0,0.479912263045655,0.486922633709748,0,0.483253607989274,0.481871494864871,0,0
0.631372816534037,0.671111354510893,0,0.522418458199391,0.481260830950263,0.890709755807546,0,0,0
0.484494934043385,0.485984452259927,0.491249241931709,0,0,0.489967404341836,0.484302331164905,0,0
0,0.0383272595263742,0,0,0,0,0,0,0
0,0,0,0,0,0,0,0,0
0.0435033358718268,0,0,0,0,0,0,0,0
0,15.9824114166729,0.747074455310854,9.40794218235304,10.7476083795739,20.8764339945789,18.8573972275662,0,0
0,0,0.820449168930489,0.822756864035803,0,0.825280083875115,0.826256810181811,0,0
