EGFR,PI3K_AKT,mTOR,MEK_ERK,PKC,TGFb-SMAD,STAT3,DPD_NC,DPD_LB
0,0.000346282417889236,-0.000285304374208827,0.000576112092316236,0,0.000867815888869068,0,0,0
0.135742863018855,0,0.731326970442672,0,0,-1.40031115268003,0.700448273070033,0,0
0,0.340909529131569,0,0,0,0,-0.522124960886641,0,0
1.37430605658322,-0.34143700078272,0.77315167491057,0,0,-1.95781128997767,0.464322971914311,0,0
0,0,0,0,0,0,0,0,0
0,0,0,0,0,0,0,0,0
1.03151026463916,0.60150240981371,-1.71556936156284,0,0,0,0,0,0
0,1.38686133343655,-5.00328657007408,2.567510357177,11.6859287251577,0.11397628400458,-8.82148575971609,0,0
0,0.00732776499722596,9.86740944128757,6.59505562562963,18.8360117527502,0.00307271146558331,-0.0100867407214671,0,0
