EGFR,PI3K_AKT,mTOR,MEK_ERK,PKC,TGFb-SMAD,STAT3,DPD_NC,DPD_LB
0,0,0,0.447472739671806,0.510738372726643,0.565414051829297,0,0,0
0.521829002134997,0,0.342662193782444,0.440013633541025,0,0.565961572569543,0.450149926609864,0,0
1.452406766031,0.395957592988952,0,0.461506736767294,1.52575698855481,0,1.01032788069007,0,0
0.48786458861753,0.230124355239764,0.454343136979644,0,0,0.538362734370067,0.453098038717035,0,0
0.282077939445998,0.276274461113413,0.212195711974256,0.117835686736548,0,0,0.356113080963043,0,0
0.0740554701591083,0,0,0,0,0,0,0,0
0.262546464039949,0,0,0.141220182513305,0.210176733789233,0,0,0,0
0,0.38827814590457,0.392682491620796,0.394183886671162,0.383738380457878,0.386844053003985,0.385458258826761,0,0
0,0.224340683502264,0.390872481005618,0.39353960696641,0.449681008238798,0.500023134861354,0.440153820079903,0,0
