EGFR,PI3K_AKT,mTOR,MEK_ERK,PKC,TGFb-SMAD,STAT3,DPD_NC,DPD_LB
0,0.0561029557201627,0.287620291845231,7.77156117237609e-16,7.77156117237609e-16,0.0561029557201627,0,0,0
0,0,0,0.413426405824073,0.287567292281451,0,0,0,0
0.457450855253832,3.33066907387547e-16,0,3.33066907387547e-16,0.457450855253832,0.394602428376655,0.385202389410799,0,0
5.55111512312578e-16,5.55111512312578e-16,5.55111512312578e-16,0,0.0435942263842807,5.55111512312578e-16,5.55111512312578e-16,0,0
0.493199171315701,0,0.493199171315701,0,0,0,1.11022302462516e-16,0,0
0,0,0,0,0,0,1.77635683940025e-15,0,0
0.102750683053178,0.102750683053178,0.102750683053178,0.102750683053178,0.102750683053178,2.22044604925031e-16,0,0,0
0,1.11022302462516e-15,1.11022302462516e-15,1.11022302462516e-15,1.11022302462516e-15,1.11022302462516e-15,1.11022302462516e-15,0,0
0,0.0647909703983682,8.88178419700126e-16,8.88178419700126e-16,0,8.88178419700126e-16,8.88178419700126e-16,0,0
