EGFR,PI3K_AKT,mTOR,MEK_ERK,PKC,TGFb-SMAD,STAT3,DPD_NC,DPD_LB
0,0.992425048853487,1,1,0.997849722674122,0.997849722674122,0.0607412214667111,0,0
1,0,1,1,0.00197656719600809,1,1,0,0
0.266839943617754,0.999999999999999,0,0.999999999999999,0.999999999999999,0.990770572287127,0.999999999999999,0,0
0.999316968191557,1,1,0,0.000683031808444477,1,1,0,0
0.00180483135677379,0.00180483135677379,0.00180483135677379,0.00139280398078767,0,1,0.00180483135677379,0,0
1,0,1,1,0.0385161112987631,0,0,0,0
0.999999999999999,0.999999999999999,0.999999999999999,0.999999999999999,0,0.999999999999999,0,0,0
0,0.999999999999999,0.999999999999999,0.999999999999999,0.999999999999999,0.999999999999999,0.999999999999999,0,0
0,1,0.540488573331659,0.998164824294034,1,0.540488573331659,0.540488573331659,0,0
