EGFR,PI3K_AKT,mTOR,MEK_ERK,PKC,TGFb-SMAD,STAT3,DPD_NC,DPD_LB
0,-0.490766816115482,0,0.549396876400415,0,1.84594084972216,0,0,0
-0.79370019870263,0,0.240381369532946,0.634718388648492,0,1.44283122311805,0.223174071712053,0,0
1.97880835058577,-0.614337298687684,0,-0.988761803742079,-1.2726077453462,0,0,0,0
0.0286824811726195,0.628310220575208,0.247583149865677,0,0,-0.67261772438578,0.542464128384086,0,0
0,0.659886928976682,0,0,0,0,0,0,0
0.535177456123255,0,0,-0.222651810641752,0,0,0.320675827857351,0,0
-1.3227954111572,0,0,0.561531695883403,0,2.53836279132402,0,0,0
0,2.8237591840276,-1.58919194020909,1.13509776294578,0.566562172889423,-8.65837943975269,0,0,0
0,0,-0.457309043000097,0,4.34422159714067,1.94784975634902,-3.33994518827149,0,0
