EGFR,PI3K_AKT,mTOR,MEK_ERK,PKC,TGFb-SMAD,STAT3,DPD_NC,DPD_LB
0,0.511082207588895,0.505702383982817,0.507474358513755,0.503881874806873,0.508005766542517,0.0751748442244038,0,0
0.444925406769937,0,0.450002621563601,0.444303336737301,0.00919325855462736,0.451917641331355,0.451589607213565,0,0
0.813347659094266,0.455589097618481,0,0.477918652272415,0.446173032338834,0.444489504469945,0.434971222755768,0,0
0.466474328182583,0.458851946393296,0.462148848491505,0,0.00589208141249724,0.461961342434278,0.459808285294688,0,0
0.0246840986688579,0.0308554968509496,0.0285678892675055,0.000114287799189236,0,0.0848705165597576,0.0183132516097868,0,0
0.386324134615879,0,0.31791721059295,0.323950995088049,0.0708843170102334,0,0,0,0
0.388715266514631,0.387040678240066,0.388139182747471,0.388981849782629,0,0.38620479084206,0,0,0
0,0.435766525501981,0.43701954647776,0.42962057786212,0.438569686159123,0.437934665531329,0.436301436887149,0,0
0,0.436009825864357,0.295152436891767,0.435556810178983,0.434262646489078,0.30192975839037,0.297105124772169,0,0
