EGFR,PI3K_AKT,mTOR,MEK_ERK,PKC,TGFb-SMAD,STAT3,DPD_NC,DPD_LB
0,1,1,1,0.938052504021954,0.976463666360835,0.199394627328273,0,0
1,0,1,1,0.000424821200187234,1,1,0,0
1,1,0,1,0.995368598377276,0.0201347500480396,0,0,0
1,1,0.408172034192358,0,0,1,0,0,0
0,1,0,0,0,0,0,0,0
1,0.998697991795776,0.00130200820422452,1,0.00130200820422452,0,0,0,0
0.638371976500663,0.638371976500663,0,0.638371976500663,0,1,0,0,0
0,1,1,1,0.994753525275007,1,1,0,0
0,1,1,1,1,1,0.60658924610744,0,0
