EGFR,PI3K_AKT,mTOR,MEK_ERK,PKC,TGFb-SMAD,STAT3,DPD_NC,DPD_LB
0,0.492603776796033,0.239768909865458,0,0,1.77635683940025e-15,0,0,0
0.499114253895952,0,0.478343412513348,4.44089209850063e-16,0,4.44089209850063e-16,4.44089209850063e-16,0,0
6.66133814775094e-16,6.66133814775094e-16,0,6.66133814775094e-16,0.208108174047094,0,0,0,0
0.480347231003257,0.451591184651331,0.480294768849249,0,0,1.11022302462516e-15,1.11022302462516e-15,0,0
0,9.9920072216264e-16,0,0,0,0,0,0,0
1.33226762955019e-15,0,0,1.33226762955019e-15,0,0,0,0,0
0,0,0,0,0,0,0,0,0
0,1.11022302462516e-15,1.11022302462516e-15,1.11022302462516e-15,0.109950309921682,1.11022302462516e-15,1.11022302462516e-15,0,0
0,0.469898052369664,2.22044604925031e-16,2.22044604925031e-16,2.22044604925031e-16,2.22044604925031e-16,2.22044604925031e-16,0,0
