EGFR,PI3K_AKT,mTOR,MEK_ERK,PKC,TGFb-SMAD,STAT3,DPD_NC,DPD_LB
0,0.999999999999999,0.78177996536976,0.999999999999999,0.78177996536976,0.999999999999999,0,0,0
0.999999999999999,0,0.999999999999999,0.999999999999999,0.935511058454599,0.999840875563383,0.830817387449193,0,0
0.005892316656827,0.005892316656827,0,0.005892316656827,1,0.00427259997220658,0.995727400027794,0,0
0.999999999999999,0.999999999999999,0.999999999999999,0,0.00014128551133914,0.999999999999999,0.999999999999999,0,0
0.846095134383415,0.831265126582532,0.170763135066126,0.831265126582532,0,0.0168582694495414,0.168734873417468,0,0
1,0,0,1,0,0,0,0,0
0.999999999999999,0.00826796924490127,0.00826796924490127,0.999999999999999,0.00826796924490127,0.00826796924490127,0,0,0
0,1,1,0.24274087519452,1,0.24274087519452,1,0,0
0,1,0.999812071977634,1,1,1,1,0,0
