EGFR,PI3K_AKT,mTOR,MEK_ERK,PKC,TGFb-SMAD,STAT3,DPD_NC,DPD_LB
0,-0.0025974250090419,-0.0302218503258048,0.231748574536049,0.311473463324622,0.0268521287465443,0,0,0
0,0,0,0,0,0,0.526325483577949,0,0
0,0.746859594260464,0,-0.279928989084553,-1.08167950337657,0,0,0,0
0.0750570676069642,0.674272261001957,0.00791892979634432,0,0,-0.449805600801021,0,0,0
0,0.56691757631141,0,0,0,0,0,0,0
1.37093919052634,0,0,0,0,0,0,0,0
-6.16689866636711,0,0,1.26607446350329,2.59638419210643,0,0,0,0
0,-0.575199780652712,-0.485804015280547,0.393410945710192,0.479226852063391,-0.381990361799625,-6.86751276066501e-05,0,0
0,0.304242085473223,0.0538686435425668,0.38454814134818,-0.135113811129132,-0.158048290356281,0.0160583708914627,0,0
