EGFR,PI3K_AKT,mTOR,MEK_ERK,PKC,TGFb-SMAD,STAT3,DPD_NC,DPD_LB
0,0,0,0.0981558381005331,0.31211678419455,0.28124079916844,0,0,0
-0.399048200559835,0,0.0997519295784202,0.298038879636921,0,0.23183293742214,1.04412530083255,0,0
-1.41084481533017,-0.87949904065986,0,0.859442400310602,1.48502483394037,0,0.979901917030926,0,0
0.304122001052286,0.0657049481971299,0.931423473945487,0,0,0.296740485614157,1.05970501510153,0,0
0.672806098463849,0.130556917685094,0.0994217652315571,0.017329711009011,0,0,0.578883804073046,0,0
0.720315751870279,0,0,0,0,0,0,0,0
-0.978829051946752,0,0,0.0502783289396661,1.2132305256065,0,0,0,0
0,-27.8543015379896,19.1675756132117,17.6009799899224,-23.2372096414213,18.9750634954954,69.0807899181152,0,0
0,0.0776952824288271,0.592487047420299,0.736668917954451,0.95424478740796,-3.32832521820166,1.78555035576273,0,0
