EGFR,PI3K_AKT,mTOR,MEK_ERK,PKC,TGFb-SMAD,STAT3,DPD_NC,DPD_LB
0,0,0,1,0,1,0,0,0
1,0,0.259395422463045,1,0,1,1,0,0
0,1,0,1,0,0,0,0,0
1,0.150177912085717,0.150177912085717,0,0,1,1,0,0
0,0,0,0,0,0,0,0,0
1,0,0,1,0,0,0,0,0
0.999999999999999,0.999999999999999,0,0.999999999999999,0,0.999999999999999,0,0,0
0,0,0,1,0.337671064892438,1,0,0,0
0,0.999999999999999,0.999999999999999,0.999999999999999,0.999999999999999,0.999999999999999,0.999999999999999,0,0
