EGFR,PI3K_AKT,mTOR,MEK_ERK,PKC,TGFb-SMAD,STAT3,DPD_NC,DPD_LB
0,0,0,0.609681468228351,1,1,0,0,0
1,0,0.596957303943966,1,0,1,1,0,0
0.497679303727561,1,0,1,0.497679303727561,0,0.502320696272439,0,0
0.999999999999999,0.334547797805096,0.999999999999999,0,0,0.999999999999999,0.999999999999999,0,0
1,0.217772469216916,0.217772469216916,0.217772469216916,0,0,0.782227530783084,0,0
1,0,0,0,0,0,0,0,0
0.999999999999999,0,0,0.290552340457382,0.999999999999999,0,0,0,0
0,1,1,1,1,1,1,0,0
0,0.343957431171375,1,1,1,1,1,0,0
