EGFR,PI3K_AKT,mTOR,MEK_ERK,PKC,TGFb-SMAD,STAT3,DPD_NC,DPD_LB
0,0,0,0.487821663651045,1.33226762955019e-15,1.33226762955019e-15,0,0,0
2.22044604925031e-16,0,0.490509206041964,2.22044604925031e-16,0,2.22044604925031e-16,2.22044604925031e-16,0,0
0.499994614339806,6.66133814775094e-16,0,6.66133814775094e-16,0.499994614339806,0,0.499994614339806,0,0
1.11022302462516e-15,0.471832140478853,1.11022302462516e-15,0,0,1.11022302462516e-15,1.11022302462516e-15,0,0
2.22044604925031e-16,0.412731899503883,0.412731899503883,0.412731899503883,0,0,0.412731899503883,0,0
1.11022302462516e-15,0,0,0,0,0,0,0,0
8.88178419700125e-16,0,0,0.454017266094715,8.88178419700125e-16,0,0,0,0
0,2.22044604925031e-16,2.22044604925031e-16,2.22044604925031e-16,2.22044604925031e-16,2.22044604925031e-16,2.22044604925031e-16,0,0
0,0.475027069453272,4.44089209850063e-16,4.44089209850063e-16,4.44089209850063e-16,4.44089209850063e-16,4.44089209850063e-16,0,0
