EGFR,PI3K_AKT,mTOR,MEK_ERK,PKC,TGFb-SMAD,STAT3,DPD_NC,DPD_LB
0,0.274070710104904,-0.0562352453246628,0.0258672635468326,-0.271794382126379,0.503070704883139,0.0390933741646778,0,0
0.641539295617074,0,-0.319147858049959,-0.378495664476199,0.0394545215915639,0.500561347779229,0.894307886016413,0,0
-0.0297335047576471,0.016403512680089,0,0.581681754630416,1.15210273873885,-1.49937991843413,-0.010735977959827,0,0
0.672425719549545,0.361920298595858,0.198321365242988,0,-0.0218232332935848,0.557166607552293,0.349224607136141,0,0
0,0.614670434810464,0,0,0,0,0,0,0
1.04947011943441,0,0,0,0,0,0,0,0
-0.37290493499694,1.72544299937673,0,-0.5851618896217,-2.59135612830375,0,0,0,0
0,0.554961872849242,0.0907766417675703,-0.227807485758651,-0.3275490292493,1.21843657741598,-0.485721544752726,0,0
0,0.178396786103645,0.182589284202132,-0.0228172452880502,-0.261451730146462,0.807304626741371,0.258231530524376,0,0
