EGFR,PI3K_AKT,mTOR,MEK_ERK,PKC,TGFb-SMAD,STAT3,DPD_NC,DPD_LB
0,-0.0561665151726297,0.134969332962708,0.305282260861015,0.143323608381548,0.21994417720093,0.00326276930344983,0,0
-0.0999190114794727,0,-0.0741525956344046,0.0580232256830028,-0.000233551528263732,0.0147698015563915,0.383792996300129,0,0
0.410358195536589,0.337617538885129,0,0.105347957651707,0.800298087807782,-1.6029351596584,-0.535600251179258,0,0
0.426949411211968,0.320904089299322,-0.478536581512871,0,2.23093181061028e-05,0.0158896993187722,-0.208923429474392,0,0
0.00104121749493078,0.00123286841352008,-0.00112266541806203,4.26822714743186e-06,0,0.735454077229273,-0.000623524079557285,0,0
2.34953562907422,0,-0.569412071803076,-0.610301633098267,0.0113230905837048,0,0,0,0
1.95995396559404,0.862112772347005,-1.11731261731732,-0.61367886743813,0,-1.73533729633378,0,0,0
0,0.609624800787759,-0.177213304861988,0.361222307167408,-0.506688474253384,-1.05953711862909,-0.644468657581038,0,0
0,0.396309975118219,0.0289404482124692,0.249833102166441,-0.392589406097514,0.0554447949546928,0.054211014775446,0,0
