EGFR,PI3K_AKT,mTOR,MEK_ERK,PKC,TGFb-SMAD,STAT3,DPD_NC,DPD_LB
0,0.0236242957506104,0,0,0.420509659554781,0,0,0,0
0.271862929134311,0,0,0,0,0.271862929134311,0.271862929134311,0,0
0.378942849458483,8.88178419700126e-16,0,8.88178419700126e-16,0.162753194823674,0.499616166294885,0.162753194823674,0,0
5.55111512312578e-16,0.406462370063762,5.55111512312578e-16,0,0,5.55111512312578e-16,0.464587108279174,0,0
3.33066907387547e-16,0,0,0,0,0,0,0,0
1.4432899320127e-15,0,0,0,0,0,0,0,0
4.44089209850063e-16,4.44089209850063e-16,0,0,0,4.44089209850063e-16,0,0,0
0,1.11022302462516e-15,1.11022302462516e-15,1.11022302462516e-15,0.0338009365585669,1.11022302462516e-15,1.11022302462516e-15,0,0
0,8.88178419700126e-16,0.487550879479093,8.88178419700126e-16,8.88178419700126e-16,0.487550879479093,0,0,0
