EGFR,PI3K_AKT,mTOR,MEK_ERK,PKC,TGFb-SMAD,STAT3,DPD_NC,DPD_LB
0,0,0.176359796732801,0,0,0,0,0,0
-1.4179975243179,0,-0.00829424369614486,0.219150034078213,0,1.32698460466043,0.408410401699536,0,0
0,0.501019400500196,0,0.214748837108102,0,0,-0.554383611275426,0,0
-0.335934870454698,0,0.484059040486291,0,0,-0.629178132945032,0.800531765997515,0,0
2.66116573088698,0,0,0,0,0,0,0,0
1.38246230023833,0,0,0,0,0,0,0,0
2.76731144268006,0,-0.913429975811014,-0.234805327742739,0,1.59734864215185,0,0,0
0,0,-2.80399248806488,0,5.10107900843266,7.07055126598434,-4.43679043897922,0,0
0,0,0,0.635149425799554,0.699023033799303,2.25986684191514,0,0,0
