EGFR,PI3K_AKT,mTOR,MEK_ERK,PKC,TGFb-SMAD,STAT3,DPD_NC,DPD_LB
0,-0.0958939577708993,0.161826459590313,0.4695482461391,0.166238802697593,0.146548993441932,-0.0309383090064753,0,0
-0.245494940232677,0,-0.234899687400419,0.242456743653981,-3.55718526277724e-05,-0.258323514947661,0.364980153837939,0,0
0.749692319880976,-0.732448068400387,0,0.0931321590769326,0.749805613207411,0.0029508556989918,0,0,0
1.0023033975357,0.441062713224394,-0.0735637851671359,0,0,-0.584993569329461,0,0,0
0,0.785600649046036,0,0,0,0,0,0,0
0.738062295612855,0.430757812728115,0.000195726075255802,-0.505086911753589,0.000873965966329988,0,0,0,0
0.46342594279413,0.456355999511752,0,-0.429245694737904,0,0.6106965127352,0,0,0
0,0.250517812077136,0.359761990776308,0.200574311315966,0.0778067292080064,0.258949239678177,-0.29107008474973,0,0
0,0.0720753340883143,-0.165850903201121,0.594344375909129,-0.504689356161898,0.0285092247801673,-0.116008506544075,0,0
