EGFR,PI3K_AKT,mTOR,MEK_ERK,PKC,TGFb-SMAD,STAT3,DPD_NC,DPD_LB
0,0.0589364438840918,0.0319622030384044,0.218384172175859,0.000230812646501174,0.0594888772867822,0,0,0
1.06720592395384,0,-0.512755181443882,0.0488872145349084,0,-1.27031203423801,1.69550998704335,0,0
0,-0.337243889077811,0,0.393406264494829,0.034516535643993,-1.37341917148794,0,0,0
0.325845959476657,1.15415121865579,-0.0623048654395286,0,0,-0.0647566292618298,0.219488195623915,0,0
0,0.502671248157544,0,0,0,0,0,0,0
-1.66204451072214,0,-0.718444316384467,0.71107988728977,0,0,0,0,0
2.91758203124426,0.000339361668436694,-0.000107488875132561,-0.744121740072354,0,0.000204792060350772,0,0,0
0,0.334390721813198,0.783529953211953,-0.288073736788112,0.0661401884281517,0.736954869586137,0.235632970098341,0,0
0,0.050348195792946,-0.266508360990597,0.422806479990542,-0.120004058052068,-0.113646001250954,-0.16692965700774,0,0
