EGFR,PI3K_AKT,mTOR,MEK_ERK,PKC,TGFb-SMAD,STAT3,DPD_NC,DPD_LB
0,0,0,0.425221267073508,0.499059954780963,0.552534647969127,0,0,0
0.518940996652555,0,0.34511955411707,0.444263608187448,0,0.563003991535213,0.44893072984721,0,0
1.44744170695111,0.389303368079397,0,0.45143666086048,1.52006701890699,0,1.01050888183815,0,0
0.48500446356511,0.236769447957593,0.445511877231126,0,0,0.537896532305294,0.457236769209191,0,0
0.293196528204647,0.282468916781122,0.232849134829738,0.140408268841115,0,0,0.372330911795884,0,0
0.0732280617430987,0,0,0,0,0,0,0,0
0.268428893931026,0,0,0.145449673167912,0.211922356990113,0,0,0,0
0,0.391693717268304,0.390789547021279,0.389571966014396,0.395006912381374,0.394217105839537,0.395542262957207,0,0
0,0.227833350330067,0.394994746567472,0.405308968486252,0.455599066358226,0.507362918760906,0.440137848216669,0,0
