EGFR,PI3K_AKT,mTOR,MEK_ERK,PKC,TGFb-SMAD,STAT3,DPD_NC,DPD_LB
0,0,0,0.352377098189014,0,0.922675337864079,0,0,0
-0.211070809392349,0,0.0127687771539726,0.20348771798643,0,-0.52723534079162,0.375068891120535,0,0
0,0.128886403669825,0,0.229056505012226,0,0,0,0,0
0.29377470833341,0.00526393585988769,0.0212489200451699,0,0,-0.814430983442798,0.229446627961607,0,0
0,0,0,0,0,0,0,0,0
0.895911754942575,0,0,-0.315074802483765,0,0,0,0,0
-5.02978089622219,0.527880159389707,0,1.86614903779139,0,4.18085884275641,0,0,0
0,0,0,0.579474535921158,0.244069286275488,-3.0548126579922,0,0,0
0,-0.559904472642732,0.716613386619849,0.911836047419029,2.18543491397147,-3.49605257635904,0.262663397742745,0,0
