EGFR,PI3K_AKT,mTOR,MEK_ERK,PKC,TGFb-SMAD,STAT3,DPD_NC,DPD_LB
0,0.613994452353882,0.593857577713499,0,0.0627113532910069,0.61639083109046,0,0,0
0.493530911093851,0,0.00903379581760367,0.00902829428201399,0,0.489533616075766,0.287156271336919,0,0
0,0.276482815214567,0,0,0,0.277703532228782,0,0,0
0.467560040535574,0.479738734305368,0.472496922104181,0,0,0.47643380629085,0.473817870979488,0,0
0.299428342571561,0.300031127067107,0,0,0,0,0,0,0
0.0365205164053005,0,0,0,0,0,0,0,0
0.05074813371342,0,0,0,0,0,0,0,0
0,0.416702765830444,0.426121564989383,0.421123811628762,0.419560874061826,0.426856415165407,0.418014236753322,0,0
0,0.47622513272797,0.472227869737301,0.472497028594472,0,0.476489032433975,0.471872263044152,0,0
