EGFR,PI3K_AKT,mTOR,MEK_ERK,PKC,TGFb-SMAD,STAT3,DPD_NC,DPD_LB
0,0.0616667406057799,0.374066754725004,0.609608827064129,-0.750180109892857,0.632827098959758,0,0,0
-0.683417900510581,0,-0.762846726323908,1.66136551608037,1.42953181745015,-3.55459289644037,-0.0709094948364312,0,0
0.00758202614202229,-0.00156082071281436,0,-0.00504563193800202,2.7266101390202,-0.00596229525131713,-2.12759756626554,0,0
0.0317925582161041,0.288043699933908,-0.0825826760318843,0,0.000184590244037726,-0.51416965614857,1.09829938009187,0,0
-0.718768395553045,0.398346938178704,0.0669796377569052,0.766282938291235,0,0.00725502227323041,0.149566785606411,0,0
-0.827883099892382,0,0,0.98121693102564,0,0,0,0,0
-0.601035396554203,-0.00119478796335014,-0.00152747021852763,0.703336276556495,0.00410126683556169,0.00394055828421814,0,0,0
0,0.265165753455199,-0.645793463274927,0.0368024606793397,1.94178951613469,-0.158754312042725,-0.674259162012017,0,0
0,0.606006022874918,-0.2758602550218,0.702494731063937,-0.510017685227545,-1.26682093418144,0.797228743184564,0,0
