EGFR,PI3K_AKT,mTOR,MEK_ERK,PKC,TGFb-SMAD,STAT3,DPD_NC,DPD_LB
0,0.480215436540167,1.22124532708767e-15,1.22124532708767e-15,0.441901672560065,0.369689300387745,0,0,0
0.360111890227464,0,1.11022302462516e-15,0.178564300711815,0,1.11022302462516e-15,1.11022302462516e-15,0,0
0,2.22044604925031e-16,0,2.22044604925031e-16,2.22044604925031e-16,2.22044604925031e-16,0,0,0
0.1682187818363,2.22044604925031e-16,2.22044604925031e-16,0,0,2.22044604925031e-16,0.39518494366395,0,0
0,6.66133814775094e-16,0,0,0,0,0,0,0
4.44089209850063e-16,0,4.44089209850063e-16,4.44089209850063e-16,0,0,0,0,0
0.0156307853263932,0.0335608873056489,0.0335608873056489,0.0297059487847074,0,0.0335608873056489,0,0,0
0,0.176723402476913,4.44089209850063e-16,4.44089209850063e-16,0.493564860077324,4.44089209850063e-16,0.498418786149428,0,0
0,0.191593849069363,2.22044604925031e-16,2.22044604925031e-16,0.497140980602084,2.22044604925031e-16,0.497792443127834,0,0
