EGFR,PI3K_AKT,mTOR,MEK_ERK,PKC,TGFb-SMAD,STAT3,DPD_NC,DPD_LB
0,0,0.174235452195499,0,0,0,0,0,0
0.568539277218872,0,0.0821241938017643,0.566344777741759,0,0.559987256127919,0.5652177954608,0,0
0,0.546239670971998,0,0.548226587802856,0,0,0.546109472782615,0,0
0.540110870270478,0,0.542710398966669,0,0,0.562698942689497,0.553582216929274,0,0
0.0484684864828457,0,0,0,0,0,0,0,0
0.0357919067011779,0,0,0,0,0,0,0,0
0.446954044577062,0,0.440709524696989,0.450387984129748,0,0.449111920236208,0,0,0
0,0,0.628865713150182,0,0.609666813435068,0.611774539018423,0.619579658289384,0,0
0,0,0,0.823056008684298,0.814908608024653,0.816266711396676,0,0,0
