EGFR,PI3K_AKT,mTOR,MEK_ERK,PKC,TGFb-SMAD,STAT3,DPD_NC,DPD_LB
0,2.22044604925031e-16,2.22044604925031e-16,0.375339952153167,2.22044604925031e-16,2.22044604925031e-16,0.293241347061223,0,0
0,0,0,0,0.300416427786895,0.0850576334714517,0,0,0
0.20433715621423,0.20433715621423,0,0,0,0,0.20433715621423,0,0
0.0526145156129738,6.66133814775094e-16,6.66133814775094e-16,0,0.249111765111972,6.66133814775094e-16,6.66133814775094e-16,0,0
0,0,0,0,0,0,0,0,0
8.88178419700125e-16,0,0,0,0,0,0,0,0
0,0,0,0,0,0,0,0,0
0,4.44089209850063e-16,0.124182341265925,4.44089209850063e-16,4.44089209850063e-16,4.44089209850063e-16,4.44089209850063e-16,0,0
0,0.496385800078049,8.88178419700126e-16,0.496385800078049,0.496385800078049,8.88178419700126e-16,8.88178419700126e-16,0,0
