EGFR,PI3K_AKT,mTOR,MEK_ERK,PKC,TGFb-SMAD,STAT3,DPD_NC,DPD_LB
0,0.824074979070377,-0.0996766319899539,0,0.00341232073462184,0.186239572632465,0,0,0
0.138457195563729,0,0.000234744310208794,-0.000241353015314551,0,0.396037594405663,0.026170717822778,0,0
0,3.50988135647411,0,0,0,-3.18473837155169,0,0,0
1.03444776547241,-0.592042554955902,0.278718478422367,0,0,0.455371257569489,0.649481395187296,0,0
-0.425988034398313,2.96945889436515,0,0,0,0,0,0,0
1.01124940838314,0,0,0,0,0,0,0,0
0.711551314685117,0,0,0,0,0,0,0,0
0,0.308506452621107,-3.09669867828111,-10.0208292487034,3.45227808371811,-1.54774480511738,-1.98706601328809,0,0
0,-15.6238117277888,-2.58954312658243,12.4672537296404,0,-18.8326291014892,1.95392279160031,0,0
