EGFR,PI3K_AKT,mTOR,MEK_ERK,PKC,TGFb-SMAD,STAT3,DPD_NC,DPD_LB
0,0,0.619918599284369,0.615128353727305,0.619852941361846,0.620047265242376,0,0,0
0.517995275876419,0,0.512236086094618,0.0813062577156531,0.511106963369283,0.511486669662831,0.508410838250731,0,0
0,0.443019092700725,0,0.441737249678155,0.442474370960121,0.444337916286539,0,0,0
0.443093277734414,0.449184746292242,0,0,0,0.454105604954253,0.138269741201709,0,0
0.0506650275614904,0,0,0,0,0,0,0,0
0.374899516423953,0,0.373116399135434,0.375777498274035,0,0,0,0,0
0.358360297248113,0,0,0.361442986733518,0,0.359809878302056,0,0,0
0,0.401192122921418,0.39770775183456,0.400849545797466,0.400169694331722,0.410909183059553,0.408478569082571,0,0
0,0,0.603624465008454,0.614765943024477,0.116255270300322,0.609649646310476,0.119956848776514,0,0
