EGFR,PI3K_AKT,mTOR,MEK_ERK,PKC,TGFb-SMAD,STAT3,DPD_NC,DPD_LB
0,0.515285354560811,0.313952396271872,0.505144669211495,0.00624945892497185,0.539906534162991,0.00138149949802175,0,0
0.475526726539165,0,0.46491365531733,0.466069462921471,0,0.470837076857589,0.471756401287245,0,0
0,0,0,0.21823971759297,0.223020149110372,0,0,0,0
0.52005452866763,0.480535465360962,0.46942046592841,0,0.108623120663878,0.519194178379464,0.47733171562653,0,0
0.220947453881139,0,0,0,0,0.220602255385126,0.0240047916995609,0,0
0.250685942855195,0,0,0,0,0,0.254005722788659,0,0
0.211247711351319,0,0,0,0,0.208538322825609,0,0,0
0,0.466012644222484,0,0.475687544026604,0.475858397927231,0.529466701245882,0.474555177490912,0,0
0,0,0.537548602512241,0.541505474989607,0.543402496381964,0.592816845884906,0.548819275962855,0,0
