EGFR,PI3K_AKT,mTOR,MEK_ERK,PKC,TGFb-SMAD,STAT3,DPD_NC,DPD_LB
0,1,0,1,0,1,0,0,0
1,0,1,1,0,1,1,0,0
1,1,0,1,1,0,0,0,0
0.714592088675842,0.999999999999999,0.999999999999999,0,0,0.999999999999999,0.999999999999999,0,0
0,1,0,0,0,0,0,0,0
1,0,0,1,0,0,1,0,0
1,0,0,1,0,1,0,0,0
0,0.93945065256432,1,1,0.174930524052121,1,0,0,0
0,0,0.245707232563996,0,0.784998931787555,0.215001068212445,1,0,0
