EGFR,PI3K_AKT,mTOR,MEK_ERK,PKC,TGFb-SMAD,STAT3,DPD_NC,DPD_LB
0,4.44089209850063e-16,4.44089209850063e-16,4.44089209850063e-16,0.241060166182835,0.151599388646494,0.399545253908606,0,0
2.22044604925031e-16,0,2.22044604925031e-16,2.22044604925031e-16,0.0206068126389091,2.22044604925031e-16,2.22044604925031e-16,0,0
1.11022302462516e-16,1.11022302462516e-16,0,1.11022302462516e-16,0.0678966254075506,0.140461175733875,0,0,0
4.44089209850063e-16,4.44089209850063e-16,0.491495294683103,0,0,4.44089209850063e-16,0,0,0
0,0,0,0,0,0,0,0,0
1.11022302462516e-15,0.0360598527293256,0.0360598527293256,1.11022302462516e-15,0.0360598527293256,0,0,0,0
0.480471847374328,0.480471847374328,0,0.480471847374328,0,2.22044604925031e-16,0,0,0
0,1.11022302462516e-15,1.11022302462516e-15,1.11022302462516e-15,0.0722422952843705,1.11022302462516e-15,1.11022302462516e-15,0,0
0,4.44089209850063e-16,4.44089209850063e-16,4.44089209850063e-16,4.44089209850063e-16,4.44089209850063e-16,0.488506635179347,0,0
