EGFR,PI3K_AKT,mTOR,MEK_ERK,PKC,TGFb-SMAD,STAT3,DPD_NC,DPD_LB
0,0.335663039465587,0.335663039465587,0.999999999999999,0.999999999999999,0.335663039465587,0,0,0
0,0,0,0,0,0,1,0,0
0,1,0,1,1,0,0,0,0
0.198422104567511,0.999999999999999,0.198422104567511,0,0,0.999999999999999,0,0,0
0,1,0,0,0,0,0,0,0
1,0,0,0,0,0,0,0,0
1,0,0,1,1,0,0,0,0
0,1,1,1,1,0.987591507971067,0.000970750196341936,0,0
0,0.935049509670308,0.862982095276945,1,0.935049509670308,0.71628594900907,0.0649504903296931,0,0
