EGFR,PI3K_AKT,mTOR,MEK_ERK,PKC,TGFb-SMAD,STAT3,DPD_NC,DPD_LB
0,0,0,0,0,0.968403248104326,0,0,0
0,0,0,0,0,0,0.677312983642433,0,0
0,0.171614861864823,0,-0.508805541192713,-0.47884585117835,0,0,0,0
0.221948360079329,-0.322485999873875,0.732309792953537,0,0,0.510843483552351,0.793558022262872,0,0
0.642696084115915,0,0,0,0,0,0,0,0
0.727316783895785,0,0,0,0,0,0,0,0
2.14097299273079,0.57690148222927,-1.60400973607021,0,0,0,0,0,0
0,21.9049944730467,-67.8289388742368,0.0412030619977,0,60.2833460171886,-31.2199260215992,0,0
0,4.6972652152683,-4.03163111211069,0,5.1229478828827,-4.46260574941533,-3.37944344507279,0,0
