EGFR,PI3K_AKT,mTOR,MEK_ERK,PKC,TGFb-SMAD,STAT3,DPD_NC,DPD_LB
0,0.999441580818305,1,1,0.770502543834845,1,0,0,0
0.0803685572284732,0,0,0,0,0.0803685572284732,0.0803685572284732,0,0
0.826193679957608,1,0,1,0.97276992033619,0.480412085950725,0.97276992033619,0,0
0.999999999999999,0.791184377537926,0.999999999999999,0,0,0.999999999999999,0.684821045394714,0,0
1,0,0,0,0,0,0,0,0
0.999999999999999,0,0,0,0,0,0,0,0
1,1,0,0,0,1,0,0,0
0,0.999999999999999,0.999999999999999,0.999999999999999,0.998856188382747,0.999999999999999,0.999999999999999,0,0
0,1,0.610878942631875,1,1,0.610878942631875,0,0,0
