EGFR,PI3K_AKT,mTOR,MEK_ERK,PKC,TGFb-SMAD,STAT3,DPD_NC,DPD_LB
0,0.470196288591652,0.46640789724872,0.47976722035849,0.47308509367548,0.476294449154037,0,0,0
0.41082156687585,0,0.385767805314754,0.364687066248116,0.109099900970386,0.418947787804013,0.478569500910228,0,0
0.217295112702221,0.369221319930653,0,0.367939892982887,0.221539235077177,0.870313513187798,0.925922392786051,0,0
0.449711825466712,0.447750415823707,0.440087871581876,0,0.0309145804974781,0.451391826176763,0.444587075604021,0,0
0.613038090984679,0,0.676418131331429,0,0,0,0.872262729565724,0,0
0,0,0,0,0,0,0.0388274753942195,0,0
0.0356475085889163,0.0319612211914278,0.0343657424402743,0.0349284397730148,0.0354486340620931,0.063005078234144,0,0,0
0,0.392747734777891,0.387732928173666,0.387672145933029,0.393765170473411,0.391855170656822,0.391103183719877,0,0
0,0.515940027800617,0.510729973587086,0.509681516631392,0,0.512054532651973,0.512997851273373,0,0
