EGFR,PI3K_AKT,mTOR,MEK_ERK,PKC,TGFb-SMAD,STAT3,DPD_NC,DPD_LB
0,0.438856752114584,0,0.43726379149362,0,0.442006898126866,0,0,0
0.487088930536339,0,0.48205878054123,0.485055908111168,0,0.487465531082594,0.484458372531801,0,0
0.484743016502461,0.47867178949987,0,0.48386362842053,0.48371176724277,0,0,0,0
0.377738426340821,0.431339963634866,0.434661576324412,0,0,0.429475704600089,0.431659002769662,0,0
0,0.046342896823633,0,0,0,0,0,0,0
0.422642882788103,0,0,0.423067211994089,0,0,0.427284464840044,0,0
0.253334951296535,0,0,0.254559483188399,0,0.252521830432795,0,0,0
0,0.985382677234712,0.751791068625487,0.655113715607522,1.36573853975317,0.965440226349345,0,0,0
0,0,0.833138448818829,0,2.42312945580606,3.72515729081399,1.01597077148623,0,0
