EGFR,PI3K_AKT,mTOR,MEK_ERK,PKC,TGFb-SMAD,STAT3,DPD_NC,DPD_LB
0,0.0867039287555186,8.88178419700126e-16,8.88178419700126e-16,0.046321200689324,0.046321200689324,0.238855030261963,0,0
4.44089209850063e-16,0,4.44089209850063e-16,4.44089209850063e-16,0.0444146414837242,4.44089209850063e-16,4.44089209850063e-16,0,0
0.442308024014744,7.7715611723761e-16,0,7.7715611723761e-16,7.7715611723761e-16,0.0956255477211234,7.7715611723761e-16,0,0
0.0261259502409602,1.33226762955019e-15,1.33226762955019e-15,0,0.0261259502409603,1.33226762955019e-15,1.33226762955019e-15,0,0
0.0424449518853231,0.0424449518853231,0.0424449518853231,0.03729429015089,0,3.33066907387547e-16,0.0424449518853231,0,0
4.44089209850063e-16,0,4.44089209850063e-16,4.44089209850063e-16,0.192438614807903,0,0,0,0
8.88178419700125e-16,8.88178419700125e-16,8.88178419700125e-16,8.88178419700125e-16,0,8.88178419700125e-16,0,0,0
0,1.33226762955019e-15,1.33226762955019e-15,1.33226762955019e-15,1.33226762955019e-15,1.33226762955019e-15,1.33226762955019e-15,0,0
0,4.44089209850063e-16,0.49835797919725,0.0427996242517814,4.44089209850063e-16,0.49835797919725,0.49835797919725,0,0
