EGFR,PI3K_AKT,mTOR,MEK_ERK,PKC,TGFb-SMAD,STAT3,DPD_NC,DPD_LB
0,0.414317334972094,0.93876060655206,0,0,1,0,0,0
0.47025169655447,0,0.354440459931048,1,0,1,1,0,0
1,1,0,1,0.954632805563771,0,0,0,0
0.361196045922665,0.714628520810277,0.361014623013618,0,0,0.999999999999999,0.999999999999999,0,0
0,0.999999999999999,0,0,0,0,0,0,0
1,0,0,1,0,0,0,0,0
1,0,0,0,0,0,0,0,0
0,0.999999999999999,0.999999999999999,0.999999999999999,0.987761139645344,0.999999999999999,0.999999999999999,0,0
0,0.329132155221656,1,1,1,1,1,0,0
