EGFR,PI3K_AKT,mTOR,MEK_ERK,PKC,TGFb-SMAD,STAT3,DPD_NC,DPD_LB
0,-0.0784215575767818,0.285229187912282,0.651503056699957,-0.144298377720466,0.146231783608719,0,0,0
0,0,0,0,0,0,0,0,0
3.57336076498662,0.610969077656515,0,-2.74817078188367,0.654694222778272,0,0,0,0
1.99990550958122,0.161990506976085,-0.622033981541372,0,0,-0.3787316431126,-0.735865928217693,0,0
0.251943733035931,0,0,0,0,0,0,0,0
0,0,0,0.333616526320344,0,0,0,0,0
0,0,0,0,0,0,0,0,0
0,0,-1.79655882111232,2.87094048419506,-3.55139439873653,-8.87647245891674,6.26242105265202,0,0
0,0,-1.2324455116829,2.68537316468151,-1.61655950581819,-4.83574173303515,1.06431757147837,0,0
