EGFR,PI3K_AKT,mTOR,MEK_ERK,PKC,TGFb-SMAD,STAT3,DPD_NC,DPD_LB
0,0.462570670752713,0.460344338140069,0.460179976916689,0.451893580195071,0.463596014323751,0.185713564517701,0,0
0.43778542015358,0,0.435580403799999,0.438318881132666,0.001851911620284,0.436363500036553,0.436543384325083,0,0
0.342102610596115,0.33451240477514,0,0.335637261688976,0.336920989224637,0.0580743071579192,0,0,0
0.500520382772466,0.527632384929359,0.311011084506432,0,0,0.609722018729112,0,0,0
0,0.0383779376505085,0,0,0,0,0,0,0
0.457354479504309,0.446871898293029,0.00807926298235661,0.453248585868386,0.0248639371400135,0,0,0,0
0.46527444417853,0.459618424003086,0,0.445268402843522,0,0.748085030203285,0,0,0
0,0.467819790837727,0.469080095960623,0.468174169777237,0.463261298138806,0.465302541135541,0.469239006224425,0,0
0,0.445458122452153,0.441017710265359,0.443101932384802,0.440974660747889,0.471408532935334,0.345797512004804,0,0
