EGFR,PI3K_AKT,mTOR,MEK_ERK,PKC,TGFb-SMAD,STAT3,DPD_NC,DPD_LB
0,0.471021498529043,0.478442879211197,0.471852150259894,0.441638341595791,0.587154124152707,0,0,0
0.143367794841226,0,0,0,0,0.17007787379594,0.102046935655829,0,0
0.787662522109495,0.418203943296627,0,0.523364905892352,0.479742449806138,0.522623369279578,0.418111506552618,0,0
0.591343830408143,0.447526272971609,0.477162914412681,0,0,0.516518377880829,0.410773797044928,0,0
0.0473484281995298,0,0,0,0,0,0,0,0
0.0585283285262003,0,0,0,0,0,0,0,0
0.370742562330112,0.369502714462072,0,0,0,0.371963313830434,0,0,0
0,0.44614688365754,0.447338830494971,0.446904062243974,0.444850723179262,0.449002762848502,0.449862373246862,0,0
0,0.510580922507969,0.390779259183938,0.516836915834978,0.513156687094761,0.390215450055647,0,0,0
