EGFR,PI3K_AKT,mTOR,MEK_ERK,PKC,TGFb-SMAD,STAT3,DPD_NC,DPD_LB
0,0.0132050512777907,0.012837569799648,0.0152031741823186,0,0.0176051771720022,0,0,0
0.57742162024603,0,0.572941860216601,0,0,0.581158719908292,0.578430560207453,0,0
0,0.323790652351305,0,0,0,0,0.319637447775066,0,0
0.476924173716642,0.476295412493081,0.477205692118491,0,0,0.482748586180184,0.47467212752091,0,0
0,0,0,0,0,0,0,0,0
0,0,0,0,0,0,0,0,0
0.37854558085461,0.374035934152301,0.374716729068723,0,0,0,0,0,0
0,1.2491227380651,4.36050357015446,0.505148698292821,3.36865849303612,4.53612325358237,1.1416337343111,0,0
0,0.157982653295207,1.01627496507952,0.920181871815946,0.938914576024561,0.0664669152445495,0.217402178980955,0,0
