EGFR,PI3K_AKT,mTOR,MEK_ERK,PKC,TGFb-SMAD,STAT3,DPD_NC,DPD_LB
0,0,1,1,0.989379929293891,1,0,0,0
1,0,1,0.0752400535972662,1,1,1,0,0
0,1,0,1,1,1,0,0,0
1,1,0,0,0,1,0.131759707947044,0,0
0.999999999999999,0,0,0,0,0,0,0,0
1,0,1,1,0,0,0,0,0
1,0,0,1,0,1,0,0,0
0,0.999999999999999,0.999999999999999,0.999999999999999,0.999999999999999,0.999999999999999,0.928632551649057,0,0
0,0,1,1,0.0781674431482769,1,0.0851584199735665,0,0
