EGFR,PI3K_AKT,mTOR,MEK_ERK,PKC,TGFb-SMAD,STAT3,DPD_NC,DPD_LB
0,6.66133814775094e-16,0.41303759043968,6.66133814775094e-16,0.41303759043968,6.66133814775094e-16,0,0,0
9.99200722162641e-16,0,9.99200722162641e-16,9.99200722162641e-16,0.245621900415565,0.012613449806862,0.374913131486868,0,0
0.0765349414401205,0.0765349414401205,0,0.0765349414401205,4.44089209850063e-16,0.0652253391074671,0.0652253391074671,0,0
9.9920072216264e-16,9.9920072216264e-16,9.9920072216264e-16,0,0.0118855184886241,9.9920072216264e-16,9.9920072216264e-16,0,0
0.360857531383405,0.374517577571813,0.376301855919571,0.374517577571813,0,0.128740313036392,0.374517577571813,0,0
2.22044604925031e-16,0,0,2.22044604925031e-16,0,0,0,0,0
8.88178419700125e-16,0.0905516975515459,0.0905516975515459,8.88178419700125e-16,0.0905516975515459,0.0905516975515459,0,0,0
0,2.22044604925031e-16,2.22044604925031e-16,0.428739714400612,2.22044604925031e-16,0.428739714400612,2.22044604925031e-16,0,0
0,2.22044604925031e-16,0.0137073960118307,2.22044604925031e-16,2.22044604925031e-16,2.22044604925031e-16,2.22044604925031e-16,0,0
