EGFR,PI3K_AKT,mTOR,MEK_ERK,PKC,TGFb-SMAD,STAT3,DPD_NC,DPD_LB
0,0.286700264588362,0.359495611080717,0.365966635754311,0.331998912100076,0.288295949568693,0,0,0
0,0,0,0,0,0,0,0,0
0.454184201008955,0.498363650918251,0,0.455774695751329,0.464469970510056,0,0,0,0
0.449526879603653,0.325662820272042,0.438231629753497,0,0,0.466331941242147,0.687799809522189,0,0
0.060218284457956,0,0,0,0,0,0,0,0
0,0,0,0.0424533529176026,0,0,0,0,0
0,0,0,0,0,0,0,0,0
0,0,0.48483229951131,0.487756099305001,0.489904193499687,0.493576388920174,0.486660198533592,0,0
0,0,0.56942309432254,0.574387623260532,0.579281618268299,0.577058596378851,0.571289775840276,0,0
