EGFR,PI3K_AKT,mTOR,MEK_ERK,PKC,TGFb-SMAD,STAT3,DPD_NC,DPD_LB
0,0.0692045501385068,0.0692045501385068,0.0692045501385068,0,0.0692045501385068,0,0,0
6.66133814775094e-16,0,6.66133814775094e-16,0,0,6.66133814775094e-16,6.66133814775094e-16,0,0
0,1.33226762955019e-15,0,0,0,0,1.33226762955019e-15,0,0
3.33066907387547e-16,3.33066907387547e-16,3.33066907387547e-16,0,0,3.33066907387547e-16,3.33066907387547e-16,0,0
0,0,0,0,0,0,0,0,0
0,0,0,0,0,0,0,0,0
2.22044604925031e-16,2.22044604925031e-16,2.22044604925031e-16,0,0,0,0,0,0
0,0.495118868270047,0.495118868270047,2.22044604925031e-16,2.22044604925031e-16,2.22044604925031e-16,2.22044604925031e-16,0,0
0,0.0463232396983129,2.22044604925031e-16,2.22044604925031e-16,2.22044604925031e-16,0.0463232396983129,0.0463232396983129,0,0
