EGFR,PI3K_AKT,mTOR,MEK_ERK,PKC,TGFb-SMAD,STAT3,DPD_NC,DPD_LB
0,-0.00518221989046045,-0.0233658111369715,0.219257003294702,0.314575061079288,0.0214691568681476,0,0,0
0,0,0,0,0,0,0.526713916958426,0,0
0,0.743257904923896,0,-0.272797087333209,-1.08149883015984,0,0,0,0
0.0690271655608257,0.669721256649133,0.00795704408640309,0,0,-0.439728962059219,0,0,0
0,0.567438098322363,0,0,0,0,0,0,0
1.37130283220148,0,0,0,0,0,0,0,0
-6.16275871437985,0,0,1.26114066128216,2.59263083715188,0,0,0,0
0,-0.573071205802228,-0.490245944134864,0.380782815006967,0.472114702856623,-0.360770915492634,-0.000139307230793083,0,0
0,0.310046144600092,0.0523086441720194,0.383041047748366,-0.143524795053892,-0.160046763304629,0.0157980899651143,0,0
