EGFR,PI3K_AKT,mTOR,MEK_ERK,PKC,TGFb-SMAD,STAT3,DPD_NC,DPD_LB
0,0,0,0,0.245886208654408,0.166906642027597,0.400751503299147,0,0
4.44089209850063e-16,0,4.44089209850063e-16,4.44089209850063e-16,0.012013212576735,4.44089209850063e-16,4.44089209850063e-16,0,0
4.44089209850063e-16,4.44089209850063e-16,0,4.44089209850063e-16,0.0711562263487442,0.141421556314877,0,0,0
3.33066907387547e-16,3.33066907387547e-16,0.490505503216667,0,0,3.33066907387547e-16,0,0,0
0,2.22044604925031e-16,0,0,0,0,0,0,0
6.66133814775094e-16,0.0397530219679873,0.0397530219679873,6.66133814775094e-16,0.0397530219679873,0,0,0,0
0.484031178548821,0.484031178548821,0,0.484031178548821,0,8.88178419700126e-16,0,0,0
0,0,0,0,0.0735871004750885,0,0,0,0
0,2.22044604925031e-16,2.22044604925031e-16,2.22044604925031e-16,2.22044604925031e-16,2.22044604925031e-16,0.490109628044235,0,0
