EGFR,PI3K_AKT,mTOR,MEK_ERK,PKC,TGFb-SMAD,STAT3,DPD_NC,DPD_LB
0,0.0727377561605963,0.0702286751286107,0.510766222897688,0,0.512780972400856,0,0,0
0.368201407252115,0,0.359121898068412,0.357484237586755,0,0.426740400759728,0.397055483677663,0,0
0,0.371089649768911,0,0.371696787232395,0.374139953974487,0,0,0,0
0.637077201270901,0.635699935364687,0.63644518946768,0,0,0.635333919534278,0,0,0
0,0,0,0,0,0,0.0569502912805289,0,0
0.0314153477218306,0,0,0,0,0,0,0,0
0.428293311283618,0.425624156076603,0,0,0,0,0,0,0
0,0.516108324014272,0,0,0.387961985670095,0,0.378102452191458,0,0
0,0.543458843632311,0.539065833481422,0.546505876787679,0.545513933597205,0.539972847532544,0,0,0
