EGFR,PI3K_AKT,mTOR,MEK_ERK,PKC,TGFb-SMAD,STAT3,DPD_NC,DPD_LB
0,0.412354551042397,1,1,0,1,0,0,0
0.999999999999999,0,0.999999999999999,0.672341997750422,0,0.999999999999999,0.999999999999999,0,0
0,1,0,0,1,0,0,0,0
0.282138118575304,0,0.110315831201478,0,0,1,0,0,0
1,0,1,0,0,0,0,0,0
0.999999999999999,0,0,0.0636855910437621,0,0,0,0,0
0.876436161578798,0,0,1,1,0,0,0,0
0,0,1,0,0,0,0,0,0
0,0.999999999999999,0.999999999999999,0.999999999999999,0.00276132883306281,0.999999999999999,0.999999999999999,0,0
