EGFR,PI3K_AKT,mTOR,MEK_ERK,PKC,TGFb-SMAD,STAT3,DPD_NC,DPD_LB
0,0.263941695492398,0.0992315666183414,0,0,0.537203656682499,0,0,0
0.103618854591711,0,-0.251979430322112,0,0,0.400621034183093,0.18221348794806,0,0
0,-0.641459010287654,0,0.972015289157854,0.852700666969188,0,0,0,0
2.23883519964973,-0.0487981697649476,-0.0111532464565003,0,0,-1.0556349088131,-0.573327317480434,0,0
2.85139210834829,-2.45835414185939,0,0,0,0,0,0,0
1.07268503657254,0,0,0,0,0,0,0,0
0.984920689571137,0,0,0,0,0,0,0,0
0,0,0.32723752285936,-0.697334015879877,-0.552258003496368,0.534817708408726,1.29998788392739,0,0
0,-0.938486756009512,-1.07931506399965,1.10890971922399,0,-0.879684809771598,-2.27117134221574,0,0
