EGFR,PI3K_AKT,mTOR,MEK_ERK,PKC,TGFb-SMAD,STAT3,DPD_NC,DPD_LB
0,0,0,0,0,0,0,0,0
0.829314460424559,0,0.999999999999999,0,0,0.980857538187648,0.999999999999999,0,0
0,0.999999999999999,0,0.999999999999999,0.0536474769491206,0,0,0,0
0.482102464907529,0,0,0,0,0.999999999999999,0.325201387148795,0,0
1,0,1,0,0,0,0,0,0
1,0,0,0,0,0,0,0,0
0,0,0,1,0,0,0,0,0
0,0.249263674160633,1,0.956813815517067,0.575729002268265,0.206077489677699,0.212323033563793,0,0
0,0.999999999999999,0.999999999999999,0.999999999999999,0.928889929102655,0.999999999999999,0.999999999999999,0,0
