EGFR,PI3K_AKT,mTOR,MEK_ERK,PKC,TGFb-SMAD,STAT3,DPD_NC,DPD_LB
0,0,0,0,0,0,0,0,0
0.147517375927788,0,-0.194052651522091,0,0,-0.322941872533589,1.10384066869202,0,0
0,1.57002721181667,0,-0.392148180909612,-0.00773133764763478,0,0,0,0
0.266153969280274,0,0,0,0,0.664715365811556,0.0951493817532236,0,0
1.24166423179055,0,0.556561133059588,0,0,0,0,0,0
1.24052097495215,0,0,0,0,0,0,0,0
0,0,0,0.790925052951691,0,0,0,0,0
0,-0.0102735581953819,0.224491664535579,0.404264264322352,0.12057035249142,0.0686502304681229,-0.0918544336688044,0,0
0,-1.58294506303852,-0.48696389453707,-0.581968593534617,-0.0669133716082938,0.797951396836827,1.67933151161041,0,0
