EGFR,PI3K_AKT,mTOR,MEK_ERK,PKC,TGFb-SMAD,STAT3,DPD_NC,DPD_LB
0,0,0,0,0,0.157379596380944,0,0,0
0.148921924670069,0,0,0,0,0.491917609846396,0.479682066774715,0,0
0,0.433675549310606,0,0.427966095736597,0.434198807520985,0,0,0,0
0.584476518370785,0.059157124745047,0,0,0,0.672734788814702,0.548126951583822,0,0
0.0387851641642832,0,0,0,0,0,0,0,0
0.0421355913943691,0,0,0,0,0,0,0,0
0.33906315311575,0,0,0.340004775527299,0,0,0,0,0
0,0.367449089176251,0,0.508824731483071,0.509571703513784,0.509347363743956,0.521403251615801,0,0
0,0,0.418037815729499,0.0975069634284266,0.0365394856114538,0.587462050217401,0.573424269738947,0,0
