EGFR,PI3K_AKT,mTOR,MEK_ERK,PKC,TGFb-SMAD,STAT3,DPD_NC,DPD_LB
0,0,0,0,0,0.918917658030889,0,0,0
0.743157405265604,0,-0.316094067774223,0,0,-0.883928424983764,0.774136661986623,0,0
0,2.3117088093624,0,-0.41068022583376,-0.137847701468466,0,0,0,0
1.36552581490565,0.0430539982574768,0.00381676973418954,0,0,-0.879788243319047,0.629862273406524,0,0
1.19006969639393,0,0.411968710428495,0,0,0,0,0,0
0.922290536029448,0,0,0,0,0,0,0,0
1.14267784578359,0,0,0,0,0,0,0,0
0,-0.758571552438613,0,0.685631945970319,0.0578338074839597,0.671089534613471,-0.317628162963783,0,0
0,0.888202065207996,0,0.342784983816393,-0.346710135737164,-2.83261528331108,1.088121682449,0,0
