EGFR,PI3K_AKT,mTOR,MEK_ERK,PKC,TGFb-SMAD,STAT3,DPD_NC,DPD_LB
0,0.999999999999999,0.999999999999999,0.999999999999999,0.172357788552348,0.975143136149773,0.0862914445082433,0,0
1,0,0.972813973604617,1,0,1,0.972813973604617,0,0
0,0,0,1,1,0,0,0,0
1,0.00065607902766124,0.244363690226716,0,0,1,0.256498565371515,0,0
0,0,0,0,0,0,1,0,0
1,0,0,1,0,0,0,0,0
1,0,0.0539717423270654,1,0,0.11983161050079,0,0,0
0,0,1,0,0.0233925049447841,0.2985313951661,0.2985313951661,0,0
0,0.940535343775358,0.999428119079348,0.999999999999999,0.485817180612627,0.999999999999999,0.999999999999999,0,0
