EGFR,PI3K_AKT,mTOR,MEK_ERK,PKC,TGFb-SMAD,STAT3,DPD_NC,DPD_LB
0,0,0,0,0,1,0,0,0
0.963004824156193,0,1,0,0,1,1,0,0
0,0.999999999999999,0,0.999999999999999,0.6370656054919,0,0,0,0
0.999999999999999,0.14129520862959,0.0289999268502491,0,0,0.999999999999999,0.753593646254407,0,0
1,0,1,0,0,0,0,0,0
1,0,0,0,0,0,0,0,0
1,0,0,0,0,0,0,0,0
0,1,0,1,1,0.940402314535701,1,0,0
0,1,0,1,1,1,1,0,0
