EGFR,PI3K_AKT,mTOR,MEK_ERK,PKC,TGFb-SMAD,STAT3,DPD_NC,DPD_LB
0,0,0,0,0,0,0,0,0
0.3762339513591,0,5.55111512312578e-16,0,0,0.137025647118029,5.55111512312578e-16,0,0
0,5.55111512312578e-16,0,5.55111512312578e-16,0.225320716238242,0,0,0,0
0.499679575565796,0,0,0,0,1.11022302462516e-15,0.468450045303973,0,0
1.33226762955019e-15,0,1.33226762955019e-15,0,0,0,0,0,0
4.44089209850063e-16,0,0,0,0,0,0,0,0
0,0,0,2.22044604925031e-16,0,0,0,0,0
0,0.432586748415361,1.33226762955019e-15,0.203276014209106,0.494231846622062,0.404486783375967,0.408952274699703,0,0
0,6.66133814775094e-16,6.66133814775094e-16,6.66133814775094e-16,0.25700861603129,6.66133814775094e-16,6.66133814775094e-16,0,0
