EGFR,PI3K_AKT,mTOR,MEK_ERK,PKC,TGFb-SMAD,STAT3,DPD_NC,DPD_LB
0,0.00342269910431349,0.00217903310714699,0.261844903559463,0,0.525655855945011,0,0,0
-0.0330050455237036,0,0.095845501087812,0.0564512274511904,0,0.428468326336016,0.22251992580732,0,0
0,2.50833286638644,0,-1.02894521798229,-0.254142434529117,0,0,0,0
1.16745308816812,-0.245715382280301,-0.331357273164955,0,0,-0.145614605474973,0,0,0
0,0,0,0,0,0,0.715629060832657,0,0
0.950553446028757,0,0,0,0,0,0,0,0
-0.748116926837195,2.40338262926519,0,0,0,0,0,0,0
0,0.717477804871131,0,0,0.080128432479235,0,0.136809655958545,0,0
0,-1.25723929519067,0.455473832203071,1.13234331636381,0.325018941963905,-1.91960228609313,0,0,0
