EGFR,PI3K_AKT,mTOR,MEK_ERK,PKC,TGFb-SMAD,STAT3,DPD_NC,DPD_LB
0,0,0,0,0,0.890545450211878,0,0,0
-0.0407514932822103,0,0,0,0,0.504524618228896,0.11092084385314,0,0
0,0.452790902747648,0,-0.457079408114892,-0.385788923495879,0,0,0,0
0.47113210818184,0.0071146267454602,0,0,0,-0.0222761296884576,0.47048680078401,0,0
0.929306961637859,0,0,0,0,0,0,0,0
1.0156105740375,0,0,0,0,0,0,0,0
0.60652977473312,0,0,0.368138697032358,0,0,0,0,0
0,0.204291536363307,0,0.586930786452447,0.409979793156071,-0.825625674888878,0.611401389458514,0,0
0,0,-0.165573899207261,-0.0165520165518631,-0.00252980450948848,-0.760927281014548,0.4711113224975,0,0
