EGFR,PI3K_AKT,mTOR,MEK_ERK,PKC,TGFb-SMAD,STAT3,DPD_NC,DPD_LB
0,0.861972020217193,0.484807046463516,0.00488854133497197,0,1,0,0,0
1,0,0,0,0,1,0.532610066850612,0,0
0,0,0,1,1,0,0,0,0
1,1,1,0,0,1,1,0,0
1,0,0,0,0,0,0,0,0
1,0,0,0,0,0,0,0,0
1,0,0,0,0,0,0,0,0
0,0,0.95297422243375,0.332538262683326,0.319541832711745,0.999999999999999,0.999999999999999,0,0
0,0.999999999999999,0.999999999999999,0.999999999999999,0.999999999999999,0.999999999999999,0.999999999999999,0,0
