EGFR,PI3K_AKT,mTOR,MEK_ERK,PKC,TGFb-SMAD,STAT3,DPD_NC,DPD_LB
0,0.227521720147796,0.0953528676141717,0.201810650542782,0.00156699654089299,0.441308686402304,-0.00587644151958016,0,0
0.0599118105968614,0,-0.636739533984222,0.252821768848926,0,-0.535513911030403,1.61893619886858,0,0
0,0,0,0.263424554759515,0.554071871095198,0,0,0,0
1.14177191761818,9.60067709941885e-06,-0.0100040507721053,0,0,0.0396752916096951,-0.0581526740409863,0,0
0,0,0,0,0,0,1.37255253344642,0,0
0.92770199257391,0,0,-0.300426574717438,0,0,0,0,0
0.963673290529649,0,0.0174499100506005,-0.209249359609879,0,0.157665862802465,0,0,0
0,0,0.496104351932709,0,0.00438903478275476,-0.120244966711828,0.128248265492937,0,0
0,0.424829624171831,-0.0171080384307035,0.594385937871856,-0.119196211886879,-1.55383402330872,-0.402345941923373,0,0
