EGFR,PI3K_AKT,mTOR,MEK_ERK,PKC,TGFb-SMAD,STAT3,DPD_NC,DPD_LB
0,0.464517080263951,0.380867406197323,0.0183576638683256,0,0.487450265458031,0,0,0
0.476595004749806,0,0,0,0,0.475834998669391,0.4630441795095,0,0
0,0,0,0.310928436789645,0.310471697213449,0,0,0,0
0.494712371304474,0.493499035613379,0.49080590063707,0,0,0.491711711271337,0.490014616531224,0,0
0.0512481635675816,0,0,0,0,0,0,0,0
0.0418322308290721,0,0,0,0,0,0,0,0
0.0451323178199343,0,0,0,0,0,0,0,0
0,0,0.594997881326469,0.328310329133397,0.348373056289591,0.61535152331944,0.670506030144496,0,0
0,0.432243574008039,0.441754279165426,0.435003341238998,0.441015883056593,0.435868754503974,0.429318639609485,0,0
