EGFR,PI3K_AKT,mTOR,MEK_ERK,PKC,TGFb-SMAD,STAT3,DPD_NC,DPD_LB
0,0,0,0,0,0.158898492752805,0,0,0
0.627079403156182,0,0.613545581672429,0,0,0.615509284061302,0.621157003877797,0,0
0,0.371397527140841,0,0.309415355488187,0.304677905145793,0,0,0,0
0.543122693337126,0.16896003995467,0.0420862382979601,0,0,0.574189925593072,0.60439304871437,0,0
0.228924909961591,0,0.227035161537369,0,0,0,0,0,0
0.0406482506666036,0,0,0,0,0,0,0,0
0.0424974578542784,0,0,0,0,0,0,0,0
0,0.5663221204064,0,0.567805817727932,0.565823896917526,0.582871461685928,0.567943460820687,0,0
0,0.569332935797742,0,0.574142545231956,0.574570592705667,0.569777036152969,0.576411315032178,0,0
