EGFR,PI3K_AKT,mTOR,MEK_ERK,PKC,TGFb-SMAD,STAT3,DPD_NC,DPD_LB
0,0,0,0,0,0,0,0,0
0.584600783648027,0,0.603842372855747,0,0,0.605443157587667,0.609792794591814,0,0
0,0.311497382181843,0,0.298424493784922,0.0483744240543963,0,0,0,0
0.406517476279821,0,0,0,0,0.429487727610115,0.299728551768853,0,0
0.22245551348755,0,0.224507319166852,0,0,0,0,0,0
0.0701171741276504,0,0,0,0,0,0,0,0
0,0,0,0.137947838894118,0,0,0,0,0
0,0.213538105931287,0.548775338449064,0.548863601362005,0.45691310229474,0.220023210448295,0.250631207378403,0,0
0,0.444931587928463,0.445326484222873,0.441160942495237,0.434779105656604,0.450430460365793,0.447321097474255,0,0
