EGFR,PI3K_AKT,mTOR,MEK_ERK,PKC,TGFb-SMAD,STAT3,DPD_NC,DPD_LB
0,0.525936830278584,0.525819229528202,0.523140926049979,0.152770711811126,0.528966629828538,0.0966444670944788,0,0
0.47278427112227,0,0.46695628430906,0.458198858637204,0,0.454740131134946,0.528694682529843,0,0
0,0,0,0.24531343537819,0.246405721079318,0,0,0,0
0.43462898717941,0.00344614474229504,0.199510989426906,0,0,0.567371278591927,0.221147619128487,0,0
0,0,0,0,0,0,0.0438968180834723,0,0
0.189259023503365,0,0,0.191146126918433,0,0,0,0,0
0.538415040109412,0,0.0844394746610871,0.370049575049105,0,0.444116694048524,0,0,0
0,0,0.26696983592864,0,0.0462223554843112,0.305786670499352,0.327705662371095,0,0
0,0.439347648292253,0.428086350800758,0.429068754427648,0.314041471646729,0.492625125236367,0.577189774752017,0,0
