EGFR,PI3K_AKT,mTOR,MEK_ERK,PKC,TGFb-SMAD,STAT3,DPD_NC,DPD_LB
0,0.465886796560461,0.489796819911115,0,0,0.403042324606134,0,0,0
0.498822634315713,0,0.183924882814857,0,0,6.66133814775094e-16,6.66133814775094e-16,0,0
0,4.44089209850063e-16,0,4.44089209850063e-16,4.44089209850063e-16,0,0,0,0
8.88178419700126e-16,0.377949697993924,0.391164995327955,0,0,8.88178419700126e-16,8.88178419700126e-16,0,0
4.44089209850063e-16,4.44089209850063e-16,0,0,0,0,0,0,0
7.7715611723761e-16,0,0,0,0,0,0,0,0
2.22044604925031e-16,0,0,0,0,0,0,0,0
0,0,8.88178419700126e-16,8.88178419700126e-16,8.88178419700126e-16,8.88178419700126e-16,8.88178419700126e-16,0,0
0,2.22044604925031e-16,2.22044604925031e-16,2.22044604925031e-16,0,2.22044604925031e-16,2.22044604925031e-16,0,0
