EGFR,PI3K_AKT,mTOR,MEK_ERK,PKC,TGFb-SMAD,STAT3,DPD_NC,DPD_LB
0,0.225746405051751,0.225746405051751,0.301067152637435,0,4.44089209850063e-16,0,0,0
0.477902254285215,0,0.494880339091364,0.494880339091364,0,4.44089209850063e-16,0.307770061964456,0,0
0,8.88178419700126e-16,0,8.88178419700126e-16,8.88178419700126e-16,0,0,0,0
5.55111512312578e-16,5.55111512312578e-16,5.55111512312578e-16,0,0,5.55111512312578e-16,0,0,0
0,0,0,0,0,0,8.88178419700126e-16,0,0
1.33226762955019e-15,0,0,0,0,0,0,0,0
8.88178419700125e-16,8.88178419700125e-16,0,0,0,0,0,0,0
0,2.22044604925031e-16,0,0,0.499276364939304,0,0.499276364939304,0,0
0,4.44089209850063e-16,4.44089209850063e-16,4.44089209850063e-16,4.44089209850063e-16,4.44089209850063e-16,0,0,0
