EGFR,PI3K_AKT,mTOR,MEK_ERK,PKC,TGFb-SMAD,STAT3,DPD_NC,DPD_LB
0,0.492258342008564,8.88178419700126e-16,8.88178419700126e-16,0,8.88178419700126e-16,0,0,0
6.66133814775094e-16,0,6.66133814775094e-16,0.469359388753856,0,6.66133814775094e-16,6.66133814775094e-16,0,0
0,8.88178419700126e-16,0,0,8.88178419700126e-16,0,0,0,0
0.450040221115949,0,0.313283016756104,0,0,4.44089209850063e-16,0,0,0
4.44089209850063e-16,0,4.44089209850063e-16,0,0,0,0,0,0
7.7715611723761e-16,0,0,0.244192007521067,0,0,0,0,0
0.329083296835044,0,0,6.66133814775094e-16,6.66133814775094e-16,0,0,0,0
0,0,3.33066907387547e-16,0,0,0,0,0,0
0,6.66133814775093e-16,6.66133814775093e-16,6.66133814775093e-16,0.0524757457892549,6.66133814775093e-16,6.66133814775093e-16,0,0
