EGFR,PI3K_AKT,mTOR,MEK_ERK,PKC,TGFb-SMAD,STAT3,DPD_NC,DPD_LB
0,0.0866474139041847,-0.0385415116251135,-0.346733382363383,-0.00719990317516978,0.354151867688008,0,0,0
3.5487136263,0,0.175352272354088,0.885520368149033,0,0.273655168371141,0.125409859663566,0,0
-4.18864218547785,1.27150926282934,0,-0.493181388956261,0.677250048902165,0,0,0,0
0,0,0,0,0,0,0,0,0
-1.67151629957316,0.950443213928927,0,0.247848777261649,0,0,0,0,0
0,0,0,0,0,0,0,0,0
0,0,0,0,0,1.07202812864364,0,0,0
0,0.25240977404446,0,0,0,-0.111360713894155,-0.470748304740778,0,0
0,-3.37163096414295,1.04354323545615,-0.371462909494106,4.35693351100211,6.90448337408307,5.88019209957189,0,0
