EGFR,PI3K_AKT,mTOR,MEK_ERK,PKC,TGFb-SMAD,STAT3,DPD_NC,DPD_LB
0,1,1,1,1,1,0,0,0
0.999999999999999,0,0.999999999999999,0.999999999999999,0,0.999999999999999,0.999999999999999,0,0
1,1,0,1,1,0,0,0,0
1,0.992453416849216,1,0,0,0.99889431295262,0.87135345365415,0,0
1,1,0,0,0,0,0,0,0
0,0,0,0,0,0,0,0,0
0,0,0,0,0,0,0,0,0
0,0,0,0.999999999999999,0,0,0,0,0
0,0.999999999999999,0.999999999999999,0.95629704391135,0.999999999999999,0.999999999999999,0.999999999999999,0,0
