EGFR,PI3K_AKT,mTOR,MEK_ERK,PKC,TGFb-SMAD,STAT3,DPD_NC,DPD_LB
0,0.21838379160252,0.172029733439815,-0.456639140677459,0.117504170711959,0.0109907137818698,0,0,0
3.45022185902279,0,-0.773094055095898,1.37055036148837,0,1.09792888563268,0.184808638529997,0,0
3.3042786582569,-0.693280794548008,0,2.04357983366846,-0.081188964691004,0,0,0,0
-0.431563442120932,0.20034883705063,0.128680943947669,0,0,-0.0234858094357534,-0.0643408372775675,0,0
-0.670425549146087,0.963661817325083,0,0,0,0,0,0,0
0,0,0,0,0,0,0,0,0
0,0,0,0,0,0,0,0,0
0,0,0,0.451824618445802,0,0,0,0,0
0,9.14690438723417,-7.13992882639452,-2.19159668972426,6.84291770782169,21.2602329388035,28.0591589273835,0,0
