EGFR,PI3K_AKT,mTOR,MEK_ERK,PKC,TGFb-SMAD,STAT3,DPD_NC,DPD_LB
0,0.291470015442777,0,0.865772124887915,0,0.403419565980338,0,0,0
1.51601124653017,0,0.0994822851340675,-1.78340997731405,0,1.1434485226263,-0.192348054465578,0,0
0.00802917542044318,-0.353454774281668,0,1.05454719061235,1.07207181358359,0,0,0,0
0.658358620229516,-0.204612823143929,9.43192994504823e-05,0,0,-0.0746371609338179,0.204540300256018,0,0
0,0.646583295174072,0,0,0,0,0,0,0
0.241350409404999,0,0,0,0,0,0,0,0
0.300770209621801,0,0,0,0,0,0,0,0
0,0,0,0,0,0.15523984360727,0.658294105376033,0,0
0,0,25.4107977946491,0,-19.1656328764381,109.432273883139,-112.292538281342,0,0
