EGFR,PI3K_AKT,mTOR,MEK_ERK,PKC,TGFb-SMAD,STAT3,DPD_NC,DPD_LB
0,0.507036878970937,0.510918870942453,0.505554097486202,0.50704475914306,0.507995647250465,0,0,0
0.451185500304039,0,0.449899436355914,0.456611071726545,0,0.444848986970927,0.455192303590321,0,0
0.483566382672206,0.483061230320304,0,0.490386066023586,0.485358377095247,0,0,0,0
0.530727686464226,0.529679778943285,0.52398320598076,0,0,0.520421753370984,0.503261756090357,0,0
0.226277250539117,0.225370642243532,0,0,0,0,0,0,0
0,0,0,0,0,0,0,0,0
0,0,0,0,0,0,0,0,0
0,0,0,0.326114664705484,0,0,0,0,0
0,0.422914994010595,0.432574672114762,0.620352562332556,0.462508059981319,1.32911771402102,0.410968994423867,0,0
