EGFR,PI3K_AKT,mTOR,MEK_ERK,PKC,TGFb-SMAD,STAT3,DPD_NC,DPD_LB
0,0.514988246268466,0,0.517474142338774,0,0.511932942246212,0,0,0
0.441696181321865,0,0.411693864173007,0.447637673506852,0,0.430493771972945,0.43975411866601,0,0
0.0803555298532497,0.288662264643806,0,0.307635985145446,0.292954412421945,0,0,0,0
0.576289678712317,0.535475066738585,0.00626660155969316,0,0,0.565499879880128,0.534824853739047,0,0
0,0.0317460864435706,0,0,0,0,0,0,0
0.0646050352174309,0,0,0,0,0,0,0,0
0.0628133995653595,0,0,0,0,0,0,0,0
0,0,0,0,0,0.706911195878082,0.70672988006078,0,0
0,0,0.762557538368187,0,0.767225483490596,0.77956319616236,0.774892011490346,0,0
