EGFR,PI3K_AKT,mTOR,MEK_ERK,PKC,TGFb-SMAD,STAT3,DPD_NC,DPD_LB
0,1,1,1,1,1,0,0,0
1,0,1,0.997969116927617,0.000361702481751586,1,0.970636449600819,0,0
0,0,0,0,0,0,0,0,0
1,1,1,0,0,0.999485320576754,0.994367493962839,0,0
0,0,0,0,0,0,0,0,0
1,0,0,1,0,0,0,0,0
1,0,0,1,0,0,0,0,0
0,0.737913888037346,1,1,0.991795712637376,1,1,0,0
0,0.999999999999999,0.999999999999999,0.999999999999999,0.999999999999999,0.999999999999999,0.999999999999999,0,0
