EGFR,PI3K_AKT,mTOR,MEK_ERK,PKC,TGFb-SMAD,STAT3,DPD_NC,DPD_LB
0,-0.416798527740793,0.0522700227749988,-1.30674471386605,0.679110599028328,1.41580597277822,0,0,0
-1.22582568065464,0,-0.0829746866648025,-2.79370003137454,1.22004481999953,2.22086413152805,-0.419572535061325,0,0
-0.941401943391676,0.781495989220404,0,0.940920179638295,1.29763041505776,-0.516107111321656,7.10117600136911e-05,0,0
0.984471537058021,0,0,0,0,0,0,0,0
0,0.548915044887946,0,0,0,0,0,0,0
0,0,0,0,0,0,1.09670563818121,0,0
0,0,0,0,0,0.799084649344647,0,0,0
0,-0.28976079394885,0,0,0.482546827167114,0,0,0,0
0,0,-0.24179242862103,1.2223241231349,0,-3.00045805093038,1.6186991089455,0,0
