EGFR,PI3K_AKT,mTOR,MEK_ERK,PKC,TGFb-SMAD,STAT3,DPD_NC,DPD_LB
0,0.207422824870472,1.11022302462516e-15,0.207422824870472,0.207422824870472,0.351349426492954,0,0,0
3.33066907387547e-16,0,0,3.33066907387547e-16,0,3.33066907387547e-16,0.499327885766277,0,0
0,2.22044604925031e-16,0,0,0,0,0,0,0
4.44089209850063e-16,4.44089209850063e-16,0,0,4.44089209850063e-16,4.44089209850063e-16,4.44089209850063e-16,0,0
6.66133814775094e-16,0,0,0,0,0,0,0,0
8.88178419700126e-16,0,0,8.88178419700126e-16,0,0,0,0,0
2.22044604925031e-16,0,0,2.22044604925031e-16,0,0,0,0,0
0,0.250676665246957,0,0,0,0,0,0,0
0,4.44089209850063e-16,0.286075146985316,4.44089209850063e-16,4.44089209850063e-16,4.44089209850063e-16,4.44089209850063e-16,0,0
