EGFR,PI3K_AKT,mTOR,MEK_ERK,PKC,TGFb-SMAD,STAT3,DPD_NC,DPD_LB
0,0,0,0,0,0,0,0,0
7.77156117237609e-16,0,0.249003139373933,7.77156117237609e-16,0.249003139373933,0.261113342752767,0.250855940346643,0,0
0.0145552583349775,7.77156117237609e-16,0,7.77156117237609e-16,7.77156117237609e-16,0.0145552583349775,0.0145552583349775,0,0
0.270031330293656,0.270031330293656,0,0,0,0.496649458039412,6.66133814775094e-16,0,0
6.66133814775094e-16,0,0,0,0,0,0,0,0
0,0,0,0,0,0,2.22044604925031e-16,0,0
0,0,0,0,0,4.44089209850063e-16,0,0,0
0,0.499203014394654,0.459170159370953,0.459170159370953,2.22044604925031e-16,0.499203014394654,0.0278376825281006,0,0
0,0,0,0,0,0,0,0,0
