EGFR,PI3K_AKT,mTOR,MEK_ERK,PKC,TGFb-SMAD,STAT3,DPD_NC,DPD_LB
0,0.369439826573683,0.146903570293195,0.0692841993619777,-0.375507726956915,0.276445669268351,0,0,0
0.52448392843249,0,0,-0.205768039504353,0,0.231016764043547,0.591484431136381,0,0
1.46604557984671,-0.630947158083697,0,0.221579817502477,1.32927787751796,0,0,0,0
0.326664049817521,0.0385462524969933,0.163840287246445,0,0,-0.164952494087118,0.592833055145648,0,0
0.491031911058395,0,0,0,0,0,0,0,0
0,0,0,0,0,0,0,0,0
-0.440599581324825,0,0,0,0,2.2911554552672,0,0,0
0,0,0.00724892609772613,0,0.300135932894109,0.191037572292694,0.0600925902004893,0,0
0,0,0.171722033569048,0,-0.082082927751752,0.846836544430855,0.111816451390245,0,0
