EGFR,PI3K_AKT,mTOR,MEK_ERK,PKC,TGFb-SMAD,STAT3,DPD_NC,DPD_LB
0,3.33066907387547e-16,0,3.33066907387547e-16,0,3.33066907387547e-16,0,0,0
0.179136177178661,0,0,0.179136177178661,0,0.44974944750222,0.475267714938435,0,0
0.36275681212538,6.66133814775094e-16,0,0.36275681212538,6.66133814775094e-16,0,0,0,0
0.468194852805412,0.453411072255583,0,0,0,0.39007179190342,0.379617138665299,0,0
8.88178419700126e-16,0,0,0,0,0,0,0,0
0.481896270727896,0.268251073764132,0,0.481896270727896,0,0,0.268251073764132,0,0
8.88178419700125e-16,0,0,8.88178419700125e-16,0,0.295266218456065,0,0,0
0,0.499634340209445,0,0,0,1.77635683940025e-15,0.451933835533859,0,0
0,4.44089209850063e-16,4.44089209850063e-16,4.44089209850063e-16,4.44089209850063e-16,4.44089209850063e-16,4.44089209850063e-16,0,0
