EGFR,PI3K_AKT,mTOR,MEK_ERK,PKC,TGFb-SMAD,STAT3,DPD_NC,DPD_LB
0,0.0720321593358341,0.0275868026040323,0.400205994133929,0,0.427937937293055,0,0,0
0.0397766232713683,0,-0.00014069680072357,0.863765048899339,0,0.965412726909285,-0.831520129157674,0,0
0,0.324051351579018,0,-0.435645870240022,0,0,-0.613384711637555,0,0
1.06621700078358,0,0,0,0,0,0,0,0
0.75023293549718,0.366358563108815,0,0,0,0,0,0,0
0,0,0,-0.444661827799149,0,0,1.08433959690212,0,0
0,0,0,0.376845539548516,0,0.789159341773169,0,0,0
0,-2.02842627718748,0,4.52845747008671,5.51606549975527,-7.71827566127414,6.07233444995482,0,0
0,0,0,1.23872456807521,8.43973987383765,-14.5409514765645,12.9305501647964,0,0
