EGFR,PI3K_AKT,mTOR,MEK_ERK,PKC,TGFb-SMAD,STAT3,DPD_NC,DPD_LB
0,4.44089209850063e-16,4.44089209850063e-16,4.44089209850063e-16,4.44089209850063e-16,4.44089209850063e-16,0,0,0
2.22044604925031e-16,0,2.22044604925031e-16,2.22044604925031e-16,0,2.22044604925031e-16,0.482032912573184,0,0
0.122420055938289,0,0,0.122420055938289,0.133810773650379,0.311490383853547,0.288379583780637,0,0
5.55111512312578e-16,5.55111512312578e-16,5.55111512312578e-16,0,0,0.0277994103691637,0.30861227247859,0,0
1.22124532708767e-15,0.292093236965922,0,0.292093236965922,0,0.292093236965922,0.292093236965922,0,0
5.55111512312578e-16,0.260012987678925,0.260012987678925,0.260012987678925,0.260012987678925,0,0.260012987678925,0,0
0.217128673317905,0.217128673317905,0,0.217128673317905,0,1.11022302462516e-16,0,0,0
0,0,0,0.494715433175417,8.88178419700126e-16,8.88178419700126e-16,8.88178419700126e-16,0,0
0,6.66133814775094e-16,0,6.66133814775094e-16,6.66133814775094e-16,6.66133814775094e-16,0.433005859289401,0,0
