EGFR,PI3K_AKT,mTOR,MEK_ERK,PKC,TGFb-SMAD,STAT3,DPD_NC,DPD_LB
0,0,0,0,0,0.760791094322741,0,0,0
0.390271882795254,0,-0.013808367984123,0.198942706988997,0,0.228713315561527,-0.0533186592345493,0,0
0,0,0,0,0.535484364593284,0,0,0,0
0.687429155576709,-0.287871066091207,0.356160644422973,0,0.00778390289989994,-1.67613523014674,1.24312074697718,0,0
0.914214970727456,0,0,0,0,0.0324575753305921,0,0,0
1.18247655710483,0,0,0,0,0,0,0,0
-1.13464169342943,0,0,0.576192596850718,0,1.73931842223358,0,0,0
0,0,0,3.68893131954243e-05,0.375849275780231,-0.00028814662541996,0.595353636448319,0,0
0,0.00381282743767392,-0.0191929814857201,0.232289431144808,-0.149685636371055,-3.13551123919019,1.49279340197283,0,0
