EGFR,PI3K_AKT,mTOR,MEK_ERK,PKC,TGFb-SMAD,STAT3,DPD_NC,DPD_LB
0,0.747797355728844,-0.39498927480932,0.991627332599115,0.198450325892993,0.459518770034717,0,0,0
0.0611687038470589,0,0.417381052081262,0.639709705715112,0,-1.12319054610327,-0.408160560885691,0,0
-0.00056158047863436,0.844772241710878,0,0.000762480203814178,1.04454858707077,0,0.000742022382323175,0,0
0.111000372352369,0,0.435252716840806,0,0,-0.524593497209423,0.0378366927796227,0,0
0.455738787710041,0,0,0,0,0,0,0,0
0,0,0,0.345114179437218,0,0,0.946881081024476,0,0
0,0,0,0,0,0.633555107615323,0,0,0
0,0,0,0,0,0.0319187553542091,0.695049588919421,0,0
0,1.05681832496933,-0.559569357934492,0.627596937614213,0,-0.193754196949917,-0.434831246601004,0,0
