EGFR,PI3K_AKT,mTOR,MEK_ERK,PKC,TGFb-SMAD,STAT3,DPD_NC,DPD_LB
0,1,0.718858327597499,0.74054594428201,1,0.74054594428201,0,0,0
1,0,0,1,0,1,1,0,0
1,0.138914378896795,0,1,1,0,0,0,0
0,0,0.999999999999999,0,0,0,0,0,0
0,1,0,0,0,0,0,0,0
1,0,0,0,0,0,1,0,0
1,0,0,0,0,1,0,0,0
0,1,1,1,0,1,0.34917651664589,0,0
0,1,1,1,1,0,0,0,0
