EGFR,PI3K_AKT,mTOR,MEK_ERK,PKC,TGFb-SMAD,STAT3,DPD_NC,DPD_LB
0,0.00467810442543759,0,0.887343443280401,0.184749310999468,0,0,0,0
0.882188893205747,0,-0.226076976046621,-0.911232198990479,0,0.186197836672997,0.407189954662437,0,0
0,-0.443064241879518,0,0.19975325334009,0.745806480872293,0,0,0,0
0,0,0,0,0,0.761604921284245,0.0005570767102492,0,0
0,0.595088389123938,0,0,0,0,0,0,0
0,0,0,0.160502425086198,0,0,0.690286344029991,0,0
0,0,0,0,0,0.970026730851194,0,0,0
0,0,-0.391743882578883,0.567760131018382,0.436355995027276,0,0.595840782657463,0,0
0,5.63196008692381,0,3.11383471320075,-6.17919165556424,24.7506062237368,-22.7246135642127,0,0
