EGFR,PI3K_AKT,mTOR,MEK_ERK,PKC,TGFb-SMAD,STAT3,DPD_NC,DPD_LB
0,0.487981331921963,-0.0778018697448745,0.996520755162025,-0.122738164386044,-0.0905936405048095,0,0,0
0.495754239824025,0,-0.00522317909175776,-0.450401323376316,0.00899211629776323,0.000544208945907713,-0.0107446745892152,0,0
1.84673068325951e-05,-0.475306833055209,0,1.13392888086155,1.97732411612732,-0.000295879339130892,-2.73259037208371,0,0
0.188253198063445,0.021253071675714,0,0,0,0.0453991760181253,0.518638659503997,0,0
0.296853240491617,0,0,0,0,0,0,0,0
0,0,0,0,0,0,2.07710791707046,0,0
0,0,0,0,0,0.380713862641772,0,0,0
0,-0.0946713253742429,0.0101253173442556,-0.0309539993801806,-1.38771931986365,-0.25740159767864,-2.37506665415753,0,0
0,-0.585397789915547,-1.63109913059809,2.03917112425536,1.92719864307781,-1.68669172791719,-2.48382659998552,0,0
