EGFR,PI3K_AKT,mTOR,MEK_ERK,PKC,TGFb-SMAD,STAT3,DPD_NC,DPD_LB
0,0.0100446193261494,0.999999999999999,0.0604499951220236,0.999999999999999,0.999999999999999,0,0,0
0.10568569279361,0,0.999999999999999,0,0,0.368806141873417,0.999999999999999,0,0
0,0.999999999999999,0,0,0.999999999999999,0,0,0,0
1,0.70898201105144,0.99901146999367,0,0.00098853000633011,0.979080805878506,1,0,0
0.999999999999999,0,0.999999999999999,0,0,0,0,0,0
0,0,0,0,0,0,0,0,0
0,0,1,0,0,0,0,0,0
0,0.609969116622425,1,0,0.00528517107028987,0.394905729932081,1,0,0
0,1,1,0,0.0500040125012642,1,1,0,0
