EGFR,PI3K_AKT,mTOR,MEK_ERK,PKC,TGFb-SMAD,STAT3,DPD_NC,DPD_LB
0,0.307285115078613,0,1.43708880759641,0,-0.336892861347268,0,0,0
0.98721053891288,0,0,-1.58787238585445,0,0.124594699700664,1.04198812896209,0,0
0,0,0,0.62531180842344,0.463684877762925,-1.29484181688109,0,0,0
0.324150098129934,0,0,0,0,-0.00114172470616683,0.419274717090283,0,0
0.279274830147333,0.853714703470238,0,0,0,0,0,0,0
0,0,0,0,0,0,1.33182179080363,0,0
0,0,0,0,0,0.658815192562969,0,0,0
0,1.3691524625807,-0.388892620767205,-0.4564623023529,0,-2.32325160683392,4.2218012208826,0,0
0,0.520314847830905,-0.348609611047409,0,0,-2.18012503574079,1.74416901265843,0,0
