EGFR,PI3K_AKT,mTOR,MEK_ERK,PKC,TGFb-SMAD,STAT3,DPD_NC,DPD_LB
0,0.0262139256574226,0.683275128051847,0.0797395356860418,0.681183897728724,0.706037846282366,0,0,0
0.145321320002001,0,0.450582689994316,0,0,0.368720412415053,0.462439892847684,0,0
0,0.306152281109029,0,0,0.307109346401239,0,0,0,0
0.454518640084667,0.411749613492536,0.449103057283985,0,0.018085957117373,0.48102061571129,0.461256844330595,0,0
0.201189539018496,0,0.200639481179235,0,0,0,0,0,0
0,0,0,0,0,0,0,0,0
0,0,0.0513538883645686,0,0,0,0,0,0
0,0.537782511078129,0.610145059936547,0,0.0150089766537444,0.492698376790219,0.733515978841655,0,0
0,0.60145987614354,0.585401081889619,0,0.222403144497912,1.00633935651689,0.580767756477287,0,0
