EGFR,PI3K_AKT,mTOR,MEK_ERK,PKC,TGFb-SMAD,STAT3,DPD_NC,DPD_LB
0,0.325777006056906,0.124232458692562,0.373501276648388,0.421749495097828,0.486703065567495,0,0,0
0.448759817444049,0,0.444807096031806,0.449025517517384,0,0.448014741313732,0.446894860992651,0,0
0.998462940773761,0.525034305838801,0,1.61548087411849,0.28699401021178,0,0,0,0
0.52329276636054,0.335185240174611,0.503153969566422,0,0,0.53917979334873,0.51624414725123,0,0
0,0,0,0,0,0.0553109188337604,0,0,0
0,0,0,0,0.0391259508576211,0,0,0,0
0.334525860574007,0,0,0.417787427147726,0.343671731012107,0,0,0,0
0,0.503938762071887,0,0.48612418202788,0.207336132398155,0.217403816117464,0.122779016377287,0,0
0,0.0156409833911013,0.365029435502452,0.00906895159889348,0.63526472353358,0.691990324130385,0,0,0
