EGFR,PI3K_AKT,mTOR,MEK_ERK,PKC,TGFb-SMAD,STAT3,DPD_NC,DPD_LB
0,0.0248311598103849,0,0.411223077521751,0.417228599581119,0,0,0,0
0.429360785330584,0,0.432870676344851,0.430410720873892,0,0.43376224822118,0.429831872850828,0,0
0,0.455377032154685,0,0.45980533991507,0.464184671963613,0,0,0,0
0,0,0,0,0,0.164981070138594,0.00576709313175907,0,0
0,0.0348090125623461,0,0,0,0,0,0,0
0,0,0,0.288491990491774,0,0,0.291036653789919,0,0
0,0,0,0,0,0.0561007586064712,0,0,0
0,0,0.598710212954114,0.598052756549637,0.61127481920743,0,0.600054398180328,0,0
0,0.505572818182524,0,0.504880836869253,0.515997578246467,0.513000396512967,0.510326008789331,0,0
