EGFR,PI3K_AKT,mTOR,MEK_ERK,PKC,TGFb-SMAD,STAT3,DPD_NC,DPD_LB
0,6.66133814775094e-16,0.218061323755879,6.66133814775094e-16,6.66133814775094e-16,6.66133814775094e-16,0.4965217164135,0,0
6.66133814775094e-16,0,6.66133814775094e-16,6.66133814775094e-16,0.463283303393857,0.217960689716876,6.66133814775094e-16,0,0
0.45112289321811,4.44089209850063e-16,0,0.0452826173041283,0.0452826173041283,0.310423625343864,0.448967722749984,0,0
1.4432899320127e-15,1.4432899320127e-15,0.352309610305673,0,0.477568098612102,0.327186573874254,0.256226665325794,0,0
0,0,0,0,0,0,0,0,0
0,0,0,0,0,0,5.55111512312578e-16,0,0
0,0,0,0,0,1.11022302462516e-15,0,0,0
0,2.22044604925031e-16,0.18334510445847,2.22044604925031e-16,2.22044604925031e-16,2.22044604925031e-16,0.15722121005115,0,0
0,4.44089209850063e-16,0.156200915937866,4.44089209850063e-16,4.44089209850063e-16,4.44089209850063e-16,4.44089209850063e-16,0,0
