EGFR,PI3K_AKT,mTOR,MEK_ERK,PKC,TGFb-SMAD,STAT3,DPD_NC,DPD_LB
0,4.44089209850063e-16,4.44089209850063e-16,4.44089209850063e-16,4.44089209850063e-16,4.44089209850063e-16,0,0,0
0,0,0,0,0,0.350772402912198,0.485831785549877,0,0
0.466727398920965,0.466727398920965,0,1.55431223447522e-15,1.55431223447522e-15,0.175677045784515,0.176823644756819,0,0
3.33066907387547e-16,3.33066907387547e-16,3.33066907387547e-16,0,0,0.359203325360944,0.39561150076491,0,0
2.22044604925031e-16,0,0,0,0,0,0,0,0
6.66133814775094e-16,0,0,0,0,0,6.66133814775094e-16,0,0
9.99200722162641e-16,0,0,0,0,9.99200722162641e-16,0,0,0
0,0,0.473378122879985,0.473378122879985,0,0.473378122879985,0.473378122879985,0,0
0,0,8.88178419700125e-16,8.88178419700125e-16,0,0,0,0,0
