EGFR,PI3K_AKT,mTOR,MEK_ERK,PKC,TGFb-SMAD,STAT3,DPD_NC,DPD_LB
0,0.472862177212101,0.473708434726504,0.470601819651281,0.470121464194031,0.475702524972278,0,0,0
0.524230975549484,0,0.51010788207755,0.514125696869469,0.00415904759451392,0.553605906407095,0.556302324902549,0,0
0,0,0,0,0,0,0,0,0
0.484577520244306,0.489328464505711,0.490940407149257,0,0,0.482584440665107,0.491884006665381,0,0
0,0,0,0,0,0,0,0,0
0.25860009317443,0,0,0.257309618021261,0,0,0,0,0
0.300819492851326,0,0,0.299962975656561,0,0,0,0,0
0,0.410951988829417,0.435122399201989,0.429405142806991,0.428832626048204,0.429118552867893,0.430239673130772,0,0
0,0.449606967798306,0.448652305740072,0.449933798337989,0.449524455721835,0.447805882025504,0.448910106132346,0,0
