EGFR,PI3K_AKT,mTOR,MEK_ERK,PKC,TGFb-SMAD,STAT3,DPD_NC,DPD_LB
0,0.477800843437461,0.460599840864872,0.461321693684137,0.465181194448361,0.469944177024708,0,0,0
0.463483906174774,0,0.14810921239698,0.457293938335689,0.00980773025515194,0.458913937204507,0.456847883185459,0,0
0.132549073829018,0.446580892399152,0,0.393881703704678,0.392402629262731,0,0.0207701267139773,0,0
0.457812947590128,0.507350065155932,0,0,0,0.491555952265005,0.361043909797094,0,0
0.0647962414475437,0,0,0,0,0,0,0,0
0,0,0,0,0,0,0,0,0
0.257255844212612,0,0,0.257185709777517,0.259324114637387,0,0,0,0
0,0.51002963397765,0.0544814571618122,0.0527004804041963,0.132503012205147,0.216807341129731,0.492672534749105,0,0
0,0.44127251899212,0.440454941877421,0.44357747419329,0.440753610664169,0.440693699519409,0.44016398943978,0,0
