EGFR,PI3K_AKT,mTOR,MEK_ERK,PKC,TGFb-SMAD,STAT3,DPD_NC,DPD_LB
0,0.480281182063029,0.483748270951292,0.479882089592244,0.480235771607096,0.477478232622796,0.0333472547130753,0,0
0.4653603413401,0,0.471866872183526,0.467139029004342,0.174179206388939,0.479834313652694,0.516066264817485,0,0
0.449687629851433,0.595172035349077,0,0.825800442033722,0.469655985976924,0.111321131062929,1.08666317124511,0,0
0.534051547924755,0.0581421635336836,0.530768354466096,0,0.0660670581949552,0.547178568882828,0.546118677735405,0,0
0.275036402821934,0.00945181468201812,0.0236435157220668,0,0,0,0.275030050875713,0,0
0.213913144786889,0,0.0827087236102851,0.438920528152604,0,0,0.189839851685054,0,0
0.0918891193544943,0,0,0,0,0,0,0,0
0,0.398856140924131,0.400013870405265,0.40162584963511,0.400365524031661,0.396856932562445,0.400531544181003,0,0
0,0.448197549799131,0.451213293908183,0.450079254386949,0.449481948990509,0.444582384769546,0.449827608338184,0,0
