EGFR,PI3K_AKT,mTOR,MEK_ERK,PKC,TGFb-SMAD,STAT3,DPD_NC,DPD_LB
0,0.473135175696787,0.494717149060795,0.349773986720287,0.336611097248963,0.837905780852056,0,0,0
0.41625361132544,0,0.422900350876932,0.412799105696768,0.406273465056805,0.419912649451595,0.414164705249747,0,0
0,0.30844699334405,0,0.314194351510507,0.305862702954452,0,0,0,0
0.219606046768566,0.000202656770073225,0,0,0,0.00214457569856358,0.00328858511563776,0,0
0,0.0620109295680117,0,0,0,0,0,0,0
0,0,0.0640282683064615,0,0,0,0,0,0
0,0,0,0,0,0.0819137674699297,0,0,0
0,0,0,0,0,0,0,0,0
0,2.45462226573428,1.50042517698828,0,6.56426952908739,9.51111048799771,0.568792126887828,0,0
