EGFR,PI3K_AKT,mTOR,MEK_ERK,PKC,TGFb-SMAD,STAT3,DPD_NC,DPD_LB
0,0.30898804276709,-0.0840025121839584,-0.352073941660781,0.402916551580344,-1.18604277360019,0,0,0
1.79238363659714,0,0.162010145610264,1.83504718932045,0,1.119196812307,-1.2005171712116,0,0
-1.95128237296109,0.664221869150748,0,0.643912537313035,1.11068761478535,0,0,0,0
0.0303009225896827,0.211660797072863,4.27304219586299e-06,0,0,-0.0123231351919197,0.00787177649276952,0,0
-0.528011554487899,0.938276524749306,0,0,0,0,0,0,0
0,0,0,0,0,0,0,0,0
0,0,0,0.699841313716119,0,0,0,0,0
0,0,0,0,0,-0.0772779220710572,0.859624405335224,0,0
0,0,0,-0.14331556149551,-0.985015332882055,6.90333261352547,0.00034482399510433,0,0
