EGFR,PI3K_AKT,mTOR,MEK_ERK,PKC,TGFb-SMAD,STAT3,DPD_NC,DPD_LB
0,0.060084127472728,0.204442184031493,0.0693512626177444,0.0630883454689879,0.114350146818322,0,0,0
0.594374695949628,0,0,0.538382791767582,0,0.539274094632397,0.442136083530539,0,0
0,0.0579984425782874,0,0,0,0,0,0,0
0.541564686410509,0.535558294684566,0,0,0.545170808359874,0.543830842661542,0.546325841995101,0,0
0.0410710647032334,0,0,0,0,0,0,0,0
0.217840591424581,0,0,0.216031599426653,0,0,0,0,0
0.261334414169695,0,0,0.261051653282775,0,0,0,0,0
0,0.103076679001468,0,0.703555595870452,0.704291818516582,0.710243608284786,0.710411695048043,0,0
0,0.838701074815841,0.599885848285707,0.396514274782295,0.397667027380798,0.508479444029832,0.39547659570895,0,0
