EGFR,PI3K_AKT,mTOR,MEK_ERK,PKC,TGFb-SMAD,STAT3,DPD_NC,DPD_LB
0,0.457628606681743,0.461557595391019,0.45847921069232,0.460321114555667,0.458072778400461,0.00502724196034663,0,0
0.441848613904236,0,0.443481473081162,0.442632653807744,0,0.450998634179205,0.489048134875242,0,0
0.0322046010807353,0.349958010744014,0,0.354499855793572,0.401411422763197,0,0,0,0
0.114365445706316,0.439534544189652,0.250672409958205,0,0,0,0.448945965004609,0,0
0.343479154921762,0,0.344935198990831,0,0,0,0,0,0
0,0,0,0.0782837195822979,0,0,0,0,0
0,0,0,0,0,0,0,0,0
0,0.605990196559354,0,0.607932382840985,0.598830253142781,0.611187173353511,0.600610266592557,0,0
0,0.552506618673592,0,0.551039346181912,0.551534666026332,0.549294269733384,0.549513084200535,0,0
