EGFR,PI3K_AKT,mTOR,MEK_ERK,PKC,TGFb-SMAD,STAT3,DPD_NC,DPD_LB
0,0,0.378283002122721,1,0,0.378283002122721,0,0,0
0.999999999999999,0,0.999999999999999,0.922392919210747,0,0.999999999999999,0.999999999999999,0,0
0,0,0,0,0,0,0.999999999999998,0,0
0.999999999999999,0.999999999999999,0.999999999999999,0,0,0.999999999999999,0.999999999999999,0,0
0.999999999999999,0,0,0,0,0,0,0,0
0,0,0,0,0,0,0,0,0
0,0,0,0,0,1,0,0,0
0,0,1,1,0,1,1,0,0
0,1,1,1,1,1,1,0,0
