EGFR,PI3K_AKT,mTOR,MEK_ERK,PKC,TGFb-SMAD,STAT3,DPD_NC,DPD_LB
0,1,0,0.867053472225737,1,1,0,0,0
0,0,0.534539294930034,0,0,0.999999999999999,0.999999999999999,0,0
1,0,0,1,1,0,0,0,0
0.999999999999999,0.999999999999999,0,0,0,0,0.999999999999999,0,0
1,1,0,0,0,0,0,0,0
1,1,0,1,0,0,0,0,0
0,0,0,1,0,1,0,0,0
0,1,0,0,0,1,0,0,0
0,0.999999999999999,0,0,0.999999999999999,0.120064123373232,0,0,0
