EGFR,PI3K_AKT,mTOR,MEK_ERK,PKC,TGFb-SMAD,STAT3,DPD_NC,DPD_LB
0,0.0270284068715189,0,1,0.972971593128481,0,0,0,0
0.999999999999999,0,0.999999999999999,0.999999999999999,0,0.999999999999999,0.999999999999999,0,0
0,1,0,1,1,0,0,0,0
0,0,0,0,0,1,0.00415370573649936,0,0
0,1,0,0,0,0,0,0,0
0,0,0,1,0,0,1,0,0
0,0,0,0,0,1,0,0,0
0,0,0.999999999999999,0.999999999999999,0.999999999999999,0,0.999999999999999,0,0
0,1,0,1,1,1,1,0,0
