EGFR,PI3K_AKT,mTOR,MEK_ERK,PKC,TGFb-SMAD,STAT3,DPD_NC,DPD_LB
0,1,0,1,0.995817535619514,1,0,0,0
1,0,1,1,0,0.106066079035532,0.900129316139262,0,0
0,1,0,1,1,0,0,0,0
1,1,0,0,0,0.576604316075506,0.00332212945747966,0,0
0,1,0,0,0,0,0,0,0
0,0,0,0,0,0,1,0,0
0,0,0,0,0,1,0,0,0
0,1,1,1,1,1,1,0,0
0,1,0.065470449706761,1,1,1,1,0,0
