EGFR,PI3K_AKT,mTOR,MEK_ERK,PKC,TGFb-SMAD,STAT3,DPD_NC,DPD_LB
0,0.0209422003571172,0.00392818701034248,0.00324260721164163,-0.0161958969003174,0.739922293153387,0,0,0
-0.757423570822871,0,-4.92907273261161e-06,-0.000109511229525114,0,1.01733751917858,0.00869077181834392,0,0
0,0.283131063857413,0,0,0.83567797160735,0,0,0,0
0.0886580846719444,0,-0.000851024893587443,0,0,-0.0575302814512386,0.704448460156402,0,0
1.48164972759526,0,0,0,0,0,0,0,0
1.34747567178312,0,0,0,0,0,0,0,0
0.527273984074084,0,0,0.810291343046643,0,0,0,0,0
0,0,0,0,0.0872607186838601,0,0.60478244169664,0,0
0,-0.048540489789127,-0.00691230444818579,-0.676454687743713,0.853403813295451,0.545836789951165,-0.0046216788810731,0,0
