EGFR,PI3K_AKT,mTOR,MEK_ERK,PKC,TGFb-SMAD,STAT3,DPD_NC,DPD_LB
0,0,0,0,0,0,0,0,0
1.55431223447522e-15,0,0,1.55431223447522e-15,0.352916705742243,1.55431223447522e-15,0.411584018678306,0,0
0,2.22044604925031e-16,0,2.22044604925031e-16,0,2.22044604925031e-16,0,0,0
4.44089209850063e-16,0,0,0,0,4.44089209850063e-16,0.46011341245426,0,0
7.77156117237609e-16,0,0,7.77156117237609e-16,0,0,0,0,0
1.33226762955019e-15,0,0,1.33226762955019e-15,0,0,0,0,0
0.321278894772934,0,0,0.321278894772934,0,4.44089209850063e-16,0,0,0
0,1.11022302462516e-16,0,1.11022302462516e-16,0.499055365541384,1.11022302462516e-16,0.441314765005706,0,0
0,4.44089209850063e-16,0.130557124249469,0,4.44089209850063e-16,0.350009682598691,4.44089209850063e-16,0,0
