EGFR,PI3K_AKT,mTOR,MEK_ERK,PKC,TGFb-SMAD,STAT3,DPD_NC,DPD_LB
0,0.616555272765004,0,0.60662693360114,0,0.617314249731344,0,0,0
0.378646834932396,0,0,0.379093346057767,0,0.334794325557603,0.407004717063061,0,0
0,0,0,0.427716028651319,0.438815327492648,0.43658993093018,0,0,0
0.371030736936223,0,0,0,0,0.0201955281588114,0.372224612365247,0,0
0.149997023348782,0.148971734924478,0,0,0,0,0,0,0
0,0,0,0,0,0,0.0383644196672513,0,0
0,0,0,0,0,0.0341009298757407,0,0,0
0,0.471605783943303,0.467269691351074,0.466074079965241,0,0.470592101903871,0.471038848691621,0,0
0,0.635413150434882,0.634196188461195,0,0,0.635068378410989,0.632854974064966,0,0
