EGFR,PI3K_AKT,mTOR,MEK_ERK,PKC,TGFb-SMAD,STAT3,DPD_NC,DPD_LB
0,0.278446027696316,0.211257927363545,0.380590705412083,0,0.380026141509472,0,0,0
0.179849276881958,0,0.0100380304622127,0.665848772027494,0,0.66273326662437,0.660036827868198,0,0
0,0.462733971567035,0,0.458239009396552,0,0,0.460863679960676,0,0
0.125918884811787,0,0,0,0,0,0,0,0
0.246213847480096,0.250972868115218,0,0,0,0,0,0,0
0,0,0,0.180008163218319,0,0,0.182723745440764,0,0
0,0,0,0.193661955506746,0,0.193033239963037,0,0,0
0,0.551431825860119,0,0.550491218197704,0.552926050726253,0.552513266061611,0.547130833866069,0,0
0,0,0,1.89114093729039,0.700579717351404,2.55484704498146,2.96175969586431,0,0
