EGFR,PI3K_AKT,mTOR,MEK_ERK,PKC,TGFb-SMAD,STAT3,DPD_NC,DPD_LB
0,0.151112592860255,0.132732078364457,-0.0105104478504609,-0.682639769476596,0.576746247808299,0,0,0
1.33679802312082,0,-2.74366929996792e-05,0.667217846013967,2.4118910290193,-1.85211652354897,-1.166626497904,0,0
0,0.117541363797309,0,0.322851910594499,1.13282144951584,-1.73718345757511,-0.310075795756693,0,0
1.09040062882682,0.343132611243423,0.0174794505047772,0,-0.0452533604632271,-0.122674837990569,0.346531531667623,0,0
0.738609018310255,0.395750190337434,0,0,0,0,0,0,0
0,0,0,0,0,0,0.319860362549713,0,0
-0.929300545646087,0,0,0.338121484260416,0,1.88154294074065,0,0,0
0,-0.112318912606268,0,0.17736480876772,0.397849620918545,-0.295125286261185,0.252615202116064,0,0
0,0.388952099368193,0,0.04262182029089,-0.470623219222932,0.611808452007094,0.266692882555352,0,0
