EGFR,PI3K_AKT,mTOR,MEK_ERK,PKC,TGFb-SMAD,STAT3,DPD_NC,DPD_LB
0,0.309994584980038,0.333304350818054,0.34949470983989,0.354208190235657,0.329199567862553,0,0,0
0.515803729201218,0,0.00435378934490421,0.512989309179225,0.0053439495740455,0.515143665323896,0.515257088893033,0,0
0.23231444142872,0.34204486207557,0,0.358265829611654,0.376408235800781,0.531365578120616,0,0,0
0.528312394519032,0,0,0,0,0.522417019281843,0.522253000057023,0,0
0.367430546670346,0.365692069721901,0,0,0,0,0,0,0
0,0,0,0,0,0,0.0355535895379922,0,0
0,0,0,0,0,0.0394466947208994,0,0,0
0,1.5758272261545,1.9986282710698,1.0042237592116,2.99620620963618,2.30801938886591,5.58715930516749,0,0
0,0.580389171603072,0.105713010817702,0.105509860654679,0.579038505725626,0.58996827689115,0.587541980899545,0,0
