EGFR,PI3K_AKT,mTOR,MEK_ERK,PKC,TGFb-SMAD,STAT3,DPD_NC,DPD_LB
0,0.350299256913894,-0.0978562016188078,0.317749622607322,0.148764563508267,0.827006228007184,0,0,0
-0.371968773262268,0,-0.56288159097752,0.231525054008107,0,-0.400684009210098,1.18659435689934,0,0
0,0,0,0,0,0,0,0,0
0.85564925786373,0.0277921716578885,-0.0385948873967204,0,0,-0.686201112598122,0.133679338274554,0,0
0,0,0,0,0,0,0,0,0
0.883035243193808,0,0,-0.284985360494532,0,0,0,0,0
0.391152036368148,0,0,-0.308001798945659,0,0,0,0,0
0,0.279357621643171,1.47538056870622,-0.00531145053511016,-0.143923749545924,-0.953573991530099,0.161852153424969,0,0
0,-20.2169450748112,7.10973704901362,-0.753800336283189,-14.9325611007165,-0.647522865655945,-13.5949384475438,0,0
