EGFR,PI3K_AKT,mTOR,MEK_ERK,PKC,TGFb-SMAD,STAT3,DPD_NC,DPD_LB
0,0,0,0,-0.269567481888058,0.678124845109261,0,0,0
-0.0339844109054041,0,0,0,0,-0.268280682919855,0.922470670330132,0,0
2.36545852967482,-0.886907657042211,0,0.383758175710123,1.55489343295888,0,-3.42737873042098,0,0
1.6461425237763,0,-0.141857676401206,0,0,0.278063523600132,-1.21945045325315,0,0
0.3829473370973,0.596983226965689,0,0,0,0,0,0,0
0,0,0,0,0,0,1.11980926187768,0,0
0,0,0,0,0,0.797833864504701,0,0,0
0,-0.746275323810087,-0.225874400154785,1.21262028134178,2.45026424393554,1.14208702315009,-1.99091303494277,0,0
0,2.18428417721285,0.753034875504234,0,-0.550495123887768,-2.44722956986229,2.21781719844042,0,0
