EGFR,PI3K_AKT,mTOR,MEK_ERK,PKC,TGFb-SMAD,STAT3,DPD_NC,DPD_LB
0,1,0.926712613899981,1,0.926712613899981,1,0,0,0
0.953385171536176,0,0.112111248973546,0.953385171536176,0.00107996823823767,0.953385171536176,0.953385171536176,0,0
0.00747032618985814,0.992529673810142,0,1,1,0,0.00747032618985814,0,0
0.761235154934047,1,0,0,0,1,0.591892079161865,0,0
0.999999999999999,0,0,0,0,0,0,0,0
0,0,0,0,0,0,0,0,0
1,0,0,1,1,0,0,0,0
0,0.999999999999999,0.0356670369454098,0.0472931630933574,0.0965431222368894,0.264743495109203,0.999999999999999,0,0
0,1,1,1,1,1,1,0,0
