EGFR,PI3K_AKT,mTOR,MEK_ERK,PKC,TGFb-SMAD,STAT3,DPD_NC,DPD_LB
0,0,0,0,1,1,0,0,0
0.109635681517726,0,0,0,0,1,1,0,0
0.999999999999999,0.999999999999999,0,0.999999999999999,0.999999999999999,0,0.999999999999999,0,0
0.999999999999999,0,0.454214710338849,0,0,0.999999999999999,0.999999999999999,0,0
1,1,0,0,0,0,0,0,0
0,0,0,0,0,0,0.999999999999999,0,0
0,0,0,0,0,0.999999999999998,0,0,0
0,1,0.690387455819272,1,1,1,1,0,0
0,1,1,0,1,1,1,0,0
