EGFR,PI3K_AKT,mTOR,MEK_ERK,PKC,TGFb-SMAD,STAT3,DPD_NC,DPD_LB
0,0.430901292436187,0.433080742716151,0.433263947357827,0.435015634855424,0.432326662657089,0,0,0
0.411108029305413,0,0.416308309816773,0.416739351266884,0.404930339580231,0.412381407499609,0.405711415802167,0,0
0.369314175022155,0.367870907019006,0,0.369129966623107,0.369067536738397,0.368965831140261,0.00522429221443045,0,0
0.150185950074028,0,0,0,0,0,0,0,0
0,0.0345130281676281,0,0,0,0,0,0,0
0,0,0,0,0,0,0.038237680487613,0,0
0,0,0,0,0,0.0411829055662903,0,0,0
0,0.621724007802011,0,0,0.622908225545903,0,0,0,0
0,0,0.71328737462129,0.711458525264937,0,0.721613203329988,0.720237967661072,0,0
