EGFR,PI3K_AKT,mTOR,MEK_ERK,PKC,TGFb-SMAD,STAT3,DPD_NC,DPD_LB
0,0,0,1.6419009153292,0,-0.760138650718641,0,0,0
1.02993380940066,0,0,-1.23283367240462,0.0533140195605417,0.428417457909487,0.0413678135310925,0,0
0,2.32740846241029,0,-2.08855497145168,0,1.30257254954377,0,0,0
0.399584166348177,0,0,0,0,0.303384037920508,0.120280950312338,0,0
1.76639653054766,0,0,-1.22697063162793,0,0,0,0,0
-0.774742520159948,0,0,1.8863797722807,0,0,0,0,0
-0.00212057180397656,0,0,0.00141136747925541,0,0.783664306578805,0,0,0
0,0.61099238847578,0,-0.593780139256755,-0.114990043678868,0.784318409855314,0.0542912385451545,0,0
0,16.4582792413563,1.43385853110366,0,-9.64767670186541,0.0681624560322135,7.30779150638879,0,0
