EGFR,PI3K_AKT,mTOR,MEK_ERK,PKC,TGFb-SMAD,STAT3,DPD_NC,DPD_LB
0,0.453496415913534,0.454004985415198,0.452573994844406,0.454329859644249,0.454162621329271,0,0,0
0.430480341636275,0,0.0777423537844571,0.437472999712976,0.0828269099117325,0.073663990335552,0.0894919194427055,0,0
0.00126850332554066,0.438410252199511,0,0.444460055296542,0.438897908158359,0.0203236957640113,0.442028586402468,0,0
0.443474091701775,0.108128348091285,0,0,0,0.311780109091683,0.466371318236518,0,0
0.0515193453282535,0,0,0,0,0,0,0,0
0,0,0,0,0,0,0.0602145738187706,0,0
0,0,0,0,0,0.0643735013318598,0,0,0
0,0.275732694403797,0.202395430131435,0.204090973882581,0.381428432384336,0.376116082930051,0.708704297091116,0,0
0,0.382718868835242,0.380624949687995,0.382510155475925,0.380890886976062,0.387680606584611,0.39252983308181,0,0
