EGFR,PI3K_AKT,mTOR,MEK_ERK,PKC,TGFb-SMAD,STAT3,DPD_NC,DPD_LB
0,0.480867927421276,0.481773670967367,0.4768786157052,0.481709102652121,0.481653207882024,0,0,0
0.601011245538313,0,0,0.600941018640346,0,0.597862583941386,0.599176823590092,0,0
0.439312749489707,0.439475073054144,0,0.44873616092735,0.444759781226943,0,0,0,0
0.567395807873428,0.197185180381217,0.547673093675161,0,0,0.57685042695154,0.572346506835905,0,0
0.0902945689481421,0,0,0,0,0,0,0,0
0,0,0,0,0,0,0,0,0
0.321295931922671,0,0,0,0,0.323385889001691,0,0,0
0,0,0.221843320310509,0,0.327341086891197,0.374682851960701,0.249003098374587,0,0
0,0,0.535961163409095,0,0.424332572134009,0.536819896281701,0.429459720158418,0,0
