EGFR,PI3K_AKT,mTOR,MEK_ERK,PKC,TGFb-SMAD,STAT3,DPD_NC,DPD_LB
0,1,1,1,1,1,0,0,0
1,0,0,0.415292072477194,0,0.77839118143729,0.415292072477194,0,0
0.112739330671031,1,0,0.112739330671031,1,0,0,0,0
1,1,0.380840036939232,0,0,1,0.903449581004233,0,0
1,0,0,0,0,0,0,0,0
0.999999999999999,0,0,0,0,0,0,0,0
1,0,0,1,0,0,0,0,0
0,0.999999999999999,0.999999999999999,0.0549847917867268,0.221572312085887,0.999999999999999,0.960673328377184,0,0
0,0,1,0,1,1,1,0,0
