EGFR,PI3K_AKT,mTOR,MEK_ERK,PKC,TGFb-SMAD,STAT3,DPD_NC,DPD_LB
0,1,0,0.866800680451549,1,1,0,0,0
0,0,0.515276016202977,0,0,1,1,0,0
1,0,0,1,1,0,0,0,0
0.999999999999999,0.999999999999999,0,0,0,0,0.999999999999999,0,0
1,1,0,0,0,0,0,0,0
1,1,0,1,0,0,0,0,0
0,0,0,1,0,1,0,0,0
0,1,0,0,0,1,0,0,0
0,1,0,0,1,0.121941330943637,0,0,0
