EGFR,PI3K_AKT,mTOR,MEK_ERK,PKC,TGFb-SMAD,STAT3,DPD_NC,DPD_LB
0,0.464549465931359,0.471304735311359,0.475896110764049,0.469943374334356,0.481036928764377,0,0,0
0.257626815347395,0,0.431295922408046,0.450380024043902,0,0.427593764872916,0.44707140856742,0,0
0.017516241368106,0.301835793864798,0,0.0237361554257847,0.300678111187144,0,0.0230807210672348,0,0
0.277033728203368,0,0.41034412892873,0,0,0.477582114310746,0.280847534025028,0,0
0.0410490792355309,0,0,0,0,0,0,0,0
0,0,0,0.284818028479069,0,0,0.287754849125253,0,0
0,0,0,0,0,0.0640438276080285,0,0,0
0,0,0,0,0,0.12402905944297,0.226836001047385,0,0
0,0.468724014208391,0.469273521748578,0.46660460354196,0,0.358699548213676,0.495755525472853,0,0
