EGFR,PI3K_AKT,mTOR,MEK_ERK,PKC,TGFb-SMAD,STAT3,DPD_NC,DPD_LB
0,0.0168071498559255,0.180799459701548,-1.73066321246e-05,-0.0592395543942195,1.03119110910876,0,0,0
3.9228601552142,0,-0.435135600643474,0.67642475699206,0,-2.900871679737,-2.35840651561631,0,0
0,0.284897860181946,0,0,1.51329893292087,0,0,0,0
1.05705332168726,0.301164999832,0.147655812915472,0,-0.000330720417608293,0.0572274965389112,-0.107883935916648,0,0
-0.897362849689021,0,0.276604860175323,0,0,0,0,0,0
0.897741650121295,0,-0.191977106412351,0,0,0,0,0,0
0.618970745982402,0,0,0,0,0,0,0,0
0,0.209679234673105,0.190551537108394,0,0,0.916142037095753,0,0,0
0,0.11491826175124,0,0.312911820936752,0,-0.20771690601549,-0.10159498014453,0,0
