EGFR,PI3K_AKT,mTOR,MEK_ERK,PKC,TGFb-SMAD,STAT3,DPD_NC,DPD_LB
0,0.0614432347721767,0.0205475262932681,0.00526280568060843,-0.0215119689842741,0.748222107340178,0.00589626362493131,0,0
0.770647823870759,0,0.000628994153792661,0.00128666635872685,0,-0.00611527209207122,-0.158186508843861,0,0
0,0,0,0,0.736474424840742,0,0,0,0
1.40630336901158,0.0511448122296238,0.0139760498969309,0,0,-0.0336753953523145,0.0238193426310052,0,0
0,0,0,0,0,1.37912217003875,0,0,0
0.105807104965987,0,0,0.320865710398126,0,0,0,0,0
3.79639756419256,0,0,-0.751115408047166,-1.06145921298133,0,0,0,0
0,1.19539379987209,0.0231975842336732,-0.00595466373928839,-0.30125821787439,0.0317452180297054,-0.334543418827372,0,0
0,0.144353079066596,0.00930770673944196,0,-0.642861826369992,0.929650329700897,5.15374061813015e-05,0,0
