EGFR,PI3K_AKT,mTOR,MEK_ERK,PKC,TGFb-SMAD,STAT3,DPD_NC,DPD_LB
0,0,0,0,0.402860384658056,0.404940655590244,0,0,0
0.142017163127405,0,0,0,0,0.499376985102063,0.488388446402858,0,0
0.5162255297353,0.509631289551896,0,0.505090369018253,0.513846255928033,0,0.516498528631288,0,0
0.461603456054927,0,0.336654860404768,0,0,0.583732790350721,0.500189740124852,0,0
0.239876915698178,0.244688710062188,0,0,0,0,0,0,0
0,0,0,0,0,0,0.0468859146123267,0,0
0,0,0,0,0,0.0434858507589983,0,0,0
0,0.393647353089217,0.356411559628489,0.389230872647389,0.394908287327154,0.388872381267422,0.459728081867216,0,0
0,0.489016035875578,0.477390963974469,0,0.484525711295599,0.488110863793091,0.486302443693616,0,0
