EGFR,PI3K_AKT,mTOR,MEK_ERK,PKC,TGFb-SMAD,STAT3,DPD_NC,DPD_LB
0,1,1,1,1,1,0.0141735918452834,0,0
1,0,1,1,0.074684858079206,1,1,0,0
0.121566830558238,1,0,1,1,0.116218529838673,0.897585516241461,0,0
1,0.0325844414078248,0.951436862586325,0,0.0325844414078248,1,1,0,0
1,0.00376911553245645,0.00376911553245645,0,0,0,1,0,0
0.0464520577601612,0,0.0464520577601612,0.0464520577601612,0,0,0.953547942239838,0,0
1,0,0,0,0,0,0,0,0
0,1,1,1,1,1,1,0,0
0,1,1,1,1,1,1,0,0
