EGFR,PI3K_AKT,mTOR,MEK_ERK,PKC,TGFb-SMAD,STAT3,DPD_NC,DPD_LB
0,0.0838154729103753,-0.0384932789889096,1.04148150755404,-0.168873945819793,-0.0323446766755523,0,0,0
0.715746385872747,0,-6.8136464364564e-05,-0.855238658448146,8.92784626833864e-05,0.197422485697012,0.530815540582346,0,0
-0.057007016617599,-0.886968191623936,0,0.645304123032221,0.745295219299408,-0.370694685126702,0,0,0
0.293834336089652,0,0,0,0,0.284673072154107,0.450494693672004,0,0
0.201583737562666,0.636252598510811,0,0,0,0,0,0,0
0,0,0,0,0,0,1.39394230230087,0,0
0,0,0,0,0,0.653718249415277,0,0,0
0,-0.619800763152085,1.77056553631118,0.393177151249217,6.98438257171293,-28.8429790297014,14.7272717586065,0,0
0,0.645479170701544,0.00336807312551572,0.00465758352930946,-0.914968936939351,0.684256825296969,0.200077555885322,0,0
