EGFR,PI3K_AKT,mTOR,MEK_ERK,PKC,TGFb-SMAD,STAT3,DPD_NC,DPD_LB
0,0,0,0,0,0.12601056174832,0,0,0
0.484076691238268,0,0.302907127345994,0.478064767492266,0,0.488964910282006,0.479548294225969,0,0
0,0,0,0,0.0755981100675376,0,0,0,0
0.529161552055217,0.497097042591917,0.502251148978102,0,0.081503539667252,0.529903185399559,0.520572201955116,0,0
0.287531386434445,0,0,0,0,0.220704779960413,0,0,0
0.029217618857435,0,0,0,0,0,0,0,0
0.282470767134868,0,0,0.278804385583766,0,0.284170613975773,0,0,0
0,0,0,0.00356724979618207,0.641222292234514,0.00836299204882833,0.644444845300959,0,0
0,0.0530600753500934,0.108560695961342,0.42219270164853,0.360173398389494,0.592560779223996,0.539176115818058,0,0
