EGFR,PI3K_AKT,mTOR,MEK_ERK,PKC,TGFb-SMAD,STAT3,DPD_NC,DPD_LB
0,0.999999999999999,0.999999999999999,0.999999999999999,0.999999999999999,0.506396211537158,0,0,0
0,0,0,0,0,0,0,0,0
1,1,0,1,1,0,0,0,0
1,1,0.0990405674967288,0,0,1,1,0,0
0,0,0,0,0,0,0,0,0
0,0,0,0,0,0,0,0,0
1,0.185070518078408,0.185070518078408,1,1,0,0,0,0
0,1,1,0.29762634490462,0.29762634490462,0.809961585006366,0.29762634490462,0,0
0,1,1,1,1,0.986290945477853,1,0,0
