EGFR,PI3K_AKT,mTOR,MEK_ERK,PKC,TGFb-SMAD,STAT3,DPD_NC,DPD_LB
0,0.291060230586444,0.291060230586444,0.192314260327044,0.291060230586444,0.182565623531516,0.192314260327044,0,0
4.44089209850063e-16,0,0.131450979324734,0.131450979324734,0,0.200488463310518,4.44089209850063e-16,0,0
0,0,0,0,2.22044604925031e-16,0,0,0,0
6.66133814775094e-16,0.260435666079769,0.260435666079769,0,0,0.260435666079769,0.260435666079769,0,0
0,0,0,0,0,4.44089209850063e-16,0,0,0
0.438736230763176,0,0,1.11022302462516e-16,0,0,0,0,0
4.44089209850063e-16,0,0,4.44089209850063e-16,4.44089209850063e-16,0,0,0,0
0,3.33066907387547e-16,0.485517147232261,0.164663743121043,0.151291977807841,0.485517147232261,3.33066907387547e-16,0,0
0,0.459389298745304,0.301117462161837,0,2.22044604925031e-16,2.22044604925031e-16,0.0240290400812145,0,0
