EGFR,PI3K_AKT,mTOR,MEK_ERK,PKC,TGFb-SMAD,STAT3,DPD_NC,DPD_LB
0,0,-0.00992542819404342,0.164509922376394,0,0.014713960869822,0,0,0
1.49645020564138,0,0.428848839069517,-0.142703145831546,0,-0.432057050147286,1.58131377946669,0,0
0,0,0,0,0,0,-1.8039696838769,0,0
2.17549631168922,0.43144784644717,0.212013381176259,0,0,-0.349729071867429,0.590450062498957,0,0
1.30812611776338,0,0,0,0,0,0,0,0
0,0,0,0,0,0,0,0,0
0,0,0,0,0,1.64297329353055,0,0,0
0,0,0.371704356641173,0.194218902481191,0,0.478226337801842,1.22897886726975,0,0
0,0.450134661918958,0.434116388108327,0.537752307898166,-0.263321193002247,0.944727994329068,0.583153539287772,0,0
