EGFR,PI3K_AKT,mTOR,MEK_ERK,PKC,TGFb-SMAD,STAT3,DPD_NC,DPD_LB
0,0.808088223570569,0.32165840658484,0.596236631854796,-0.731613298428258,0.35912825778016,0,0,0
-0.142358847859364,0,0,-0.00906284533292636,0,0.732300653986839,0.155012472236406,0,0
0.133463520811808,-1.44324918602241,0,-0.12677382559873,2.08041152080609,0,0,0,0
1.26708430085347,-0.42416541604244,-0.00386921053919576,0,0,0.124910703478934,-0.735372275113766,0,0
0.40405355263735,0,0,0,0,0,0,0,0
0.548112777281575,0,0,0,0,0,0,0,0
0.758036900322708,0,0,-0.328177874957716,0,0,0,0,0
0,1.41033174722522,1.62650383579016,0.00177263204566065,-0.199966938991783,-2.55953774191495,1.13948737722366,0,0
0,0,-0.479158643042643,0,-0.796519416327652,0.925562626690813,0.693631024976125,0,0
