EGFR,PI3K_AKT,mTOR,MEK_ERK,PKC,TGFb-SMAD,STAT3,DPD_NC,DPD_LB
0,1,0,1,0,1,0,0,0
0.966808558218265,0,0,0.966808558218265,0,0.718461517140772,0.655308078145339,0,0
0.155896098167092,1,0,0.155896098167092,1,0,0,0,0
0.324519004429201,0.710756730749085,0,0,0,0.81280025121674,0.825408709212847,0,0
1,0,0,0,0,0,0,0,0
0.633326607466576,0.0780505226636838,0,0.633326607466576,0,0,0.921949477336316,0,0
0.999999999999999,0,0,0.999999999999999,0,0.0964930480912937,0,0,0
0,0.51911873645073,0,0,0,1,0.713906073545507,0,0
0,1,1,1,1,1,1,0,0
