EGFR,PI3K_AKT,mTOR,MEK_ERK,PKC,TGFb-SMAD,STAT3,DPD_NC,DPD_LB
0,0.401777733700276,0.380449864291616,0.428758268945095,0.434276491431047,0.732539282950669,0.465756193056455,0,0
0.703877347710328,0,0.46463034642376,0.486255383788317,0.604629216821816,0.639147919356571,0.476448625583456,0,0
0.559838228605004,0.422227029268848,0,0.495869762312947,0.586499573631536,0.261139846081999,0.382880711762128,0,0
0.449131456884476,0.42947125197401,0.125644534010452,0,0.241136281923876,0.421422226435533,0.439535380826699,0,0
0,0,0,0,0,0,0,0,0
0,0,0,0,0,0,0.0380823499216116,0,0
0,0,0,0,0,0.0432511449242391,0,0,0
0,0.447372548480355,0.436307971142149,0.449104983419807,0.456575718421418,0.437488542037124,0.430241074749512,0,0
0,0.398628301808048,0.398378684818309,0.400153290482885,0.397559213387355,0.407192723179193,0.408593773593389,0,0
