EGFR,PI3K_AKT,mTOR,MEK_ERK,PKC,TGFb-SMAD,STAT3,DPD_NC,DPD_LB
0,0.451852497378961,0.454014041415604,0.45359696665233,0.454588660283567,0.317370878226819,0,0,0
0,0,0,0,0,0,0,0,0
0.422721677023885,0.421614864741152,0,0.422720692345606,0.42442150317096,0,0,0,0
0.67637402474907,0.677183062193838,0.111181721773361,0,0,0.686133264358467,0.672462214839859,0,0
0,0,0,0,0,0,0,0,0
0,0,0,0,0,0,0,0,0
0.372969423951508,0.530684594285158,0.198420544220122,0.38215480156429,0.432985865954629,0,0,0,0
0,0.566122280408272,0.555679711748085,0.207005977242923,0.20571894460061,0.56476261264397,0.20537243290917,0,0
0,0.494378345562872,0.492967080269944,0.488858988673264,0.490642004538271,0.512651429250787,0.484000571447448,0,0
