EGFR,PI3K_AKT,mTOR,MEK_ERK,PKC,TGFb-SMAD,STAT3,DPD_NC,DPD_LB
0,0.495355134145179,0.413907749349572,1.11022302462516e-16,1.11022302462516e-16,0.345464384025633,0.413907749349572,0,0
0.384983400817898,0,0,0.384983400817898,0,4.44089209850063e-16,4.44089209850063e-16,0,0
0,3.33066907387547e-16,0,3.33066907387547e-16,3.33066907387547e-16,0,0,0,0
0.272482136294786,5.55111512312578e-16,0.499856870195285,0,0,5.55111512312578e-16,5.55111512312578e-16,0,0
0,2.22044604925031e-16,0,0,0,0,0,0,0
8.88178419700125e-16,0,0,8.88178419700125e-16,0,0,0,0,0
0,4.44089209850063e-16,0,0,0,4.44089209850063e-16,0,0,0
0,6.66133814775094e-16,0,6.66133814775094e-16,6.66133814775094e-16,6.66133814775094e-16,6.66133814775094e-16,0,0
0,2.22044604925031e-16,0,0,2.22044604925031e-16,0.393122666803447,0.393122666803447,0,0
