EGFR,PI3K_AKT,mTOR,MEK_ERK,PKC,TGFb-SMAD,STAT3,DPD_NC,DPD_LB
0,0.726079171465902,1,1,1,0.982403806962269,0,0,0
1,0,0,0,0,0.691755760361897,1,0,0
0,1,0,1,1,0,0,0,0
0.0946859229166629,0.0946859229166629,0.421732077537446,0,0,0.672953845379218,0.880059109151209,0,0
1,0,0,0,0,0,0,0,0
0,0,0,0,0,0,0,0,0
0,0,0,0,0,0,0,0,0
0,0,0.837581904664127,1,0.837581904664127,0.992004948161993,1,0,0
0,1,1,1,1,1,1,0,0
