EGFR,PI3K_AKT,mTOR,MEK_ERK,PKC,TGFb-SMAD,STAT3,DPD_NC,DPD_LB
0,0.482304666248746,0.479652987199819,0.476785162533888,0.482985540339014,0.480565774770807,0,0,0
0.522143303806075,0,0.512704305383285,0.513365546311194,0,0.54896880461239,0.547622440128214,0,0
0,0,0,0,0,0,0,0,0
0.49541004277684,0.478301998972346,0.491225035955788,0,0,0.491753268096756,0.475671450093027,0,0
0,0,0,0,0,0,0,0,0
0.257107496498877,0,0,0.256926021579852,0,0,0,0,0
0.297672490754583,0,0,0.296216122382056,0,0,0,0,0
0,0.407634852173815,0.430500345027105,0.428766593685993,0.432869210315335,0.428088841569671,0.427667053664522,0,0
0,0.451559427565854,0.442794750412804,0.447136826453909,0.450332909136424,0.44576748993705,0.444711451545916,0,0
