EGFR,PI3K_AKT,mTOR,MEK_ERK,PKC,TGFb-SMAD,STAT3,DPD_NC,DPD_LB
0,1.55431223447522e-15,0.260607645971193,1.55431223447522e-15,0.260607645971193,1.55431223447522e-15,0,0,0
0.210812443254904,0,0.31550327546182,0.210812443254904,0.0328451199851984,0.210812443254904,0.210812443254904,0,0
0.0861076095155083,0.0861076095155083,0,0,0,0,0.0861076095155083,0,0
0.42632873915159,3.33066907387547e-16,0,0,0,3.33066907387547e-16,0.491483311809577,0,0
1.33226762955019e-15,0,0,0,0,0,0,0,0
0,0,0,0,0,0,0,0,0
8.88178419700126e-16,0,0,8.88178419700126e-16,8.88178419700126e-16,0,0,0,0
0,6.66133814775094e-16,0.185458619160568,0.212265211040299,0.295334636955509,0.44119652866559,6.66133814775094e-16,0,0
0,4.44089209850063e-16,4.44089209850063e-16,4.44089209850063e-16,4.44089209850063e-16,4.44089209850063e-16,4.44089209850063e-16,0,0
