EGFR,PI3K_AKT,mTOR,MEK_ERK,PKC,TGFb-SMAD,STAT3,DPD_NC,DPD_LB
0,-0.270650455007315,-0.0129214932638734,1.12711921635865,-0.256678682842229,0.290774288923745,0,0,0
0.343003835446629,0,0.18695946574426,0.464729828966845,0,1.1497513542253,-1.35897122173927,0,0
-0.919670703804082,0.569394211215871,0,1.50164062460616,0.221396197781297,0,0,0,0
0.432156449477915,0.160191396796963,0.12132628637818,0,0,0.381392358491868,-0.131683655756407,0,0
0,0,0,0,0,1.69135121443251,0,0,0
0,0,0,0,0.568997828634688,0,0,0,0
-0.17386473023309,0,0,0.522618297284333,0.528799735747298,0,0,0,0
0,0.460813362800231,0,0.181293094902787,0.05329738480252,-0.0636725492203598,0.0296823083553441,0,0
0,0.000836676465510403,-0.0344718078459984,0.00033215341699333,-0.469939894454526,0.0731073866600809,0,0,0
