EGFR,PI3K_AKT,mTOR,MEK_ERK,PKC,TGFb-SMAD,STAT3,DPD_NC,DPD_LB
0,0.825604163399381,0.932306872221239,0.825604163399381,0.999999999999999,0.825604163399381,0,0,0
1,0,0.00154339941652215,1,1,1,1,0,0
0,0.949356237944265,0,1,1,0.783628672775815,0.216371327224185,0,0
1,1,0.131610695276052,0,0.131610695276052,1,0.900001922719086,0,0
1,1,0,0,0,0,0,0,0
0,0,0,0,0,0,1,0,0
1,0,0,1,0,1,0,0,0
0,0.547681587090197,0,0.547681587090197,0.832679793136931,0.790858741208448,0.976875166833694,0,0
0,1,0,0.351120499937555,1,0.961398675177963,1,0,0
