EGFR,PI3K_AKT,mTOR,MEK_ERK,PKC,TGFb-SMAD,STAT3,DPD_NC,DPD_LB
0,0.0750260553816017,0.0339282910725622,0.407381877505128,0,0.430881748857897,0,0,0
0.0464974503531445,0,-0.000366635308170706,0.880426948768298,0,0.979737861683121,-0.847373508597454,0,0
0,0.31478425497108,0,-0.43615528764251,0,0,-0.624915487890606,0,0
1.07086092767921,0,0,0,0,0,0,0,0
0.752083526474804,0.368073964717015,0,0,0,0,0,0,0
0,0,0,-0.444219637109916,0,0,1.08209208513312,0,0
0,0,0,0.379837170318709,0,0.78577341769745,0,0,0
0,-2.03842131154561,0,4.53543762689386,5.52161210423697,-7.71540241793321,6.06994091243937,0,0
0,0,0,1.17805622362409,8.443626167698,-14.6340535540748,13.0456613254628,0,0
