EGFR,PI3K_AKT,mTOR,MEK_ERK,PKC,TGFb-SMAD,STAT3,DPD_NC,DPD_LB
0,1,1,1,0.982228919531632,1,0,0,0
0.416567828396557,0,0.999999999999999,0.999999999999999,0,0.999999999999999,0.999999999999999,0,0
0.00103548514035402,1,0,0.00103548514035402,1,0,0.00103548514035402,0,0
0.508577337976039,0,0.954937044327045,0,0,0.892692767469902,0.398744117366457,0,0
0.999999999999999,0,0,0,0,0,0,0,0
0,0,0,0.999999999999999,0,0,0.999999999999999,0,0
0,0,0,0,0,1,0,0,0
0,0,0,0,0,0.148350943675704,1,0,0
0,0.999999999999999,0.999999999999999,0.999999999999999,0,0.54283034045942,0.916327535781806,0,0
