EGFR,PI3K_AKT,mTOR,MEK_ERK,PKC,TGFb-SMAD,STAT3,DPD_NC,DPD_LB
0,0.257150844222221,0.257150844222221,0.257150844222221,0.257150844222221,8.88178419700125e-16,0,0,0
9.9920072216264e-16,0,0.018584392887458,0.018584392887458,0,9.9920072216264e-16,0.217310884245235,0,0
0,2.22044604925031e-16,0,0,2.22044604925031e-16,0,0,0,0
0.367110444603461,0,0.367110444603461,0,0,0.367110444603461,6.66133814775094e-16,0,0
1.11022302462516e-16,0,0,0,0,0,0,0,0
4.44089209850063e-16,0,0,0,0,0,0,0,0
4.44089209850063e-16,0,0,4.44089209850063e-16,0,0,0,0,0
0,0,0,0,0.491275952462242,0,4.44089209850063e-16,0,0
0,0.442774617113809,0.272664728141318,4.44089209850063e-16,4.44089209850063e-16,4.44089209850063e-16,0.442774617113809,0,0
