EGFR,PI3K_AKT,mTOR,MEK_ERK,PKC,TGFb-SMAD,STAT3,DPD_NC,DPD_LB
0,0.49006715741231,0.489923823999817,0.500899503653931,0.491129276226009,0.497587980729117,0,0,0
0.47419683249972,0,0,0.276716289645342,0,0.571318658592334,0.340115014083801,0,0
0.388510546517982,0.230918632473644,0,0.37015553692434,0.206029242186506,0,0,0,0
0.437354229329798,0.409316786208576,0.232952723199746,0,0,0.414126060555374,0.470705740299638,0,0
0.0489075198721713,0,0,0,0,0,0,0,0
0.0320463475235111,0,0,0,0,0,0,0,0
0.242796965134679,0,0,0.242327472507995,0,0,0,0,0
0,0.593441529274883,0.568667722382133,0.0659934694829449,0.411604465514634,0.600247621464227,0.609876386910011,0,0
0,0,0.664697759052784,0,0.667512653229128,0.662049936171352,0.670084647865492,0,0
