EGFR,PI3K_AKT,mTOR,MEK_ERK,PKC,TGFb-SMAD,STAT3,DPD_NC,DPD_LB
0,1,1,1,1,1,0,0,0
1,0,0,0.404069115068482,0,0.775092336056457,0.404069115068482,0,0
0.110853008285216,0.999999999999999,0,0.110853008285216,0.999999999999999,0,0,0,0
0.999999999999999,0.999999999999999,0.380246506417196,0,0,0.999999999999999,0.903517424598185,0,0
0.999999999999999,0,0,0,0,0,0,0,0
1,0,0,0,0,0,0,0,0
1,0,0,1,0,0,0,0,0
0,1,1,0.0533465106188877,0.225741562107955,1,0.960132957359126,0,0
0,0,1,0,1,1,1,0,0
