EGFR,PI3K_AKT,mTOR,MEK_ERK,PKC,TGFb-SMAD,STAT3,DPD_NC,DPD_LB
0,0.00912432641104407,1,0.0642758752058801,1,1,0,0,0
0.110339454006323,0,1,0,0,0.369831448090439,1,0,0
0,1,0,0,1,0,0,0,0
1,0.690855057004709,0.999418573400438,0,0.000581426599562054,0.983580431601119,1,0,0
1,0,1,0,0,0,0,0,0
0,0,0,0,0,0,0,0,0
0,0,1,0,0,0,0,0,0
0,0.587838337427708,0.999999999999999,0.00124170884162275,0.00535139941322747,0.399687334345565,0.999999999999999,0,0
0,1,1,0,0.0449272111416973,1,1,0,0
