EGFR,PI3K_AKT,mTOR,MEK_ERK,PKC,TGFb-SMAD,STAT3,DPD_NC,DPD_LB
0,0,0,0.999999999999999,0,0,0,0,0
0.999999999999999,0,0.552564065569354,0.999999999999999,0,0.999999999999999,0.995821423749527,0,0
0,1,0,0,1,0,0,0,0
1,0.718474932841871,0.881480668842954,0,0,1,1,0,0
1,0,0,0,0,0,0,0,0
1,0,0,1,0,0,0,0,0
0.108140648336142,0,0,0.108140648336142,0,1,0,0,0
0,0.965544832757851,0.999058895170203,1,1,1,1,0,0
0,0,0,0,1,0,0,0,0
