EGFR,PI3K_AKT,mTOR,MEK_ERK,PKC,TGFb-SMAD,STAT3,DPD_NC,DPD_LB
0,0.427675121087014,0.376267683330944,0.387503447779209,0.401662316790966,0.368085105346949,0.363358007914293,0,0
0.671889578203712,0,0.67452602180886,0.00385299404115563,0,0.680452236648893,0.673953652153768,0,0
0.414576825341064,0.411515951386333,0,0.411646620490208,0.411795585176794,0.0718551487290393,0,0,0
0.464229327741816,0.46360808524587,0.467303850527779,0,0,0.465517916160941,0.46817041549886,0,0
0.273171824514836,0.384070153352054,0,0.28342498430224,0,0,0,0,0
0.0639557911311648,0.0868913802605799,0,0.0291505464126425,0.0341896025285979,0,0,0,0
0.800172143893597,0.916507735937967,0,0.338002604667037,0.500669773233041,0,0,0,0
0,0.594507308817976,0.513342051341052,0.526062674437866,0.529807751291066,0.644059601054556,0,0,0
0,0.412738733241342,0.414587900350653,0.411060988801753,0.413255171255337,0.427747324700009,0.411516770913807,0,0
