EGFR,PI3K_AKT,mTOR,MEK_ERK,PKC,TGFb-SMAD,STAT3,DPD_NC,DPD_LB
0,0.430880002527137,-0.129875238093831,0.752170557462704,-0.442275887971336,0.583113984938641,0.00240661879932278,0,0
0.227290692348994,0,0.0523251267100277,-0.0103196663834744,0.0430648177281435,-0.67250611697012,1.10525136519613,0,0
-0.15519560414857,-0.364230643105079,0,0.927740905905977,1.72012585697313,0.00218451831253345,-2.98312760042523,0,0
0.48061326026701,-0.00641367292337068,0.117448016708735,0,0.00863488495591945,0.147502867590991,0.122740436896908,0,0
0.388808297320807,-0.000245185135309027,-0.00133688499625942,0,0,0,1.22426299941268,0,0
-0.0462067138631423,0,-0.0155029759343149,0.0964002002898223,0,0,0.780602795690859,0,0
0.245096923630489,0,0,0,0,0,0,0,0
0,3.05970207758908,2.13388451125385,-10.1281969669149,8.91073609017021,5.8855889069786,-17.2912976575947,0,0
0,0.170855055533535,-0.265141069176679,0.876929152068888,-0.434627519834297,-0.67944663247826,0.861281087488564,0,0
