EGFR,PI3K_AKT,mTOR,MEK_ERK,PKC,TGFb-SMAD,STAT3,DPD_NC,DPD_LB
0,4.44089209850063e-16,4.44089209850063e-16,4.44089209850063e-16,4.44089209850063e-16,4.44089209850063e-16,0,0,0
1.55431223447522e-15,0,1.55431223447522e-15,0.036929982600306,0,1.55431223447522e-15,0.160460490594081,0,0
0,0,0,0,0,0,0,0,0
2.22044604925031e-16,2.22044604925031e-16,2.22044604925031e-16,0,0,2.22044604925031e-16,0.0712480381948184,0,0
0,0,0,0,0,0,0,0,0
6.66133814775094e-16,0,0,6.66133814775094e-16,0,0,0,0,0
1.33226762955019e-15,0,0,1.33226762955019e-15,0,0,0,0,0
0,0.437522561638156,4.44089209850063e-16,4.44089209850063e-16,0.0932758594304901,4.44089209850063e-16,4.44089209850063e-16,0,0
0,4.44089209850063e-16,4.44089209850063e-16,4.44089209850063e-16,4.44089209850063e-16,4.44089209850063e-16,4.44089209850063e-16,0,0
