EGFR,PI3K_AKT,mTOR,MEK_ERK,PKC,TGFb-SMAD,STAT3,DPD_NC,DPD_LB
0,0.462046796263075,0.595964364139334,1,0.764948243540593,0.595964364139334,0,0,0
0.999999999999999,0,0.000567600181675947,0.999999999999999,0.000567600181675947,0.999999999999999,0.999432399818323,0,0
0.369444368852347,0.999999999999999,0,0.999999999999999,0.999999999999999,0.369444368852347,0,0,0
0.902486687483619,0,0,0,0,1,1,0,0
1,1,0,0,0,0,0,0,0
0,0,0,0,0,0,1,0,0
0,0,0,0,0,1,0,0,0
0,0.134641713404087,0.709331455366846,0.134641713404087,0.901007812588841,1,1,0,0
0,1,0.119881754501543,0.119881754501543,1,1,1,0,0
