EGFR,PI3K_AKT,mTOR,MEK_ERK,PKC,TGFb-SMAD,STAT3,DPD_NC,DPD_LB
0,0,0,0.358290490190731,0,0,0,0,0
-0.0710566219024796,0,0.0791009731036156,0.204876317451552,0,0.871761554210478,-0.292759732763714,0,0
0,0.852283556815907,0,0,0.540763964300356,0,0,0,0
1.40735857718854,0.121168687342515,0.160130912564394,0,0,0.173219007050356,-0.245359378700503,0,0
0.58931768702296,0,0,0,0,0,0,0,0
1.32494797087125,0,0,-0.633493232768713,0,0,0,0,0
-0.0193539262586117,0,0,0.0138877765302454,0,1.01985572454534,0,0,0
0,0.27581492473357,0.193347315976366,0.190692377327138,0.375184036198493,0.102110232271163,-0.23195789400441,0,0
0,0,0,0,-2.28554657047234,0,0,0,0
