EGFR,PI3K_AKT,mTOR,MEK_ERK,PKC,TGFb-SMAD,STAT3,DPD_NC,DPD_LB
0,0.634326077327875,-0.0334415897224325,-0.25485325243679,-0.297231384703798,0.13863606886082,0.213172140787767,0,0
-1.14531459321603,0,-0.163850599842704,0.000100940450081231,0,-0.0531738184097187,0.200959226491362,0,0
-0.494402827968588,-0.158136092978631,0,0.267937115066756,0.517132820463263,-0.00784065089994773,0,0,0
1.21468068236889,-0.302288670731564,0.241441835872622,0,0,0.225640378550937,0.582000025180944,0,0
-0.0840725065362788,0.121098050647981,0,0.76761991449421,0,0,0,0,0
0.557421402992423,0.00593670578498364,0,-0.00173974730347828,-0.00214344327711394,0,0,0,0
1.52995378987384,-0.311375356937728,0,0.632535016883482,0.167473340496995,0,0,0,0
0,0.398701215348131,0.248527973128213,0.000628224803931649,0.354226839772373,0.0317119888129639,0,0,0
0,0.977663478486102,0.508918322658508,0.305054888204081,-0.880588962422384,0.303719435486333,0.19365707914014,0,0
