EGFR,PI3K_AKT,mTOR,MEK_ERK,PKC,TGFb-SMAD,STAT3,DPD_NC,DPD_LB
0,0.432005212876192,0.219499777133115,1,1,0.861461421689494,0.219499777133115,0,0
0.180958026124013,0,0,0.180958026124013,0,1,1,0,0
0,1,0,1,1,0,0,0,0
0.919229633256321,0.999999999999999,0.511962830709062,0,0,0.999999999999999,0.999999999999999,0,0
0,1,0,0,0,0,0,0,0
0.999999999999999,0,0,0.999999999999999,0,0,0,0,0
0,1,0,0,0,1,0,0,0
0,0.999999999999999,0,0.999999999999999,0.999999999999999,0.999999999999999,0.999999999999999,0,0
0,1,0,0,1,0.808957228181096,0.808957228181096,0,0
