EGFR,PI3K_AKT,mTOR,MEK_ERK,PKC,TGFb-SMAD,STAT3,DPD_NC,DPD_LB
0,0.09344872135121,0.09344872135121,0.0384642751911161,0.09344872135121,0.965478026446523,0.0384642751911161,0,0
1,0,0.017588723147387,0.017588723147387,0,0.0419559234316121,1,0,0
0,0,0,0,1,0,0,0,0
1,0.0731823998080829,0.0731823998080829,0,0,0.0731823998080829,0.0731823998080829,0,0
0,0,0,0,0,1,0,0,0
0.260186489505447,0,0,1,0,0,0,0,0
1,0,0,1,1,0,0,0,0
0,1,0.380529921137353,0.0278921185773666,0.976561367980024,0.380529921137353,1,0,0
0,0.302613394075744,0.100840540659231,0,1,1,0.00057772853748764,0,0
