EGFR,PI3K_AKT,mTOR,MEK_ERK,PKC,TGFb-SMAD,STAT3,DPD_NC,DPD_LB
0,0.345146471852139,0.408933342136224,3.33066907387547e-16,3.33066907387547e-16,3.33066907387547e-16,0,0,0
4.44089209850063e-16,0,4.44089209850063e-16,4.44089209850063e-16,0,4.44089209850063e-16,4.44089209850063e-16,0,0
0.0882502641775993,0,0,1.11022302462516e-15,1.11022302462516e-15,0.0882502641775993,0,0,0
1.11022302462516e-16,1.11022302462516e-16,0,0,0,1.11022302462516e-16,1.11022302462516e-16,0,0
0,0,0,0,0,0,0,0,0
0,0,0,0,0,0,0,0,0
0,0,0,0,0,0,0,0,0
0,0.0785208112418762,0.39007212902663,2.22044604925031e-16,0.427975828269472,0.427975828269472,0.0785208112418762,0,0
0,3.33066907387547e-16,3.33066907387547e-16,3.33066907387547e-16,3.33066907387547e-16,3.33066907387547e-16,3.33066907387547e-16,0,0
