EGFR,PI3K_AKT,mTOR,MEK_ERK,PKC,TGFb-SMAD,STAT3,DPD_NC,DPD_LB
0,0.24480448640187,-0.198678435956794,0.341218526159615,-0.0686823046533092,0.513086510072152,0,0,0
0.473517929597512,0,0.00621013636415738,-0.0236177394067997,0,0.5524923192642,-0.0042396700498804,0,0
-0.283912503401178,0.0918396757643469,0,0.362223213050522,0.659843895417704,-0.909559385706355,-0.0156337803234087,0,0
0.358553440811768,0.0477472945270094,0.182448146474784,0,0,0.362503940943508,0.146982704144956,0,0
0.745675598528877,0,0,0,0,0,0,0,0
0.376854829053219,0,0,0,0,0,0.788829402577765,0,0
-0.39269068757386,0,0,0,0,1.06065773175743,0,0,0
0,0,0.123110213436979,0.0677366680231708,0,0.304319361968579,0.123238035822893,0,0
0,0,-0.301319799539162,0.176324106176685,0,0,0,0,0
