EGFR,PI3K_AKT,mTOR,MEK_ERK,PKC,TGFb-SMAD,STAT3,DPD_NC,DPD_LB
0,0.00207201103458797,-0.352778002829011,0.00711506575493555,0.556574766545122,0.323500401070989,0,0,0
0.0313416679352811,0,0.397743711196167,0,0,0.125678074687785,-0.555642608566471,0,0
0,1.61590856831702,0,0,0.481236181567756,0,0,0,0
0.814441912390474,0.228848707391187,0.323409331914546,0,0.000562437060418828,0.0211258253142368,0.0631213848103697,0,0
1.25105733251949,0,0.61716571713494,0,0,0,0,0,0
0,0,0,0,0,0,0,0,0
0,0,0.358570866153973,0,0,0,0,0,0
0,0.383748036386469,0.0641665550367701,0,0.000276004456980609,0.26171675153936,0.371598052243254,0,0
0,-12.832718737169,10.2357818652228,0,-0.049260030488795,-23.2055437373455,-18.2908134511729,0,0
