EGFR,PI3K_AKT,mTOR,MEK_ERK,PKC,TGFb-SMAD,STAT3,DPD_NC,DPD_LB
0,0.00171714992475949,0.00212265178833416,0.203604010756338,0.00203567365114608,0.00582911394245329,0.00129685583808686,0,0
0,0,0,0,0,0,0,0,0
0,0.42043504338396,0,0.41867067492967,0.419848616712809,0.421545350509119,0,0,0
0.524563784926246,0.479984322564971,0.460105995575284,0,0,0.493227216832404,0.213060213595487,0,0
0,0,0,0,0,0.0669990270866246,0,0,0
0.334007604145135,0,0.333281617887473,0,0,0,0,0,0
0.42102502379922,0,0.421319545757591,0.416444174255465,0.415871554093626,0,0,0,0
0,0,0,0,0,0.282973902226592,0.0206954335585755,0,0
0,0.72604136461769,0,0,0.718994009377628,0,0.708001946572936,0,0
