EGFR,PI3K_AKT,mTOR,MEK_ERK,PKC,TGFb-SMAD,STAT3,DPD_NC,DPD_LB
0,0.432478398966747,0,0.456308216518956,0.437367201608734,0.438732445514103,0,0,0
0,0,0.332994199351335,0,0,0.390949832431225,0.400945851510911,0,0
0.476480517939016,0,0,0.484587675406226,0.48154127211884,0,0,0,0
0.571908782673876,0.573760935315906,0,0,0,0,0.575737790450412,0,0
0.210669897627648,0.211168804792617,0,0,0,0,0,0,0
0.274592575800336,0.276941696425721,0,0.273667197250659,0,0,0,0,0
0,0,0,0.306414001816881,0,0.305245238942167,0,0,0
0,0.581502995352426,0,0,0,0.580774221021422,0,0,0
0,0.527410116436692,0,0,0.528070120986582,0.139375843649568,0,0,0
