EGFR,PI3K_AKT,mTOR,MEK_ERK,PKC,TGFb-SMAD,STAT3,DPD_NC,DPD_LB
0,0.0143424603929762,0.0143424603929762,4.44089209850063e-16,0.0143424603929762,0.0143424603929762,0.0143424603929762,0,0
0,0,0,0,0,0,0,0,0
0,2.22044604925031e-16,0,2.22044604925031e-16,2.22044604925031e-16,2.22044604925031e-16,0,0,0
4.44089209850063e-16,0.382824042061117,0.445838620431703,0,0,4.44089209850063e-16,0.474539047630183,0,0
0,0,0,0,0,3.33066907387547e-16,0,0,0
6.66133814775094e-16,0,6.66133814775094e-16,0,0,0,0,0,0
2.22044604925031e-16,0,2.22044604925031e-16,2.22044604925031e-16,2.22044604925031e-16,0,0,0,0
0,0,0,0,0,1.11022302462516e-15,0.135811757470422,0,0
0,6.66133814775094e-16,0,0,6.66133814775094e-16,0,6.66133814775094e-16,0,0
