EGFR,PI3K_AKT,mTOR,MEK_ERK,PKC,TGFb-SMAD,STAT3,DPD_NC,DPD_LB
0,0.425084163426583,0.0986119874156536,0.189833322595707,0.117698675437001,0.548773239773159,0,0,0
0.449713312960285,0,0.324324764148365,0.282704066217013,0,0.507072308892498,0.446076186984935,0,0
0,0.212981189669123,0,0,0.214456708583281,0,0,0,0
0.47394232117074,0.466720714851576,0.472685766746574,0,0,0.473768477769385,0.472899572922827,0,0
0,0,0,0,0,0,0.0357962971203941,0,0
0.583576748442088,0.26251964452964,0,0.254785245737001,0,0,0,0,0
0.336743186654371,0,0,0.334823933363832,0,0,0,0,0
0,0.455858453654784,0.46264151785009,0.293133083478606,0.459394679990132,0.32197583951841,0.467769588843577,0,0
0,0.430849267607644,0.428654370122823,0.429815108439409,0.433158847792056,0.43146335274063,0.432221461433312,0,0
