EGFR,PI3K_AKT,mTOR,MEK_ERK,PKC,TGFb-SMAD,STAT3,DPD_NC,DPD_LB
0,0.999999999999998,0.999999999999998,0.999999999999998,0.999999999999998,0.999999999999998,0,0,0
1,0,1,1,0,1,1,0,0
0.999999999999999,0.999999999999999,0,0.999999999999999,0.999999999999999,0,0,0,0
0.0339671901422975,0.9670092722621,0.000586119487891909,0,0,0.0339671901422975,0.0339671901422975,0,0
1,1,0,0,0,0,0,0,0
0,0,0,0,0,0,0,0,0
0,0,0,1,0,0,0,0,0
0,0,0,0,0,0.355682746336235,1,0,0
0,0,0,0.141470568784914,0.999999999999999,0.999999999999999,0.00271152198877434,0,0
