EGFR,PI3K_AKT,mTOR,MEK_ERK,PKC,TGFb-SMAD,STAT3,DPD_NC,DPD_LB
0,0.000205748502570399,0.000205748502570399,1,0.000205748502570399,0.000205748502570399,0.000205748502570399,0,0
0,0,0,0,0,0,0,0,0
0,1,0,1,1,1,0,0,0
1,0.821629838199113,0.726335866648562,0,0,1,0.342479549663421,0,0
0,0,0,0,0,1,0,0,0
1,0,1,0,0,0,0,0,0
1,0,1,1,1,0,0,0,0
0,0,0,0,0,0.999999999999999,0.0187982060166491,0,0
0,0.999999999999999,0,0,0.999999999999999,0,0.999999999999999,0,0
