EGFR,PI3K_AKT,mTOR,MEK_ERK,PKC,TGFb-SMAD,STAT3,DPD_NC,DPD_LB
0,0.0576504041548895,-0.00978705016658873,-0.333288017102943,-0.234822280399644,0.163698275031745,0.0389546617184404,0,0
-0.0207103459141125,0,0,0.000343157930837539,0,-1.07356125005492,0.272321204680549,0,0
0,0.873789187114965,0,0.204969031043011,0.528274450280036,0,0,0,0
-0.522974900393427,0.710320525187108,-0.0725645282284161,0,0,1.44062302700661,0.133738431756702,0,0
0,1.32832851713581,0,0,0,0,0,0,0
0.964896627578701,0,0,0.21496950045345,0,0,0,0,0
0,2.74932729181048,0,0,0,3.73052692709389,0,0,0
0,-0.566583783043511,0,0.321089042136014,0.443150321567381,-0.56375534465122,0.0126476359658298,0,0
0,5.60211313324336,0,0,-8.93521910663334,0.376051010323943,-0.688707475103275,0,0
