EGFR,PI3K_AKT,mTOR,MEK_ERK,PKC,TGFb-SMAD,STAT3,DPD_NC,DPD_LB
0,1,0.0974354478531223,0.0974354478531223,0.0974354478531223,1,0,0,0
1,0,0.501050066527305,0.373208880923505,0,1,1,0,0
0,0.999999999999999,0,0,0.999999999999999,0,0,0,0
1,1,1,0,0,1,1,0,0
0,0,0,0,0,0,1,0,0
1,0.390162670555284,0,0.609837329444716,0,0,0,0,0
1,0,0,1,0,0,0,0,0
0,1,1,0.538941908853097,1,0.538941908853097,0.991234384934112,0,0
0,1,1,1,1,1,0.999237157229361,0,0
