EGFR,PI3K_AKT,mTOR,MEK_ERK,PKC,TGFb-SMAD,STAT3,DPD_NC,DPD_LB
0,1.55431223447522e-15,1.55431223447522e-15,1.55431223447522e-15,1.55431223447522e-15,1.55431223447522e-15,0,0,0
1.11022302462516e-16,0,1.11022302462516e-16,1.11022302462516e-16,0,1.11022302462516e-16,1.11022302462516e-16,0,0
5.55111512312578e-16,5.55111512312578e-16,0,5.55111512312578e-16,5.55111512312578e-16,0,0,0,0
0.181144749126588,0.17861226055684,0.0242028087592705,0,0,0.181144749126588,0.181144749126588,0,0
3.33066907387547e-16,3.33066907387547e-16,0,0,0,0,0,0,0
0,0,0,0,0,0,0,0,0
0,0,0,8.88178419700126e-16,0,0,0,0,0
0,0,0,0,0,0.478719678198994,4.44089209850063e-16,0,0
0,0,0,0.34850630833973,8.88178419700125e-16,8.88178419700125e-16,0.0520016311020984,0,0
