EGFR,PI3K_AKT,mTOR,MEK_ERK,PKC,TGFb-SMAD,STAT3,DPD_NC,DPD_LB
0,0.071195331979934,0.071195331979934,0.071195331979934,0.071195331979934,0.999999999999999,0,0,0
0.999999999999999,0,0.000345499028574146,0.000345499028574146,0,0.999999999999999,0.0496934604199556,0,0
0,1,0,0,1,0,0,0,0
0.160544669414296,0,0.160544669414296,0,0,0.160544669414296,1,0,0
1,0,0,0,0,0,0,0,0
1,0,0,0,0,0,0,0,0
1,0,0,1,0,0,0,0,0
0,0,0,0,0.407005706990608,0,1,0,0
0,0.267727232677355,0.0808891005621289,1,1,1,0.267727232677355,0,0
