EGFR,PI3K_AKT,mTOR,MEK_ERK,PKC,TGFb-SMAD,STAT3,DPD_NC,DPD_LB
0,0.109836671500168,0.0819891404666872,0.0800104679347445,0.0973167295009059,0.180622000147543,0,0,0
0.581121963361211,0,0.00355266652937367,0.00595029791951765,0,0.585893846017173,0.0665579670803472,0,0
0,0.314836524756778,0,0,0.310465823616015,0,0,0,0
0.249920382385988,0,0.152003767679932,0,0,0.198335986065475,0.194352977439822,0,0
0.0437657795609115,0,0,0,0,0,0,0,0
0.0312246403741903,0,0,0,0,0,0,0,0
0.230141296237298,0,0,0.229843401039445,0,0,0,0,0
0,0,0,0,0.270871227375879,0,0.284485328392219,0,0
0,0.208848349034272,0.0879014183553224,0.576642320831118,0.58010123554313,0.599001226480373,0.223347694249449,0,0
