EGFR,PI3K_AKT,mTOR,MEK_ERK,PKC,TGFb-SMAD,STAT3,DPD_NC,DPD_LB
0,0.472115360132483,0.247778901327717,1,0,1,0,0,0
0.114459801904959,0,0.000918843802843934,1,0,1,1,0,0
0,1,0,1,0,0,1,0,0
0.999999999999999,0,0,0,0,0,0,0,0
1,1,0,0,0,0,0,0,0
0,0,0,1,0,0,1,0,0
0,0,0,1,0,1,0,0,0
0,1,0,1,1,1,1,0,0
0,0,0,0.297306554203095,1,1,1,0,0
