EGFR,PI3K_AKT,mTOR,MEK_ERK,PKC,TGFb-SMAD,STAT3,DPD_NC,DPD_LB
0,0.184742670468596,1,0.00428161767733961,0.222792821205568,1,0,0,0
1,0,1,1,0,1,1,0,0
0,1,0,0,1,0,0,0,0
1,1,1,0,0.000593800122712155,1,0.999406199877288,0,0
0.999999999999999,0,0.999999999999999,0,0,0,0,0,0
1,0,1,0,0,0,0,0,0
1,0,0,0,0,0,0,0,0
0,1,1,0,0,1,0,0,0
0,1,0,1,0,0.820729552088433,0.27356498822808,0,0
