EGFR,PI3K_AKT,mTOR,MEK_ERK,PKC,TGFb-SMAD,STAT3,DPD_NC,DPD_LB
0,0,0,0,0,0.999999999999999,0,0,0
0.933801516034869,0,0.486415107512296,0.999999999999999,0,0.999999999999999,0.999999999999999,0,0
0,0,0,0,1,0,0,0,0
1,0.893687523517471,0.990352903169568,0,0.00964709683043171,1,1,0,0
1,0,0,0,0,0.0211979800181941,0,0,0
1,0,0,0,0,0,0,0,0
1,0,0,1,0,1,0,0,0
0,0,0,0.00151578831499871,0.999999999999999,0.00151578831499871,0.999999999999999,0,0
0,0.00542731958989581,0.0464521495119552,0.434986217925587,0.353155278214263,1,1,0,0
