EGFR,PI3K_AKT,mTOR,MEK_ERK,PKC,TGFb-SMAD,STAT3,DPD_NC,DPD_LB
0,0.797019957220904,0.309222392463449,0.609673788033421,-0.714209691490282,0.356684665824212,0,0,0
-0.148608747525721,0,0,-0.00466143743648982,0,0.729608037269433,0.162776151883941,0,0
0.13840707414699,-1.44798940796004,0,-0.131533161585396,2.07773734362025,0,0,0,0
1.26367539454208,-0.423627489593952,-0.0042945061705594,0,0,0.125101251676793,-0.729253025266864,0,0
0.404069038970933,0,0,0,0,0,0,0,0
0.547550229707703,0,0,0,0,0,0,0,0
0.75696616323141,0,0,-0.328214902726524,0,0,0,0,0
0,1.40168480318884,1.62259175297899,0.00250513873896058,-0.188948928102518,-2.56248050518141,1.13911439990725,0,0
0,0,-0.465207054975759,0,-0.775868798664331,0.930564929164922,0.683451785498402,0,0
