EGFR,PI3K_AKT,mTOR,MEK_ERK,PKC,TGFb-SMAD,STAT3,DPD_NC,DPD_LB
0,0.471180803079017,0.471750094561403,0.473890004130073,0.47257826259367,0.471954294772414,0,0,0
0.426849049923528,0,0.424213179291902,0.431467056945525,0,0.420490753392267,0.362250636898153,0,0
0.433401578662408,0.395146985958769,0,0.390849307192233,0.401166494480907,0.448723999827086,0.480819084673246,0,0
0.440101151719863,0.458160132091031,0.412400927974323,0,0,0.41489330305679,0.444323299773788,0,0
0.294708588581437,0.202851510838202,0,0.138090047745156,0,0.27160463592877,0.146206123958693,0,0
0.259692110166322,0.102007984736445,0.25105791032817,0.100117049958064,0.0944484706221644,0,0.214663812816617,0,0
0.184738355152484,0.184170717253827,0,0.148518846680595,0,0.122575156662263,0,0,0
0,0,0,0.344576513369313,0.527050363112634,0.545820953763672,0.541537024868746,0,0
0,0.506043343120958,0,0.511928478692702,0.509990997654995,0.525596088611466,0.258372955135502,0,0
