EGFR,PI3K_AKT,mTOR,MEK_ERK,PKC,TGFb-SMAD,STAT3,DPD_NC,DPD_LB
0,0.433604525172005,-0.146430168703004,0.75584006905968,-0.210373123643617,0.053635885812965,0,0,0
0.876331340485219,0,0.0860848234832381,-0.43334355347037,0,-0.241945719344393,0.166564412133116,0,0
-0.951474740867145,1.31680117403185,0,0.592194314602226,0.778737417964337,-0.145133985457133,-0.951656630789477,0,0
0.362097348626012,0.111371902895452,0.138770458301383,0,0,-0.0371815163480957,0.533787574709743,0,0
0.949840225947075,0.0564752858646989,0,0.0310551011931286,0,-0.587617432133629,-0.0338116756679617,0,0
0.319190507380949,-0.0138567602884076,-0.289523771130266,-0.0142701233571284,-0.0110100856894758,0,0.0547574400765308,0,0
0.0394276958396686,-0.0393620544011687,0,-0.0304439051584669,0,0.688251181505365,0,0,0
0,0,0,0.0933609458958522,0.384487770748464,1.09753306548507,-0.934305131748834,0,0
0,11.4694852466317,0,9.19304236710892,-5.98677052724682,-2.79780504168537,0.107660760733427,0,0
