EGFR,PI3K_AKT,mTOR,MEK_ERK,PKC,TGFb-SMAD,STAT3,DPD_NC,DPD_LB
0,0.00326468204966453,0.0430966525319349,0.61676768551034,-0.190069508806551,-0.0959037123414162,0,0,0
-2.70552679515914,0,-0.458875928293922,3.27223878452301,0,1.32305099696758,-1.51388865590688,0,0
0.0273639192543624,0,0,-1.76859455322168,1.35509982855275,4.20233089369726,0,0,0
-0.0582730728317665,0.208983892815285,0,0,0,0.195095515743041,0.626681005756635,0,0
-1.04026236317944,0,0,1.56692508715528,0,0,0,0,0
0.684457025832991,0,0,0,0,0,0,0,0
0,0,0,0.811246450966862,0,0,0,0,0
0,0.000496649816251253,0.0065139623820738,0.657110234664697,0.0364749568466201,0.0223949022792167,0.00288921697541953,0,0
0,1.1431696860081,-0.936709582207015,-4.5237511263712,1.52480821128694,1.21220819386022,4.25014020524562,0,0
