EGFR,PI3K_AKT,mTOR,MEK_ERK,PKC,TGFb-SMAD,STAT3,DPD_NC,DPD_LB
0,0.235243882858549,-0.16072205798525,-0.14213732510438,0.121503435775678,-0.272386030668332,0,0,0
3.86951697703637,0,-0.0836497940766375,1.33997513551616,-0.972854309729065,-1.47159292673524,-1.53222449733984,0,0
0,-0.697534162040882,0,2.47284657213588,2.55398209624776,0,0,0,0
1.04123292249025,2.84171171993823e-06,0,0,0,3.00718594039608e-05,4.61134896295128e-05,0,0
0,0.533431252527788,0,0,0,0,0,0,0
0,0,-0.208894200024477,0,0,0,0,0,0
0,0,0,0,0,0.638186013079239,0,0,0
0,0,0,0,0,0,0,0,0
0,13.2388017748445,-14.8553017988045,0,-7.09786892074549,-95.858169546034,98.479034275054,0,0
