EGFR,PI3K_AKT,mTOR,MEK_ERK,PKC,TGFb-SMAD,STAT3,DPD_NC,DPD_LB
0,1,1,1,1,1,0,0,0
1,0,1,1,0,0.85631267358207,0.618184077393779,0,0
0.67934752603945,0.67934752603945,0,1,1,0.968121325709935,0.0323105745744144,0,0
1,1,1,0,0,0.847811689064125,0.805763863892606,0,0
1,0,0,0,0,0,0,0,0
1,0,0,0,0,0,1,0,0
0.999999999999999,0,0,0,0,0.999999999999999,0,0,0
0,0,0.660975627902555,0.339024372097445,0,0.660975627902555,0.339024372097445,0,0
0,0,0.999999999999999,0.999999999999999,0,0,0,0,0
