EGFR,PI3K_AKT,mTOR,MEK_ERK,PKC,TGFb-SMAD,STAT3,DPD_NC,DPD_LB
0,4.44089209850063e-16,4.44089209850063e-16,4.44089209850063e-16,4.44089209850063e-16,4.44089209850063e-16,0.1182061806315,0,0
4.44089209850063e-16,0,4.44089209850063e-16,4.44089209850063e-16,0.262882160012609,4.44089209850063e-16,4.44089209850063e-16,0,0
0.3267848470573,6.66133814775094e-16,0,6.66133814775094e-16,6.66133814775094e-16,0.320486790930314,0.303192607553369,0,0
0,0.177546319550603,0.214952922981325,0,0.177546319550603,0,0,0,0
6.66133814775094e-16,0.0612773147303261,0.0612773147303261,0,0,0,6.66133814775094e-16,0,0
0.210462025291994,0,0.210462025291994,0.210462025291994,0,0,0.210462025291994,0,0
4.44089209850063e-16,0,0,0,0,0,0,0,0
0,8.88178419700126e-16,8.88178419700126e-16,8.88178419700126e-16,8.88178419700126e-16,8.88178419700126e-16,8.88178419700126e-16,0,0
0,0,0,0,0,0,0,0,0
