EGFR,PI3K_AKT,mTOR,MEK_ERK,PKC,TGFb-SMAD,STAT3,DPD_NC,DPD_LB
0,0,0,0,0,1,0,0,0
1,0,0.22381530276113,0.78113981531033,0,1,1,0,0
0,0.999999999999999,0,0,0.999999999999999,0,0,0,0
1,1,0.76501809496249,0,0,1,1,0,0
1,0,0,0,0,0,0,0,0
0,0,0,0,0,0,0,0,0
0.999999999999999,0,0,0,0,0,0,0,0
0,0.132131263641995,0.0846243265551631,0.132131263641995,1,0.132131263641995,0.132131263641995,0,0
0,0.999999999999999,0.998103980352681,0.999999999999999,0.999999999999999,0.999999999999999,0.999999999999999,0,0
