EGFR,PI3K_AKT,mTOR,MEK_ERK,PKC,TGFb-SMAD,STAT3,DPD_NC,DPD_LB
0,-0.129492966974845,0,0.219038785595317,0,0.452700492483845,0,0,0
0.274228731821577,0,0,-0.120831877237406,0,0.243455584935845,0.193262763926179,0,0
-0.340246937692042,-0.926926620731412,0,0.116598247068909,0.62867786652933,0,0,0,0
0.202282369696095,0.121183017549049,0,0,0,-0.0399839878159241,0.291065472393037,0,0
0.494098060256325,0,0,0,0,0,0,0,0
0.170337306234552,0.0961661143704804,0,0.00878645464632293,0,0,0.867388723188956,0,0
1.94983261703072,0,0,-0.552316737381964,0,0.0752161883951262,0,0,0
0,-0.190507769245728,0,0,0,0.862043904680642,0.205634973479775,0,0
0,3.36968953215501,0.568402906798579,0.765006618683668,-1.46305727436423,5.83335771716074,-6.77395042307642,0,0
