EGFR,PI3K_AKT,mTOR,MEK_ERK,PKC,TGFb-SMAD,STAT3,DPD_NC,DPD_LB
0,0.498557473443236,0.490704433254208,1.11022302462516e-16,0.424031164237671,0.490704433254208,0,0,0
8.88178419700125e-16,0,0.0238175987813572,8.88178419700125e-16,0.0238175987813572,8.88178419700125e-16,0.0238175987813572,0,0
0.48265435580303,1.4432899320127e-15,0,1.4432899320127e-15,1.4432899320127e-15,0.48265435580303,0,0,0
0.296655467501383,0,0,0,0,6.66133814775094e-16,6.66133814775094e-16,0,0
3.33066907387547e-16,3.33066907387547e-16,0,0,0,0,0,0,0
0,0,0,0,0,0,3.33066907387547e-16,0,0
0,0,0,0,0,6.66133814775094e-16,0,0,0
0,0.341340478724248,0.454070855477422,0.341340478724248,0.298651526436268,2.22044604925031e-16,2.22044604925031e-16,0,0
0,4.44089209850063e-16,0.324823212592905,0.324823212592905,4.44089209850063e-16,4.44089209850063e-16,4.44089209850063e-16,0,0
