EGFR,PI3K_AKT,mTOR,MEK_ERK,PKC,TGFb-SMAD,STAT3,DPD_NC,DPD_LB
0,0.138700709330529,0.488235940513335,0.52399810255256,0.523089807920885,0.534200792843514,0,0,0
0.448800533672892,0,0.452080842868664,0.458196208763458,0,0.449161429465472,0.454801987832962,0,0
0.307840567119706,0,0,0.589172702330209,0.591470556541464,0.69760376032306,0,0,0
0.610539055222474,0.60953546082207,0,0,0,0.613183143253414,0.613288835888652,0,0
0.368318733029717,0,0,0.368012800846785,0,0,0,0,0
0.0497335484568283,0,0,0,0,0,0,0,0
0,0,0,0.0351654886530217,0,0,0,0,0
0,0.0136041638806606,0.198702737140424,0.309886830066619,0.221093493366271,0.216233523703901,0.0385486369714037,0,0
0,0.427298024922817,0.417769797721705,0.418233017195008,0.422246074347795,0.421126003109691,0.425493261086133,0,0
