EGFR,PI3K_AKT,mTOR,MEK_ERK,PKC,TGFb-SMAD,STAT3,DPD_NC,DPD_LB
0,0.1382350031194,0.787703878474548,1,1,1,0,0,0
1,0,1,1,0,1,1,0,0
0.00784972734683573,0,0,1,1,0.992150272653165,0,0,0
1,1,0,0,0,1,1,0,0
1,0,0,1,0,0,0,0,0
1,0,0,0,0,0,0,0,0
0,0,0,1,0,0,0,0,0
0,0.00620400750723214,0.187200169187015,1,0.241472070334635,0.241472070334635,0.00620400750723214,0,0
0,1,1,1,1,1,1,0,0
