EGFR,PI3K_AKT,mTOR,MEK_ERK,PKC,TGFb-SMAD,STAT3,DPD_NC,DPD_LB
0,0.0259783759842901,0.6787846427462,0.0799871540786273,0.680368969739771,0.704973693913829,0,0,0
0.147165413226958,0,0.462553615240251,0,0,0.370746812351643,0.475210562276938,0,0
0,0.306890985347056,0,0,0.307174355507989,0,0,0,0
0.455814228922962,0.412248486711492,0.449616856125488,0,0.0142812486319566,0.478019914059854,0.460547521756529,0,0
0.204745613252078,0,0.202054878662792,0,0,0,0,0,0
0,0,0,0,0,0,0,0,0
0,0,0.0504237109432602,0,0,0,0,0,0
0,0.541748879644023,0.61105147157152,0.00566681302056325,0.0160269836817285,0.49150712520316,0.733188150985387,0,0
0,0.597107602188685,0.584007800379519,0,0.204764264263189,0.972818713399678,0.579644646495693,0,0
