EGFR,PI3K_AKT,mTOR,MEK_ERK,PKC,TGFb-SMAD,STAT3,DPD_NC,DPD_LB
0,0.00171952544728892,-0.356718140695387,0.00624811681103969,0.564017233128578,0.322215454383649,0,0,0
0.032030038959594,0,0.401781018532372,0,0,0.121436129763766,-0.558080681911336,0,0
0,1.61406310250806,0,0,0.484903274304777,0,0,0,0
0.799466451915668,0.225661660463438,0.324285492810569,0,0.000338493060008764,0.0170848941316105,0.0604807718048649,0,0
1.25128688930141,0,0.614542946117196,0,0,0,0,0,0
0,0,0,0,0,0,0,0,0
0,0,0.358873308437716,0,0,0,0,0,0
0,0.371257243719778,0.0919665934095963,5.87372761915723e-05,0.000481943368701012,0.259012223883785,0.333685832476023,0,0
0,-12.8210723996633,10.2243848899094,0,-0.0427879457764646,-23.2393543447604,-18.2888481379524,0,0
