EGFR,PI3K_AKT,mTOR,MEK_ERK,PKC,TGFb-SMAD,STAT3,DPD_NC,DPD_LB
0,0.30607218854014,0.225610419774003,-0.164415221360544,-0.238629025174317,0.906286721669423,0.424973997010123,0,0
2.00365354872955,0,-0.427246261488595,0.397146694188718,0.386586465760092,-1.67130637968444,-0.799091109647365,0,0
-0.562459635534811,0.483033424320122,0,-0.135713392716562,0.0727054604669023,-0.00901392581436979,-0.0305034686798565,0,0
1.04251005673534,0.234078822205355,-0.0168339089249114,0,0.0639900109057888,-0.17334386039985,-0.102880898250035,0,0
0,0,0,0,0,0,0,0,0
0,0,0,0,0,0,0.746643650705914,0,0
0,0,0,0,0,1.21281713309516,0,0,0
0,0.140287717357196,0.137565231445294,0.0162312298173889,0.233745295278516,0.76385226845647,-0.137594079787581,0,0
0,0.239893486223781,0.0552687764038587,0.390144066000364,0.518266612415106,-2.80008218930777,2.74270592629357,0,0
