EGFR,PI3K_AKT,mTOR,MEK_ERK,PKC,TGFb-SMAD,STAT3,DPD_NC,DPD_LB
0,0.432366035099073,0.419437306801507,0.418412093033585,0.42851440667435,0.540215523188923,0,0,0
0.488827634397756,0,0.00421103793447045,0.492967300818327,0.476069428762037,0.479675417086948,0.480096217206457,0,0
0,0.436250346019455,0,0.446123492801724,0.547091660937044,1.00368139552569,0.611230360407762,0,0
0.519767398777185,0.469988260558838,0.122950665979405,0,0.166983791437273,0.583608017233993,0.471224467007169,0,0
0.405571370390175,0.398592057613384,0,0,0,0,0,0,0
0,0,0,0,0,0,0.0572929818606664,0,0
0.339406081342064,0,0,0.336540547444149,0,0.343746135540058,0,0,0
0,0.359483211238976,0,0.377882060397654,0.509197843519468,0.49879715211908,0.565997283067981,0,0
0,0.567508019611142,0,0.259514885005675,0.574888302830157,0.579198942007557,0.578376154142997,0,0
