EGFR,PI3K_AKT,mTOR,MEK_ERK,PKC,TGFb-SMAD,STAT3,DPD_NC,DPD_LB
0,0.0950845575190251,6.66133814775094e-16,0.245243729934933,6.66133814775094e-16,6.66133814775094e-16,0,0,0
0.313312398247994,0,2.22044604925031e-16,0,0,0.482758892299011,2.22044604925031e-16,0,0
0,2.22044604925031e-16,0,0,2.22044604925031e-16,0,0,0,0
4.44089209850063e-16,0.462141046884746,0.0241057782009081,0,0.0241057782009081,0.127082517178703,4.44089209850063e-16,0,0
8.88178419700126e-16,0,8.88178419700126e-16,0,0,0,0,0,0
0,0,0,0,0,0,0,0,0
0,0,8.88178419700126e-16,0,0,0,0,0,0
0,0.492223959674797,8.88178419700125e-16,0.0352160048951522,0.0729572610337557,0.489834022000618,8.88178419700125e-16,0,0
0,2.22044604925031e-16,2.22044604925031e-16,0,0.207144289906159,2.22044604925031e-16,2.22044604925031e-16,0,0
