EGFR,PI3K_AKT,mTOR,MEK_ERK,PKC,TGFb-SMAD,STAT3,DPD_NC,DPD_LB
0,0,0,0.193850725273292,0,0,0,0,0
0.548668570286991,0,0.52943699480349,0.536043353850941,0,0.543227784655031,0.557834668405895,0,0
0,0.287778253718309,0,0,0.286394532708349,0,0,0,0
0.512867297894524,0.50492467677147,0.51265479898191,0,0,0.51419394147264,0.508294596500155,0,0
0.0465984251112443,0,0,0,0,0,0,0,0
0.219216636253108,0,0,0.216768246795413,0,0,0,0,0
0,0,0,0,0,0,0,0,0
0,0.577908187201985,0,0.584965015423894,0.578966395569657,0.589471038584853,0.584689545828849,0,0
0,0.574107372905774,0.548969508990648,0.558718979480643,0.0570112480622329,0.549129937626592,0.549054254521984,0,0
