EGFR,PI3K_AKT,mTOR,MEK_ERK,PKC,TGFb-SMAD,STAT3,DPD_NC,DPD_LB
0,3.33066907387547e-16,3.33066907387547e-16,3.33066907387547e-16,3.33066907387547e-16,3.33066907387547e-16,0,0,0
2.22044604925031e-16,0,0,0.492772327768911,0,0.415329206892496,0.492772327768911,0,0
0.316273890782782,2.22044604925031e-16,0,0.316273890782782,2.22044604925031e-16,0,0,0,0
1.11022302462516e-16,1.11022302462516e-16,0.485593351687764,0,0,1.11022302462516e-16,0.295344604805148,0,0
2.22044604925031e-16,0,0,0,0,0,0,0,0
6.66133814775094e-16,0,0,0,0,0,0,0,0
1.11022302462516e-16,0,0,1.11022302462516e-16,0,0,0,0,0
0,9.99200722162641e-16,9.99200722162641e-16,0.22795057459655,0.415304734626035,9.99200722162641e-16,0.194370997121193,0,0
0,0,2.22044604925031e-16,0,2.22044604925031e-16,2.22044604925031e-16,2.22044604925031e-16,0,0
