EGFR,PI3K_AKT,mTOR,MEK_ERK,PKC,TGFb-SMAD,STAT3,DPD_NC,DPD_LB
0,2.22044604925031e-16,0.296549795742273,0.296549795742273,0.296549795742273,2.22044604925031e-16,0,0,0
1.77635683940025e-15,0,0.499998897359073,0.483656915719532,0,1.77635683940025e-15,1.77635683940025e-15,0,0
0,1.11022302462516e-15,0,0,1.11022302462516e-15,0,0,0,0
4.44089209850063e-16,4.44089209850063e-16,4.44089209850063e-16,0,0,4.44089209850063e-16,4.44089209850063e-16,0,0
0,0,0,0,0,0,2.22044604925031e-16,0,0
2.22044604925031e-16,0.487786593768682,0,0.487786593768682,0,0,0,0,0
2.22044604925031e-16,0,0,2.22044604925031e-16,0,0,0,0,0
0,2.22044604925031e-16,2.22044604925031e-16,0.498481221045364,2.22044604925031e-16,0.498481221045364,0.0932136205626889,0,0
0,4.44089209850063e-16,4.44089209850063e-16,4.44089209850063e-16,4.44089209850063e-16,4.44089209850063e-16,0.0276090717255458,0,0
