EGFR,PI3K_AKT,mTOR,MEK_ERK,PKC,TGFb-SMAD,STAT3,DPD_NC,DPD_LB
0,0,0,-0.65792203032292,0,1.29987371748752,0,0,0
2.15357821866351,0,-1.20891193692493,0.687721501976633,0,-2.53678176137701,2.26324575368386,0,0
0,0,0,0.357225036782003,0.827445928224414,-1.41430145990831,0,0,0
-0.459301372377735,0,-0.000185165858151939,0,0,1.145486908515,0.0140606413566874,0,0
0,0.498160968035078,0,0,0,0,0,0,0
0.663500653052453,0,0,0.476083096720217,0,0,0,0,0
0.558965771565072,0,0.331337576851854,0.689440573248298,0,0,0,0,0
0,0,0.0295631897842002,0.766934184810751,0.375437411945705,-0.886472342611049,0.486743951568179,0,0
0,0.0508523641017821,5.17836117410905,7.0145613873367,0.902951948637507,-1.09611574570332,-3.72601188511924,0,0
