EGFR,PI3K_AKT,mTOR,MEK_ERK,PKC,TGFb-SMAD,STAT3,DPD_NC,DPD_LB
0,0.229605877416006,0.113815552669667,0.0664135201102597,0.127911145964014,0.279860899360508,0.06689161410144,0,0
0.601109343730295,0,0.0329543348911939,0.036209628098526,0,0.0532979485120874,0.596566181740008,0,0
0,0,0,0,0.0472083590112429,0,0,0,0
0.295309761703495,0.197615462090269,0.0909197731744459,0,0,0.144239840642893,0.114701557851503,0,0
0,0,0,0,0,0.0613017315019887,0,0,0
0.196237809825231,0,0,0.118201072467446,0,0,0,0,0
0.258883284958576,0,0,0.256067240605553,0.261043511250721,0,0,0,0
0,0.583185094844767,0.270589705474531,0.0546643042009837,0.581905969707863,0.280940030860308,0.585233746270917,0,0
0,0.299539385333897,0.113437821189679,0,0.426286424225147,0.441215606516852,0.00227128515558568,0,0
