EGFR,PI3K_AKT,mTOR,MEK_ERK,PKC,TGFb-SMAD,STAT3,DPD_NC,DPD_LB
0,0.0174951132347338,0,1,0.982504886765267,0,0,0,0
0.999999999999999,0,0.999999999999999,0.999999999999999,0,0.999999999999999,0.999999999999999,0,0
0,1,0,1,1,0,0,0,0
0,0,0,0,0,0.999999999999999,0.00177978602159046,0,0
0,1,0,0,0,0,0,0,0
0,0,0,1,0,0,1,0,0
0,0,0,0,0,1,0,0,0
0,0,1,1,1,0,1,0,0
0,1,0,1,1,1,1,0,0
