EGFR,PI3K_AKT,mTOR,MEK_ERK,PKC,TGFb-SMAD,STAT3,DPD_NC,DPD_LB
0,0,0.302201736806814,0.331171413812917,0,0.302384731978136,0,0,0
0.490614166314422,0,0.478430250566499,0.479560459184934,0,0.552091129252658,0.474555499738386,0,0
0,0,0,0,0,0,0.0864349236563519,0,0
0.481389237764752,0.487485195359774,0.488569076408279,0,0,0.492486708251409,0.484170416108995,0,0
0.0274618124652796,0,0,0,0,0,0,0,0
0,0,0,0,0,0,0,0,0
0,0,0,0,0,0.0665902320508227,0,0,0
0,0,0.710319618186325,0.702751328109433,0,0.707494605095541,0.701541812744867,0,0
0,0.459804557114248,0.473329349842282,0.464913756510859,0.4683376105371,0.465354858848977,0.468682716266405,0,0
