EGFR,PI3K_AKT,mTOR,MEK_ERK,PKC,TGFb-SMAD,STAT3,DPD_NC,DPD_LB
0,0.0301448809022436,0,0.410554535866177,0.419533094182402,0,0,0,0
0.425083880229054,0,0.432542460108158,0.429144639602042,0,0.43386512103854,0.436723831224179,0,0
0,0.454724922468201,0,0.45161382807121,0.450282941180318,0,0,0,0
0,0,0,0,0,0.170180630502392,0.00884222712009145,0,0
0,0.0350602987328866,0,0,0,0,0,0,0
0,0,0,0.287102885563346,0,0,0.287084215599923,0,0
0,0,0,0,0,0.0582403274437866,0,0,0
0,0,0.590881191913675,0.590900329337504,0.595962208873159,0,0.58661400957167,0,0
0,0.514180892556715,0,0.51519404724784,0.50532375794225,0.512548025733175,0.517197524734018,0,0
