EGFR,PI3K_AKT,mTOR,MEK_ERK,PKC,TGFb-SMAD,STAT3,DPD_NC,DPD_LB
0,0,0,0.36757540660572,0,0.370570770427533,0,0,0
0.418378554569176,0,0.415481411168624,0.417280833047825,0,0.419012990263759,0.414812575446365,0,0
0,0,0,0.529913809161585,0.537145957291806,0.53615119452397,0,0,0
0.521521271691383,0,0.00679932537611317,0,0,0.522400133593535,0.104394959449087,0,0
0,0.0474936456436385,0,0,0,0,0,0,0
0.170161205898027,0,0,0.168639685952418,0,0,0,0,0
0.436724025088182,0,0.43978679209147,0.441341773923747,0,0,0,0,0
0,0,0.172419840478297,0.627472668474258,0.630719394542753,0.638368891843291,0.644391134870182,0,0
0,0.230314860032313,0.533302915324026,1.13324047042174,1.0508880654229,1.10837209206489,1.98613447550619,0,0
