EGFR,PI3K_AKT,mTOR,MEK_ERK,PKC,TGFb-SMAD,STAT3,DPD_NC,DPD_LB
0,0.689296230191627,0,-0.369920988443045,-0.409329762042691,1.08788199471875,0,0,0
0,0,-0.0535161361611816,0,0,-1.00372248741463,0.702127238690381,0,0
0.654632194823571,0,0,-0.95174806180667,1.2846770515032,0,0,0,0
-0.209790078910882,0.202879413278708,0,0,0,0,0.87599078849698,0,0
-0.272181035043413,0.386589301852325,0,0,0,0,0,0,0
0.631821575043122,-0.489838979822876,0,0.527014787216734,0,0,0,0,0
0,0,0,0.426529852906553,0,0.258582543270438,0,0,0
0,-0.237603693403048,0,0,0,-1.24342140616911,0,0,0
0,1.30934844919497,0,0,-0.455493664005343,-0.0311154617471512,0,0,0
