EGFR,PI3K_AKT,mTOR,MEK_ERK,PKC,TGFb-SMAD,STAT3,DPD_NC,DPD_LB
0,0.501673367638023,0.497380297941874,0.491165070901703,0.501116287972608,0.499594720250845,0,0,0
0.480250862776655,0,0,0.281338683009668,0,0.577187355019892,0.347197714219685,0,0
0.398936676937648,0.2338365503044,0,0.380173954364174,0.201680158951215,0,0,0,0
0.446502456418169,0.412926686551012,0.230178635077105,0,0,0.421327713100783,0.468591366587944,0,0
0.0499465825033942,0,0,0,0,0,0,0,0
0.0309342864652289,0,0,0,0,0,0,0,0
0.240148679949485,0,0,0.243661717958464,0,0,0,0,0
0,0.593616139885844,0.563267354571153,0.0619603328968854,0.397860106945842,0.591178441175453,0.606412728022768,0,0
0,0,0.669624957321088,0,0.663062705666927,0.665072380803245,0.664064231172459,0,0
