EGFR,PI3K_AKT,mTOR,MEK_ERK,PKC,TGFb-SMAD,STAT3,DPD_NC,DPD_LB
0,1,1,1,1,1,0.000118018392894137,0,0
1,0,1,0.872915447127728,0,1,1,0,0
0.0183398167115496,1,0,0.637832574295485,1,0,0,0,0
0.0598383662107761,1,0.338007038563091,0,0,0,1,0,0
1,0,1,0,0,0,0,0,0
0,0,0,1,0,0,0,0,0
0,0,0,0,0,0,0,0,0
0,1,0,1,1,1,1,0,0
0,1,0,1,1,1,1,0,0
