EGFR,PI3K_AKT,mTOR,MEK_ERK,PKC,TGFb-SMAD,STAT3,DPD_NC,DPD_LB
0,0,0,0.107332716134502,0,0,0,0,0
0.547682719395572,0,0.34024175459652,0.497865051849187,0,0.513218547867692,0.470292184123705,0,0
0,0.340357329644063,0,0,0.338456792671776,0,0,0,0
0.418933101571212,0.406218958759122,0.393525501885983,0,0,0.423930509712435,0.425446532557923,0,0
0.0487418856678222,0,0,0,0,0,0,0,0
0.271867404447596,0,0,0.273013334133624,0,0,0,0,0
0.0941161712797638,0,0,0.085545005974207,0,0.0913362483049422,0,0,0
0,0.465231949038604,0.468731556453788,0.466776021799395,0.474701304639853,0.480321014134626,0.475340499065825,0,0
0,0,0,0,0.239102617924983,0,0,0,0
