EGFR,PI3K_AKT,mTOR,MEK_ERK,PKC,TGFb-SMAD,STAT3,DPD_NC,DPD_LB
0,0.382669511165682,0.383351549548349,0.385349425145995,0.383433401379072,0.385613177357884,0,0,0
0.451149836586529,0,0.406603011968221,0.410180769885561,0,0.446438200483314,0.324834295053156,0,0
0.390030077208263,0.329651368918402,0,0.37919740156855,0.378825439617484,0.423038966632117,0.101152982268121,0,0
0.437888824240813,0.42961994542193,0.428782078557624,0,0,0.428454889577052,0.403646111001703,0,0
0.0253856602366453,0,0,0,0,0,0,0,0
0.218013511120069,0,0,0,0,0,0.214809327792332,0,0
0.229381587250289,0,0,0,0,0.227596370032807,0,0,0
0,0,0.485857379354808,0.258133628772732,0,0.51880615896871,0.295886082312912,0,0
0,0,0.677448376287725,0.681520666022086,0,0,0,0,0
