EGFR,PI3K_AKT,mTOR,MEK_ERK,PKC,TGFb-SMAD,STAT3,DPD_NC,DPD_LB
0,0.440784555550582,0.44327862448323,0.448285816925462,0.440404399167719,0.440338593587858,0,0,0
0.426116815648677,0,0.434081215574365,0.433009307891952,0,0.432648499176192,0.430820078924368,0,0
0,0.459127012579842,0,0.462244922866421,0.462315525275372,0,0.458308649748084,0,0
0.410259852708451,0.38183002860568,0.352858342904062,0,0.29017872415214,0.509928798892853,0.444340847095182,0,0
0.239216353218896,0.48431317915197,0.0615422902886912,0,0,0,0.351803149961346,0,0
0.228093117498515,0,0,0,0,0,0.228673314289127,0,0
0.226307786979759,0,0,0,0,0.226172481286405,0,0,0
0,0.233760287488086,0.598089911181758,0.605190147844498,0,0.622185020588553,0.613126290554339,0,0
0,0,0,0.606015672416929,0.606555371772231,0.593247124979879,0.59676597508352,0,0
