EGFR,PI3K_AKT,mTOR,MEK_ERK,PKC,TGFb-SMAD,STAT3,DPD_NC,DPD_LB
0,0,0,0,0,1.33226762955019e-15,0,0,0
0.248628728601199,0,0.499815416625075,6.66133814775094e-16,0,6.66133814775094e-16,6.66133814775094e-16,0,0
0,0,0,0,1.33226762955019e-15,0,0,0,0
0,0.308237138947727,0.097744720334021,0,0.097744720334021,0,0,0,0
1.11022302462516e-15,0,0,0,0,0.144043832430765,0,0,0
6.66133814775094e-16,0,0,0,0,0,0,0,0
6.66133814775094e-16,0,0,6.66133814775094e-16,0,6.66133814775094e-16,0,0,0
0,0,0,0.038903607811909,1.11022302462516e-15,0.038903607811909,1.11022302462516e-15,0,0
0,0.0734701557910758,0.21046222301799,0.495755189726119,0.477950444799112,2.22044604925031e-16,2.22044604925031e-16,0,0
