EGFR,PI3K_AKT,mTOR,MEK_ERK,PKC,TGFb-SMAD,STAT3,DPD_NC,DPD_LB
0,8.88178419700126e-16,8.88178419700126e-16,8.88178419700126e-16,8.88178419700126e-16,8.88178419700126e-16,0,0,0
4.44089209850063e-16,0,4.44089209850063e-16,0.0450195356076568,0.019015037551009,4.44089209850063e-16,0.16882337606841,0,0
0,0,0,0,0,0,0,0,0
2.22044604925031e-16,2.22044604925031e-16,2.22044604925031e-16,0,0,0.0226807082856319,0.0748383652473962,0,0
0,0,0,0,0,0,0,0,0
4.44089209850063e-16,0,0,4.44089209850063e-16,0,0,0,0,0
4.44089209850063e-16,0,0,4.44089209850063e-16,0,0,0,0,0
0,0.439769237076621,4.44089209850063e-16,4.44089209850063e-16,0.0902051940383451,4.44089209850063e-16,4.44089209850063e-16,0,0
0,7.77156117237609e-16,7.77156117237609e-16,7.77156117237609e-16,7.77156117237609e-16,7.77156117237609e-16,7.77156117237609e-16,0,0
