EGFR,PI3K_AKT,mTOR,MEK_ERK,PKC,TGFb-SMAD,STAT3,DPD_NC,DPD_LB
0,0,0,0.365298793362595,0,0.367716328404726,0,0,0
0.547036608399005,0,0,0.758882488219623,0.189757311291295,0.584463822420451,0.206472522999801,0,0
0,0.414596494297319,0,0.413572616475251,0,0.409257942596097,0,0,0
0.412321512111313,0,0,0,0,0.421277309382291,0.409354810491249,0,0
0.292981140275916,0,0,0.292990153665259,0,0,0,0,0
0.234756632013973,0,0,0.234838932923078,0,0,0,0,0
0.0816118506838579,0,0,0.0812234245565249,0,0.0905865519999011,0,0,0
0,0.487270893748097,0,0.474698707076734,0.329254011534463,0.482313713029312,0.223390245488457,0,0
0,0.638499378827455,0.654296483322015,0,0.635270594129884,0.622130741086721,1.0258841394727,0,0
