EGFR,PI3K_AKT,mTOR,MEK_ERK,PKC,TGFb-SMAD,STAT3,DPD_NC,DPD_LB
0,0.275905478419743,0.167975652811606,0.467153182550522,0.473801468341704,0.49567640730885,0.180591627915526,0,0
0.169376785844058,0,0,0.16792815187556,0,0.468290481324987,0.46802013950099,0,0
0,0.375440557852164,0,0.376345058214964,0.377593731808232,0,0,0,0
0.546110860175258,0.547188811705011,0.353124209249089,0,0,0.621843418487695,0.516983939182696,0,0
0,0.0423027289645957,0,0,0,0,0,0,0
0.24012994428791,0,0,0.242864671312097,0,0,0,0,0
0,0.302871028483406,0,0,0,0.299750031993004,0,0,0
0,0.594992670050518,0,0.598583611697193,0.586826421536645,0.589949940283731,0.591553736441493,0,0
0,0.856864543821491,0,0,0.602992659755671,0.604675082431307,0.671268001260993,0,0
