EGFR,PI3K_AKT,mTOR,MEK_ERK,PKC,TGFb-SMAD,STAT3,DPD_NC,DPD_LB
0,0.606503000099952,0,0.872483216921824,-0.12724606189596,0.611552520600463,0,0,0
1.09605225506532,0,-0.135021458691463,-1.26508285749915,0,0.000856027651539291,-0.391503474480636,0,0
0,0.300159039394317,0,-0.824918508215108,1.17349966735545,0,0,0,0
0.535303549459343,-0.240789419891821,0,0,0,-0.0287337283540073,0.000735569408789943,0,0
0,0.338331089580797,0,0,0,0,0,0,0
0,0,0,0,0,0,1.21816441491563,0,0
0,0,0,0,0,0.638566272575803,0,0,0
0,-0.83574277890925,0.244302678374924,2.44817044033082,1.0693139374265,-2.23236392756879,1.01128287732069,0,0
0,-0.367447379270467,0.0109726302328874,4.91558385649871,1.41306938785276,-2.69914617460177,-1.73207324674995,0,0
