EGFR,PI3K_AKT,mTOR,MEK_ERK,PKC,TGFb-SMAD,STAT3,DPD_NC,DPD_LB
0,2.22044604925031e-16,2.22044604925031e-16,2.22044604925031e-16,0.132118390723452,2.22044604925031e-16,0,0,0
0.492989931683735,0,6.66133814775094e-16,6.66133814775094e-16,0,6.66133814775094e-16,6.66133814775094e-16,0,0
0.0321622901995198,4.44089209850063e-16,0,0.0321622901995198,4.44089209850063e-16,0,0.0321622901995198,0,0
0.499926423859797,0,0.207442246659095,0,0,0.309503457778471,0.489639914868163,0,0
1.11022302462516e-15,0,0,0,0,0,0,0,0
0,0,0,7.77156117237609e-16,0,0,7.77156117237609e-16,0,0
0,0,0,0,0,6.66133814775094e-16,0,0,0
0,0,0,0,0,0.355447522408346,4.44089209850063e-16,0,0
0,9.9920072216264e-16,9.9920072216264e-16,9.9920072216264e-16,0,0.49816218436984,0.276895978572908,0,0
