EGFR,PI3K_AKT,mTOR,MEK_ERK,PKC,TGFb-SMAD,STAT3,DPD_NC,DPD_LB
0,1,1,1,1,1,0,0,0
1,0,1,1,0,1,0.632831740168578,0,0
0.984781734292935,1,0,0.984781734292935,0.981762054187632,0.10888142364908,0.908457116058108,0,0
0.999999999999999,0.999999999999999,0.999999999999999,0,0,0.999226594627256,0.893393524699632,0,0
0.999999999999999,0.0941902651256754,0,0.0941902651256754,0,0.905809734874323,0.0941902651256754,0,0
0.999999999999999,0.0729247768386943,0.927075223161306,0.0729247768386943,0.0729247768386943,0,0.0729247768386943,0,0
0.0496055737209814,0.0496055737209814,0,0.0496055737209814,0,1,0,0,0
0,0,0,0.427497309166765,1,1,1,0,0
0,1,0,1,1,1,0.249988148638814,0,0
