EGFR,PI3K_AKT,mTOR,MEK_ERK,PKC,TGFb-SMAD,STAT3,DPD_NC,DPD_LB
0,0.48767629091511,0.262638464037372,1,0,1,0,0,0
0.126459580601275,0,0.00220192537340801,1,0,1,1,0,0
0,1,0,1,0,0,1,0,0
1,0,0,0,0,0,0,0,0
1,1,0,0,0,0,0,0,0
0,0,0,0.999999999999999,0,0,0.999999999999999,0,0
0,0,0,1,0,1,0,0,0
0,0.999999999999999,0,0.999999999999999,0.999999999999999,0.999999999999999,0.999999999999999,0,0
0,0,0,0.283585801424355,1,1,1,0,0
