EGFR,PI3K_AKT,mTOR,MEK_ERK,PKC,TGFb-SMAD,STAT3,DPD_NC,DPD_LB
0,0.653270211201461,-0.119531031163597,1.07331871692876,-0.522062168638098,0.00284448901874826,0,0,0
0.791966535478173,0,0.173622344695706,-0.958490419401552,0,0.21756847784178,0.296724710560663,0,0
0,1.50551472720528,0,1.04865867287381,0.432062025842804,0,-0.774622972737275,0,0
0.410952560104519,-0.325698569169138,0.0682892124349445,0,0.0511760210577292,0.0779001397631792,0.294566202316944,0,0
0.0725864965382303,1.16425980500974,0.0163249000950333,0,0,0,-0.416538389632684,0,0
0.251442439017063,0,0,0,0,0,0.930639147989369,0,0
-0.262863134954793,0,0,0,0,0.95694392282849,0,0,0
0,0.0539602514750785,0.164615240677678,1.01791014156343,0,1.06189200925214,-0.664000158418721,0,0
0,0,0,8.7257826009405,1.38581361130839,4.81087349952258,-8.81053782934204,0,0
