EGFR,PI3K_AKT,mTOR,MEK_ERK,PKC,TGFb-SMAD,STAT3,DPD_NC,DPD_LB
0,0.435946949534435,0,0.448213085364812,0.438771663382685,0.44127624274263,0,0,0
0,0,0.348060755545099,0,0,0.406309570977086,0.406913492582153,0,0
0.481995019874584,0,0,0.491016734421717,0.482057444427241,0,0,0,0
0.571389092658002,0.570767800725421,0,0,0,0,0.566497522573002,0,0
0.216948189895537,0.21406736923356,0,0,0,0,0,0,0
0.268150148361169,0.270186602303799,0,0.275815344915678,0,0,0,0,0
0,0,0,0.304895355390816,0,0.304664201575885,0,0,0
0,0.577202819685842,0,0,0,0.57378044219509,0,0,0
0,0.533577688525299,0,0,0.531992228074124,0.138590147264771,0,0,0
