EGFR,PI3K_AKT,mTOR,MEK_ERK,PKC,TGFb-SMAD,STAT3,DPD_NC,DPD_LB
0,0.00316162313232517,0,0.893888326958027,0.181034403352194,0,0,0,0
0.880533629704084,0,-0.218039650062515,-0.907461211327818,0,0.182219942706589,0.405463652244681,0,0
0,-0.44756556224175,0,0.20329972574944,0.742868801424908,0,0,0,0
0,0,0,0,0,0.75444357642488,0.000237895257741649,0,0
0,0.594596399383772,0,0,0,0,0,0,0
0,0,0,0.157539350637538,0,0,0.692490026535601,0,0
0,0,0,0,0,0.968973479556733,0,0,0
0,0,-0.385884859055585,0.54454934660672,0.453487440667349,0,0.581804688511868,0,0
0,5.62986891091761,0,3.1126547225683,-6.16533790885636,24.7385782832609,-22.7177458998621,0,0
