EGFR,PI3K_AKT,mTOR,MEK_ERK,PKC,TGFb-SMAD,STAT3,DPD_NC,DPD_LB
0,-2.46332230334176e-05,3.04503143088346e-05,0.18116643205125,2.92025771010975e-05,8.3621040749699e-05,1.8603931224152e-05,0,0
0,0,0,0,0,0,0,0,0
0,-0.657603672705245,0,0.790656453422528,1.20207290288457,-2.02036595766655,0,0,0
0.483178203413055,0.111851851005071,-0.0944432378002316,0,0,0.540579445596439,0.0539588807335138,0,0
0,0,0,0,0,1.11646385601916,0,0,0
0.741329119551668,0,-0.193719395701131,0,0,0,0,0,0
-1.53251401074852,0,-0.646457824968479,0.285787059585558,-0.601676668628667,0,0,0,0
0,0,0,0,0,0.939806012015971,-0.00221951836392326,0,0
0,1.41500879384495,0,0,-0.708528299294628,0,-0.228797455527493,0,0
