EGFR,PI3K_AKT,mTOR,MEK_ERK,PKC,TGFb-SMAD,STAT3,DPD_NC,DPD_LB
0,1,0.946143488103754,1,1,0.845952188900516,0.839800965647773,0,0
1,0,1,0.000957705364969187,0,1,1,0,0
0.984963619540326,1,0,1,1,0.0157060660080565,0,0,0
1,1,1,0,0,1,1,0,0
0.0944437376999269,0.0944437376999269,0,1,0,0,0,0,0
1,0.0047960762023272,0,0.0047960762023272,0.0047960762023272,0,0,0,0
1,0.104713292189888,0,1,0.104713292189888,0,0,0,0
0,0.999999999999999,0.911864467646273,0.999999999999999,0.999999999999999,0.999999999999999,0,0,0
0,1,1,1,1,1,0.922938505226279,0,0
