EGFR,PI3K_AKT,mTOR,MEK_ERK,PKC,TGFb-SMAD,STAT3,DPD_NC,DPD_LB
0,0.0997182277657508,1.22124532708767e-15,0.23831867994719,1.22124532708767e-15,1.22124532708767e-15,0,0,0
0.307434915278576,0,1.11022302462516e-15,0,0,0.48248126553252,1.11022302462516e-15,0,0
0,5.55111512312578e-16,0,0,5.55111512312578e-16,0,0,0,0
3.33066907387547e-16,0.454231790011329,0.0314253530569936,0,0.0314253530569936,0.14311387577311,3.33066907387547e-16,0,0
8.88178419700125e-16,0,8.88178419700125e-16,0,0,0,0,0,0
0,0,0,0,0,0,0,0,0
0,0,1.11022302462516e-15,0,0,0,0,0,0
0,0.487756899888954,0,0,0.0725068137284189,0.488830435221551,0,0,0
0,4.44089209850063e-16,4.44089209850063e-16,0,0.217953231760939,4.44089209850063e-16,4.44089209850063e-16,0,0
