EGFR,PI3K_AKT,mTOR,MEK_ERK,PKC,TGFb-SMAD,STAT3,DPD_NC,DPD_LB
0,0.160844845186326,0.4001788029131,0.0100895037326143,0.21099610678969,0.413886293321039,0,0,0
0.39947058707355,0,0.401050477166263,0.402506901227068,0,0.402977718217934,0.40222459893039,0,0
0,0.200753020287805,0,0,0.203250508352715,0,0,0,0
0.47273884521917,0.466773099673836,0.471423120965045,0,0.0137555123091493,0.471318654070904,0.469292803994397,0,0
0.267515047364856,0,0.267456889181491,0,0,0,0,0,0
0.290135085724702,0,0.293363325207457,0,0,0,0,0,0
0.0464071910824712,0,0,0,0,0,0,0,0
0,0.743434534711234,0.750705313636048,0,0,0.734399146717958,0,0,0
0,0.723832577847054,0,0.720242735422523,0,0.712777402881365,0.297685806611217,0,0
