EGFR,PI3K_AKT,mTOR,MEK_ERK,PKC,TGFb-SMAD,STAT3,DPD_NC,DPD_LB
0,2.22044604925031e-16,0.225734330624776,2.22044604925031e-16,2.22044604925031e-16,0.360994574744472,0.366790544786586,0,0
4.44089209850063e-16,0,4.44089209850063e-16,0.0309319925870141,0,4.44089209850063e-16,4.44089209850063e-16,0,0
0.121697525539125,2.22044604925031e-16,0,2.22044604925031e-16,2.22044604925031e-16,0.124335777226859,0,0,0
2.22044604925031e-16,2.22044604925031e-16,2.22044604925031e-16,0,0,2.22044604925031e-16,2.22044604925031e-16,0,0
0.292445068532869,0.292445068532869,0,4.44089209850063e-16,0,0,0,0,0
2.22044604925031e-16,0.069087436306384,0,0.069087436306384,0.069087436306384,0,0,0,0
6.66133814775094e-16,0.306183635468395,0,6.66133814775094e-16,0.306183635468395,0,0,0,0
0,5.55111512312578e-16,0.283491905158599,5.55111512312578e-16,5.55111512312578e-16,5.55111512312578e-16,0,0,0
0,4.44089209850063e-16,4.44089209850063e-16,4.44089209850063e-16,4.44089209850063e-16,4.44089209850063e-16,0.266688996392728,0,0
