EGFR,PI3K_AKT,mTOR,MEK_ERK,PKC,TGFb-SMAD,STAT3,DPD_NC,DPD_LB
0,0.250264583907017,-0.0154820653505706,0.6924209878766,-0.132579032102384,0.0567308666355758,0,0,0
0.280873756533163,0,0,0,0,-0.175694079234579,0.804300688798779,0,0
0,-0.418715028678136,0,1.29970214315149,1.54589773763309,0,0,0,0
0.0133101799641902,-0.00530428081828221,0.0450483426553523,0,0,-0.366217660810734,0.781108955068359,0,0
0.225086278282654,0,0,0,0,0,0,0,0
0,0,0,0,0,0,0,0,0
0,0,0,0,0,0,0,0,0
0,0,0.234156388857892,0.594870560945717,-0.426532682249086,-0.627402702754121,2.39459911042845,0,0
0,0.745547774540565,0.208322634321532,0.222831254235163,-1.05574929366534,-0.932809959405128,1.1200623085813,0,0
