EGFR,PI3K_AKT,mTOR,MEK_ERK,PKC,TGFb-SMAD,STAT3,DPD_NC,DPD_LB
0,1,1,0.52416662822419,0.525315489547458,1,0,0,0
1,0,1,1,1,1,1,0,0
0,1,0,1,1,0,0,0,0
0.999999999999999,0.000196585924403911,0,0,0,0.000196585924403911,0.000196585924403911,0,0
0,1,0,0,0,0,0,0,0
0,0,0.999999999999999,0,0,0,0,0,0
0,0,0,0,0,1,0,0,0
0,0,0,0,0,0,0,0,0
0,1,1,0,0.539875475890593,1,1,0,0
