EGFR,PI3K_AKT,mTOR,MEK_ERK,PKC,TGFb-SMAD,STAT3,DPD_NC,DPD_LB
0,0.502558201332657,0.487577817024835,0.490243553394195,0.494793130747415,0.493111037801734,0,0,0
0.432080459098885,0,0.437360898422065,0.446972215411454,0,0.440405211604322,0.440917976326132,0,0
0.507977945834738,0.510278608072067,0,0.511914688823286,0.517858474400165,0,0,0,0
0.166758113474811,0.251228933974822,0.00113537115652175,0,0,0.0763161217093065,0.0561236612908079,0,0
0.252689782250265,0.251898125317587,0,0,0,0,0,0,0
0,0,0,0,0,0,0,0,0
0,0,0,0.0785215211647952,0,0,0,0,0
0,0,0,0,0,0.243633032021491,0.2658796212152,0,0
0,0,0,0.383348871966466,0.608768075978501,0.926914214397941,0.00786682216005012,0,0
