EGFR,PI3K_AKT,mTOR,MEK_ERK,PKC,TGFb-SMAD,STAT3,DPD_NC,DPD_LB
0,0.578699618276234,0.00701333556458682,-0.0534913496355821,0.021942368484306,-0.908741453715432,0,0,0
1.39138918997359,0,-0.0469148301596494,-0.101982693367547,0,0.897904430051896,0.930160788176975,0,0
0,0.381641194036397,0,0,1.03971250110586,0,0,0,0
1.50170964704941,-0.474922227687002,0.0901085104387628,0,0,2.02835219871163,-1.10872420093479,0,0
0,0,0,0,0,0,1.9652399275983,0,0
0.0537703585877087,0.173247405827888,0,0.175499766228461,0,0,0,0,0
0.616945377347113,0,0,0.331948524421982,0,0,0,0,0
0,-0.482173415915349,0.108644656985668,-0.0155708605891247,0.534607411750798,0.135750155234395,0.716304341048009,0,0
0,-1.28158013279209,0.266487719720046,-0.366201746288015,0.95554333536437,1.16516566740819,1.06039767373022,0,0
