EGFR,PI3K_AKT,mTOR,MEK_ERK,PKC,TGFb-SMAD,STAT3,DPD_NC,DPD_LB
0,0.593729317693105,0,0.589323614138459,0,0.592631346693043,0,0,0
0.437635693666109,0,0,0.425843251290604,0,0.404623255835888,0.376204592468292,0,0
0.799475916729093,0.672545070084229,0,0.293137022946399,0.290188495385004,0,0,0,0
0.371221071073077,0.318125870125045,0,0,0,0.36191125431143,0.385878686294073,0,0
0.0399459323698797,0,0,0,0,0,0,0,0
0.373322410298977,0.335628291304548,0,0.331495514014568,0,0,0.412487194383477,0,0
0.615701342047168,0,0,0.349837460346297,0,0.242597215772256,0,0,0
0,0.372961157735401,0,0,0,0.446297592220055,0.422473571709535,0,0
0,0.452867339841885,0.446636269862613,0.454831297081478,0.451665989702287,0.447475508963013,0.442457473843919,0,0
