EGFR,PI3K_AKT,mTOR,MEK_ERK,PKC,TGFb-SMAD,STAT3,DPD_NC,DPD_LB
0,1,0.949943617669852,1,1,1,0.55887431638492,0,0
1,0,1,1,0.311934636903879,0.949992375200008,1,0,0
0.715611073960781,1,0,0.997945262624405,0.997945262624405,0.108034219824776,0.279936409352447,0,0
0.999999999999999,0.999999999999999,0.145207189353752,0,0.351916539789138,0.878085897484191,0.929357538627217,0,0
0,0,0,0,0,0,0,0,0
0,0,0,0,0,0,0.999999999999999,0,0
0,0,0,0,0,1,0,0,0
0,1,0.965171551872116,1,1,1,0.974638273962448,0,0
0,1,0.974975024459362,1,1,1,1,0,0
