EGFR,PI3K_AKT,mTOR,MEK_ERK,PKC,TGFb-SMAD,STAT3,DPD_NC,DPD_LB
0,0,0,1,0,1,0,0,0
1,0,1,1,0,1,1,0,0
0,0,0,1,1,1,0,0,0
1,0,0.00164462220622698,0,0,1,0.103252121639279,0,0
0,1,0,0,0,0,0,0,0
1,0,0,1,0,0,0,0,0
0.999999999999999,0,0.999999999999999,0.999999999999999,0,0,0,0,0
0,0,0.175597815736086,0.999999999999999,0.999999999999999,0.999999999999999,0.999999999999999,0,0
0,0.0500958969336121,1,1,0.447354088503763,1,1,0,0
