EGFR,PI3K_AKT,mTOR,MEK_ERK,PKC,TGFb-SMAD,STAT3,DPD_NC,DPD_LB
0,0,0,1,0,0,0,0,0
0.999999999999999,0,0.990187049405946,0.999999999999999,0,0.999999999999999,0.95907446575161,0,0
0,1,0,0,1,0,0,0,0
0.999999999999999,0.999999999999999,0.999999999999999,0,0,0.999999999999999,0.999999999999999,0,0
0.999999999999999,0,0,0,0,0,0,0,0
1,0,0,1,0,0,0,0,0
0,0,0,0,0,0,0,0,0
0,0.999999999999999,0,0.999999999999999,0.999999999999999,0.999999999999999,0.999999999999999,0,0
0,1,1,0.983735038758006,0.0162649612419938,1,1,0,0
