EGFR,PI3K_AKT,mTOR,MEK_ERK,PKC,TGFb-SMAD,STAT3,DPD_NC,DPD_LB
0,0.544285293668498,0,0.543478848534041,0.544703500023629,0.543821848368797,0,0,0
0.541489549809774,0,0.537410407673274,0.541256538948692,0,0.102752346985428,0.552844054483368,0,0
0,0.323378823554052,0,0.325348283328972,0.325966926464092,0,0,0,0
0.503214583821422,0.504618637003301,0,0,0,0.436432803349567,0.0154156566481105,0,0
0,0.0591052905998887,0,0,0,0,0,0,0
0,0,0,0,0,0,0.0711377118820358,0,0
0,0,0,0,0,0.0536249694687863,0,0,0
0,0.42462787183852,0.428595922685239,0.426808090535876,0.426840431759762,0.428852745470186,0.424852136743842,0,0
0,0.504351323981764,0.0809191675330917,0.503470913494168,0.503856010788633,0.513429085265742,0.534459783689569,0,0
