EGFR,PI3K_AKT,mTOR,MEK_ERK,PKC,TGFb-SMAD,STAT3,DPD_NC,DPD_LB
0,0.348478068862151,-0.0933260647490486,0.318005156603881,0.142992314471059,0.821631646053145,0,0,0
-0.371278804216262,0,-0.561358490929265,0.22514915781261,-7.25068494239355e-05,-0.398395570589006,1.18169504568925,0,0
0,0,0,0,0,0,0,0,0
0.870673745395331,0.0440659566940034,-0.0222267369174607,0,0,-0.698792915828868,0.128076127580077,0,0
0,0,0,0,0,0,0,0,0
0.884641492390613,0,0,-0.286183349816585,0,0,0,0,0
0.385392756734267,0,0,-0.304775516947824,0,0,0,0,0
0,0.282813926493003,1.45350637262297,0.0243839303594681,-0.117650135818271,-0.983947337402337,0.192697582771185,0,0
0,-20.2094864982122,7.10565072306325,-0.738051287070716,-14.9185545579327,-0.660721566353013,-13.5817639423485,0,0
