EGFR,PI3K_AKT,mTOR,MEK_ERK,PKC,TGFb-SMAD,STAT3,DPD_NC,DPD_LB
0,7.7715611723761e-16,7.7715611723761e-16,7.7715611723761e-16,7.7715611723761e-16,0.499959086804082,0,0,0
0,0,0,0,0,0,0,0,0
3.33066907387547e-16,3.33066907387547e-16,0,3.33066907387547e-16,3.33066907387547e-16,0,0,0,0
2.22044604925031e-16,2.22044604925031e-16,0.298716476757903,0,0,2.22044604925031e-16,2.22044604925031e-16,0,0
0,0,0,0,0,0,0,0,0
0,0,0,0,0,0,0,0,0
3.33066907387547e-16,0.388354762319967,0.388354762319967,3.33066907387547e-16,3.33066907387547e-16,0,0,0,0
0,4.44089209850063e-16,4.44089209850063e-16,0.457214286438357,0.457214286438357,0.392331257766115,0.457214286438357,0,0
0,2.22044604925031e-16,2.22044604925031e-16,2.22044604925031e-16,2.22044604925031e-16,0.116280335165738,2.22044604925031e-16,0,0
