EGFR,PI3K_AKT,mTOR,MEK_ERK,PKC,TGFb-SMAD,STAT3,DPD_NC,DPD_LB
0,0.278753250479638,0.0382449034871481,-0.0218197015570087,-0.0639414130153624,-0.69405217030527,5.46173048148844e-05,0,0
1.45540034152495,0,-0.45088965510454,0.208231035730778,0,-0.865113806732386,-0.0349480308411806,0,0
-0.00126218514186432,0.178234070660726,0,0.174195328781102,0.626267293460645,0,0,0,0
0.0230628250220913,0.397695965288206,-0.00565981892155935,0,0,0,0.514123875555326,0,0
0.647355167104988,0,-0.541974809516758,0,0,0,0,0,0
0,0,0,0.237489406087524,0,0,0,0,0
0,0,0,0,0,0,0,0,0
0,-0.0566919095958391,0,0.444305907820049,0.405569560322163,-1.45151732880345,0.410350617090187,0,0
0,0.797116674570535,0,-0.960329139890825,-0.422741819897969,0.322163062203292,1.16873724534362,0,0
