EGFR,PI3K_AKT,mTOR,MEK_ERK,PKC,TGFb-SMAD,STAT3,DPD_NC,DPD_LB
0,-0.000875868116348813,0.315739952253401,0.0077027000957661,-0.00391936664681362,-0.0114217889266956,0,0,0
-0.459419194220549,0,0,0.238972241258797,0,1.00589718516729,-0.203760500866609,0,0
0,1.85237177573985,0,0,0,0,0,0,0
-0.154557928481708,-1.17657373085632,0,0,0.831342356451005,0.294430730815191,0.257645083768814,0,0
1.52679161472743,0,0,0,0,0,0,0,0
1.23990631296195,0,0,-0.173177272293907,0,0,0,0,0
1.12769444868803,0,0,-0.147195742982511,0,0,0,0,0
0,0.0131733600203313,0,0.190655197481566,0.32340629601265,0.230499367142939,0.195781741616122,0,0
0,19.0874237212079,1.45019370311817,7.15072151175341,-14.5268752987407,5.43841380508663,-6.09440634483638,0,0
