EGFR,PI3K_AKT,mTOR,MEK_ERK,PKC,TGFb-SMAD,STAT3,DPD_NC,DPD_LB
0,0.0450541002242645,1,0.0450541002242645,0.0450541002242645,0.144256299418988,0,0,0
1,0,0,1,0,1,0.52591645222981,0,0
0,1,0,0,0,0,0,0,0
1,1,0,0,1,1,1,0,0
0.999999999999999,0,0,0,0,0,0,0,0
1,0,0,1,0,0,0,0,0
1,0,0,1,0,0,0,0,0
0,0.0673786765534261,0,1,1,1,1,0,0
0,1,0.910074396027514,1,1,1,1,0,0
