EGFR,PI3K_AKT,mTOR,MEK_ERK,PKC,TGFb-SMAD,STAT3,DPD_NC,DPD_LB
0,1,1,1,1,1,0,0,0
0.999999999999999,0,0.0664132882779663,0.999999999999999,0.0664132882779663,0.0735966437321627,0.0674826047512061,0,0
0.000211900446997371,0.999999999999999,0,0.999999999999999,0.999999999999999,0.000211900446997371,0.999788099553002,0,0
0.920812405544132,0.0791875944558685,0,0,0,0.442213186373026,1,0,0
0.999999999999999,0,0,0,0,0,0,0,0
0,0,0,0,0,0,1,0,0
0,0,0,0,0,1,0,0,0
0,0.47178031858276,0.302104156831797,0.302104156831797,1,0.47178031858276,0.999224461972232,0,0
0,1,1,1,1,1,1,0,0
