EGFR,PI3K_AKT,mTOR,MEK_ERK,PKC,TGFb-SMAD,STAT3,DPD_NC,DPD_LB
0,6.66133814775094e-16,6.66133814775094e-16,6.66133814775094e-16,6.66133814775094e-16,6.66133814775094e-16,0.0108629859869686,0,0
2.22044604925031e-16,0,2.22044604925031e-16,0.333067664737252,0,2.22044604925031e-16,2.22044604925031e-16,0,0
0.134177001883842,0,0,0.480626863026901,0,0,0,0,0
0.237187133167044,1.11022302462516e-16,0.473030950831867,0,0,0,1.11022302462516e-16,0,0
1.11022302462516e-16,0,1.11022302462516e-16,0,0,0,0,0,0
0,0,0,4.44089209850063e-16,0,0,0,0,0
0,0,0,0,0,0,0,0,0
0,2.22044604925031e-16,0,2.22044604925031e-16,2.22044604925031e-16,2.22044604925031e-16,2.22044604925031e-16,0,0
0,6.66133814775094e-16,0,6.66133814775094e-16,6.66133814775094e-16,6.66133814775094e-16,6.66133814775094e-16,0,0
