EGFR,PI3K_AKT,mTOR,MEK_ERK,PKC,TGFb-SMAD,STAT3,DPD_NC,DPD_LB
0,0.49984810312173,0.440067609857238,6.66133814775094e-16,0,6.66133814775094e-16,0,0,0
0.332366597412293,0,0.0468729868693894,8.88178419700126e-16,0,8.88178419700126e-16,8.88178419700126e-16,0,0
0,6.66133814775094e-16,0,6.66133814775094e-16,0,0,6.66133814775094e-16,0,0
0,0,0,0,0,0,0,0,0
8.88178419700126e-16,8.88178419700126e-16,0,0,0,0,0,0,0
0,0,0,5.55111512312578e-16,0,0,5.55111512312578e-16,0,0
0,0,0,2.22044604925031e-16,0,2.22044604925031e-16,0,0,0
0,9.99200722162641e-16,0,9.99200722162641e-16,9.99200722162641e-16,9.99200722162641e-16,9.99200722162641e-16,0,0
0,0,0,0.450738166405799,4.44089209850063e-16,4.44089209850063e-16,4.44089209850063e-16,0,0
