EGFR,PI3K_AKT,mTOR,MEK_ERK,PKC,TGFb-SMAD,STAT3,DPD_NC,DPD_LB
0,0,0,0,0,1.14501628915277,0,0,0
0.505697017405056,0,-0.0136331545250732,-0.090720199189638,0,0.166285252635758,0.646173506782099,0,0
0,1.07516888131407,0,0,0.5412403970833,0,0,0,0
2.01166926014717,-1.19471604785316,-0.063979963143466,0,0,-0.916182414493672,2.24311880591624,0,0
2.49783973649221,0,0,0,0,0,0,0,0
0,0,0,0,0,0,0,0,0
0.84579236884599,0,0,0,0,0,0,0,0
0,-0.0270561178619718,0.00752014664076352,0.0119926951368234,0.370988447414891,-0.0174331727663589,0.0316722062481447,0,0
0,-0.744935127089447,0.165401177962677,0.816509986516499,-0.314766262631562,1.19027939102483,0.834698768665099,0,0
