EGFR,PI3K_AKT,mTOR,MEK_ERK,PKC,TGFb-SMAD,STAT3,DPD_NC,DPD_LB
0,0,0,0.266274547739983,0,0,0,0,0
-0.438526877615524,0,0.224048194134602,0.0562146581416729,0,0.44487563071316,0.791652907624999,0,0
0,-2.05563462362876,0,0,1.05629611987966,0,0,0,0
1.51980361118285,0.89056782742335,-0.0627768167503388,0,0,-0.447919983302069,-0.482468420733477,0,0
0.834559219017622,0,0,0,0,0,0,0,0
1.57016410987203,0,0,-0.403287879550766,0,0,0,0,0
0,0,0,0,0,0,0,0,0
0,2.37912127656753,0,0.188019382846751,-0.159329011832113,-0.862338236153171,-0.320932461169862,0,0
0,-1.25324152139123,-0.83987931920029,0.220728563905737,0.00650316163642061,1.06647209104875,-1.76081867377238,0,0
