EGFR,PI3K_AKT,mTOR,MEK_ERK,PKC,TGFb-SMAD,STAT3,DPD_NC,DPD_LB
0,0.68631931155931,0,-0.367373911049392,-0.406422582097931,1.08914212872867,0,0,0
0,0,-0.0549123278751657,0,0,-1.00762495068843,0.694775202642343,0,0
0.656635789861874,0,0,-0.946676686048839,1.29432106594612,0,0,0,0
-0.213766357026248,0.203911696403932,0,0,0,0,0.876941635934091,0,0
-0.273950059552548,0.396209174249522,0,0,0,0,0,0,0
0.627723892744715,-0.492684648325269,0,0.531972515976125,0,0,0,0,0
0,0,0,0.432174393408033,0,0.25942416785858,0,0,0
0,-0.225219473480978,0,0,0,-1.23319918324641,0,0,0
0,1.31218661455439,0,0,-0.464066335581023,-0.030890365682038,0,0,0
