EGFR,PI3K_AKT,mTOR,MEK_ERK,PKC,TGFb-SMAD,STAT3,DPD_NC,DPD_LB
0,-0.211200924922806,0,-0.00218348521820462,-0.399690513902174,0.616768047029853,0,0,0
-0.365559890062059,0,0,0.201051072063857,0,1.34914561351722,-0.530390666998949,0,0
0,2.86357895998911,0,1.41897781104287,0,0,0,0,0
-0.438674417978432,0.0703475713574557,0,0,0,1.23410999724103,-0.0425775199210242,0,0
0,0,0,0,0,0,0,0,0
0.671974129299233,0,0,0,0,0,0,0,0
0.943328641632747,0,0,0,0,0,0,0,0
0,0,0,0.54886418667852,0,0.0338681110228738,0.0362622008306833,0,0
0,2.33288822734772,-0.863017319223126,-0.369520509780544,-2.60730707065153,0.0603626591606433,1.96166797654982,0,0
