EGFR,PI3K_AKT,mTOR,MEK_ERK,PKC,TGFb-SMAD,STAT3,DPD_NC,DPD_LB
0,1,0,0.0239372018215386,1,1,0,0,0
0.638016550813101,0,0,0.638016550813101,0,0.999999999999999,0.999999999999999,0,0
0,1,0,1,0,0,0,0,0
0.791532844383128,0.239494171996034,0,0,0,1,1,0,0
0,0,0,0,0,0,0,0,0
1,0,0,0,0,0,0,0,0
1,0,0,0,0,0,0,0,0
0,0,0,1,0,0.312855437534875,0.312855437534875,0,0
0,1,1,0.903667073545036,1,1,1,0,0
