EGFR,PI3K_AKT,mTOR,MEK_ERK,PKC,TGFb-SMAD,STAT3,DPD_NC,DPD_LB
0,-0.513919458754224,0.046774231508943,0,-0.044295443833515,0.246315875131189,0,0,0
-0.55609949936432,0,0.0636683290223801,0.192626600778096,0,0.338004576676528,0.188846591717998,0,0
0,1.44233641478803,0,0.812163470226495,0,0,0,0,0
-0.154207414015253,0.179563868323923,0.00908332527567039,0,0,1.34767689328962,-0.217411515979198,0,0
0,0,0,0,0,0,0,0,0
0,0,0,0,0,0,0,0,0
0,0,0,0,0,0,0,0,0
0,-1.23094776198643,0.095297565556959,-0.248617291035542,1.00200791428959,-2.27428269342034,1.06194801271825,0,0
0,0.039089382295522,0.483370467793936,-0.901601090419452,-1.52345253739478,4.41068060520942,-3.2832472964972,0,0
