EGFR,PI3K_AKT,mTOR,MEK_ERK,PKC,TGFb-SMAD,STAT3,DPD_NC,DPD_LB
0,0.424725503237232,0.417239391613068,0,0.421060627028847,0.47482801150476,0,0,0
0.590593829182521,0,0.586907705594302,0.587841366679653,0,0.585228260417716,0.583273914106051,0,0
0,0.229324174247174,0,0.225102390637212,0,0,0,0,0
0.510295632608442,0.514246479047435,0.518105453434073,0,0,0.515301755314585,0.520540228857055,0,0
0,0,0,0,0,0,0,0,0
0,0,0,0,0,0,0,0,0
0,0,0,0,0,0,0,0,0
0,0.454340328256609,0.424694158728269,0.416544306323588,0.443702488976928,0.60527868784467,0.587245619648335,0,0
0,0.473530396783161,0.469646327610805,0.467309756624446,0.473899197701553,0.469343597645014,0.462856101217014,0,0
