EGFR,PI3K_AKT,mTOR,MEK_ERK,PKC,TGFb-SMAD,STAT3,DPD_NC,DPD_LB
0,0.411610965064557,0.411610965064557,0,0.411610965064557,0.411610965064557,0,0,0
2.22044604925031e-16,0,0.213892846082023,2.22044604925031e-16,0,0.185048850518442,0.185048850518442,0,0
0,8.88178419700126e-16,0,8.88178419700126e-16,8.88178419700126e-16,0,0,0,0
0.490779718392373,0.491608105557531,0,0,0,6.66133814775094e-16,0.459518622552893,0,0
0,0,0,0,0,1.55431223447522e-15,0,0,0
0.499412606666274,0,0,2.22044604925031e-16,0,0,0,0,0
0,0,0,0,0,2.22044604925031e-16,0,0,0
0,0,0,0,0,0.40694137853945,0,0,0
0,1.11022302462516e-16,1.11022302462516e-16,1.11022302462516e-16,1.11022302462516e-16,1.11022302462516e-16,1.11022302462516e-16,0,0
