EGFR,PI3K_AKT,mTOR,MEK_ERK,PKC,TGFb-SMAD,STAT3,DPD_NC,DPD_LB
0,0.169000843604573,0.166984319824759,0.195469956533365,0.165315573396824,0.196773037213252,0,0,0
0.482814620355743,0,0.0534422461872055,0.478107686268295,0,0.484981270191597,0.474390369737711,0,0
0,0.511202543894169,0,0.512089176057242,0.502000249698931,0,0,0,0
0.319079631165054,0.311993769783883,0,0,0,0.399375549514194,0.364083418180987,0,0
0,0,0,0,0,0.0627531278436818,0,0,0
0.21886676614647,0,0,0.20537194057459,0,0,0,0,0
0,0,0,0,0,0.0689577761268548,0,0,0
0,0,0,0,0,0.149006655607304,0.210339036820257,0,0
0,0.427982521520455,0.423918322669663,0.422617671044282,0.421842544866791,0.428622837396379,0.424436335265804,0,0
