EGFR,PI3K_AKT,mTOR,MEK_ERK,PKC,TGFb-SMAD,STAT3,DPD_NC,DPD_LB
0,0,0,0.413254120800823,0.405250997152466,0.413166399043959,0,0,0
0.503666504327171,0,0,0.499583394870986,0,0.512438986510949,0.508882109531877,0,0
0,0.271754150544438,0,0.0500034010401482,0.280225620282468,0,0,0,0
0.518818569528729,0,0,0,0,0.60074860831845,0.507221804518626,0,0
0.247414184741215,0.246329249098607,0,0,0,0,0,0,0
0.328994623662433,0,0,0.330071114130859,0,0,0,0,0
0.280011548166317,0,0,0.27782746272397,0,0,0,0,0
0,0,0,0,0,0.377323190206309,0.378660966096056,0,0
0,0.656964514923091,0.220023584217344,0.757595579183846,0.814402638196134,0.970031006929487,1.60855589236397,0,0
