EGFR,PI3K_AKT,mTOR,MEK_ERK,PKC,TGFb-SMAD,STAT3,DPD_NC,DPD_LB
0,0.126505713459549,0.125584481029995,0.164562021945943,0.138650271933223,0.126916106962632,0,0,0
0.435788075057542,0,0.437090312932556,0.435647139305829,0,0.440407937509799,0.440560588661719,0,0
0,0.428548785952398,0,0.419119592721573,0.430848862678005,0.425835849945677,0,0,0
0,0,0,0,0,0.528712347935931,0.527505199481318,0,0
0.765034992071612,0.256013969946949,0,0.589965575797105,0,0,0,0,0
0,0,0,0,0,0,0.0390043945146585,0,0
0,0,0,0,0,0.0384132777260029,0,0,0
0,0,0.279821173525662,0,0.158337133422208,0.383623892727178,0.504970157517498,0,0
0,0.395191297472174,0.392869501991797,0.395783026503883,0.397571445341606,0.39648757438345,0.396267699869597,0,0
