EGFR,PI3K_AKT,mTOR,MEK_ERK,PKC,TGFb-SMAD,STAT3,DPD_NC,DPD_LB
0,-0.0181766626846552,-0.0190607563870542,0.670194673225156,-0.00649541032052427,0.0566532759998627,0,0,0
3.32736122447557,0,-0.00409058600335412,-2.6054835366807,0,0.55908420508344,-0.0532412730236506,0,0
0,0.65979653079724,0,0.333703930892698,0.578732540089055,0,0,0,0
0.0536098482712875,0.0226186105908105,0,0,0,0.930130604523891,0.031034122780386,0,0
0,0,0,0,0,1.55247274154212,0,0,0
-0.111571993270977,0,0,0.540292953388639,0,0,0,0,0
0,0,0,0,0,1.18408249959457,0,0,0
0,0,0,0,0,0.037682451801236,0.741726884773278,0,0
0,2.35809206948314,-0.523591078640902,11.0518792321221,3.41736736442298,-10.2081552504426,-16.482521336422,0,0
