EGFR,PI3K_AKT,mTOR,MEK_ERK,PKC,TGFb-SMAD,STAT3,DPD_NC,DPD_LB
0,0.0317760054693722,0.0252117496529025,0.210205550498597,0.0234378184938926,0.282013389396715,0,0,0
0.379976918420497,0,0.381204293868365,0.374900716731093,0,0.319044432779769,0.38109090837512,0,0
0,0.423805299786499,0,0.431300003897724,0,0.43210809949825,0,0,0
0.0835745149470399,0,0,0,0,0.419534038177888,0.436284764674472,0,0
0.298828761902131,0.294308621068458,0,0,0,0,0,0,0
0.0545172987104349,0,0,0,0,0,0,0,0
0.0495543417245668,0,0,0,0,0,0,0,0
0,0.00949660681155902,0.00733813584114284,0.012879720415735,0.00701294424717076,0.00911537974345523,0.411179230345279,0,0
0,0,0.566258082570597,0,0.563281385554933,0.566554282450333,0.563922389813773,0,0
