EGFR,PI3K_AKT,mTOR,MEK_ERK,PKC,TGFb-SMAD,STAT3,DPD_NC,DPD_LB
0,0.840017151169608,0.840017151169608,1,0.272338684946672,0.840017151169608,0,0,0
0.999999999999999,0,0.999999999999999,0.999999999999999,0,0.999999999999999,0.999999999999999,0,0
0,0,0,1,1,0,0,0,0
1,1,1,0,0,1,1,0,0
0,1,0,0,0,0,0,0,0
0,0,0,0,0,0,0.999999999999998,0,0
0,0,0,0,0,0,0,0,0
0,0,0,0,0,1,1,0,0
0,0,0,0.999999999999999,0.999999999999999,0.999999999999999,0.999999999999999,0,0
