EGFR,PI3K_AKT,mTOR,MEK_ERK,PKC,TGFb-SMAD,STAT3,DPD_NC,DPD_LB
0,0.0850551843831387,-0.184017142897761,0.426814281237899,0.147709653371025,0.19341808175081,0,0,0
0,0,0,0,0,0,0,0,0
0,0,0,0,0.827896517722749,0,0,0,0
-0.210279577794436,-0.268648965609609,-0.00789867058164606,0,0,1.06759908011085,0.206544691078626,0,0
1.04344552269069,0,0.47106819973171,0,0,0,0,0,0
1.14974567700654,0,0,-0.429508371331374,0,0,0,0,0
0,1.77622560907144,0,0,0,0,0,0,0
0,-0.54200640688783,0.134131892805349,0,0,0.162581413714723,0.630729173160316,0,0
0,-0.29344413369407,-0.212964164625801,0.776627625912406,0,-2.54623579044862,0.759874679879357,0,0
