EGFR,PI3K_AKT,mTOR,MEK_ERK,PKC,TGFb-SMAD,STAT3,DPD_NC,DPD_LB
0,0.148759682656269,0.148759682656269,1,0.148759682656269,0.148759682656269,0,0,0
1,0,1,1,0,1,1,0,0
0,1,0,1,1,1,0,0,0
0,0,0,0,0,0.999999999999999,0.89137581618423,0,0
1,0.910323514682865,0,0.0896764853171346,0,0,0,0,0
0,0,0,0,0,0,1,0,0
0,0,0,0,0,0.999999999999999,0,0,0
0,0,0.424981989559131,0,0.209794163840229,0.655391818619926,0.902614396856303,0,0
0,1,1,1,1,1,1,0,0
