EGFR,PI3K_AKT,mTOR,MEK_ERK,PKC,TGFb-SMAD,STAT3,DPD_NC,DPD_LB
0,-0.00265065931944925,-0.00145777467529001,0.704505925885011,-0.00097314549313576,0.174932321556251,0,0,0
1.90700677556167,0,-0.302568014862588,-1.57097598707784,0,-0.198461581917838,0.531482574952522,0,0
0,1.02590057206904,0,0.764679627372888,0,-2.31665773530318,0,0,0
-0.00689587358268375,0,0,0,0,1.00637979908552,0.322845415187845,0,0
0.362086616635339,0.49114446920447,0,0,0,0,0,0,0
0.494788025509441,0,0,0,0,0,0,0,0
0.39156681568445,0,0,0,0,0,0,0,0
0,0.000369147640717576,-4.7100169673653e-05,0.000499346221453799,0.000118973804907891,0.000285664778948514,1.00192408469054,0,0
0,0,1.12850988013331,0,1.01070614772052,5.3524984261124,-1.95625458871435,0,0
