EGFR,PI3K_AKT,mTOR,MEK_ERK,PKC,TGFb-SMAD,STAT3,DPD_NC,DPD_LB
0,0,0,0.64937105128252,0.0369862957877369,0.104338896821735,0,0,0
2.5106420067272,0,0,-1.31530125065686,0,-0.707430393367492,-0.827406814844648,0,0
0,1.3186112131077,0,0.0084483564405709,0.580047372510742,0,0,0,0
0.345788479911447,0,0,0,0,0.224083268333839,0.304378843216351,0,0
0.581631283985236,0.620269676970278,0,0,0,0,0,0,0
0.735822673800884,0,0,-0.0503252541344023,0,0,0,0,0
0.598288699923768,0,0,0.0290026554592354,0,0,0,0,0
0,0,0,0,0,0.100006485643681,0.755815650777981,0,0
0,-5.26589522767917,-0.087157106784657,42.2068397115534,26.1811009346561,-93.0050079182606,-20.9275475029489,0,0
