EGFR,PI3K_AKT,mTOR,MEK_ERK,PKC,TGFb-SMAD,STAT3,DPD_NC,DPD_LB
0,0.13896530054399,0.136208549850238,0.798749029892113,0.0685688996629105,-0.281352382343792,0,0,0
1.27973373827362,0,-0.510987835604545,-1.59805687274679,0,1.34841083898665,1.36593707794135,0,0
0,0,0,0.466372634560744,0.983425309112711,0,0,0,0
1.15510050091244,-0.501551796591546,-0.286897011060564,0,0,0.395759268343452,0.864058022623968,0,0
0,0.580740444448722,0,0,0,0,0,0,0
0,0,0,0,0,0,1.3067803202058,0,0
0,0,0,0,0,0,0,0,0
0,0,0,0,0,-0.891344242077506,1.88884221032329,0,0
0,0,0,2.94216080591883,2.18565194699024,6.73072297083794,-16.1803200010029,0,0
