EGFR,PI3K_AKT,mTOR,MEK_ERK,PKC,TGFb-SMAD,STAT3,DPD_NC,DPD_LB
0,0.145448265662978,0.145448265662978,0.145448265662978,0.145448265662978,1.11022302462516e-15,0,0,0
0.0274323938342985,0,0.115771911481462,2.22044604925031e-16,0,2.22044604925031e-16,2.22044604925031e-16,0,0
0,0.0701410170926617,0,2.22044604925031e-16,0.0701410170926617,0.0701410170926617,0,0,0
2.22044604925031e-16,0.384075504431867,0.384499193660179,0,0,2.22044604925031e-16,2.22044604925031e-16,0,0
4.44089209850063e-16,0,0,0,0,0,0,0,0
8.88178419700126e-16,0,0,0,0,0,0,0,0
0,0,0,0,0,0,0,0,0
0,1.11022302462516e-15,1.11022302462516e-15,1.11022302462516e-15,1.11022302462516e-15,1.11022302462516e-15,1.11022302462516e-15,0,0
0,0.149140933869091,0.149140933869091,0.149140933869091,6.66133814775094e-16,6.66133814775094e-16,6.66133814775094e-16,0,0
