EGFR,PI3K_AKT,mTOR,MEK_ERK,PKC,TGFb-SMAD,STAT3,DPD_NC,DPD_LB
0,0.238418600579355,0.0809096212587633,-0.277732909590805,-0.589657846104404,0.0772044525308213,0,0,0
0.480293088035558,0,0.116626274462275,-0.129855635225627,0,-1.76624628054266,-0.30181204906676,0,0
0,0,0,0.342446941723694,1.1642337169062,0,0,0,0
1.57477155435835,0.419957513408295,0.145176952984365,0,0,0.429007304567076,-1.67920935564747,0,0
0,0,0,0,0,0,0,0,0
0.61018367353272,0,0,0,0,0,0,0,0
0.59912002329522,0,0,0,0,0,0,0,0
0,-0.334318290901038,0,0.51585982436128,0.813102776930466,-1.6672005923788,0.514577778128044,0,0
0,0.819345027398812,0.151513391650381,-0.740933737188441,-1.5055644041193,-0.384882934436748,0.377654041788154,0,0
