EGFR,PI3K_AKT,mTOR,MEK_ERK,PKC,TGFb-SMAD,STAT3,DPD_NC,DPD_LB
0,0.444218501684761,8.88178419700126e-16,8.88178419700126e-16,8.88178419700126e-16,8.88178419700126e-16,0,0,0
0.47690273244789,0,0.47690273244789,0.47690273244789,0,2.22044604925031e-16,2.22044604925031e-16,0,0
0,0,0,1.11022302462516e-16,1.11022302462516e-16,0,0,0,0
4.44089209850063e-16,4.44089209850063e-16,4.44089209850063e-16,0,0,4.44089209850063e-16,4.44089209850063e-16,0,0
0,0,0,0,0,0,0,0,0
4.44089209850063e-16,0,0,0,0,0,0,0,0
1.33226762955019e-15,0,0,0,0,0,0,0,0
0,3.33066907387547e-16,0,3.33066907387547e-16,3.33066907387547e-16,3.33066907387547e-16,3.33066907387547e-16,0,0
0,2.22044604925031e-16,2.22044604925031e-16,2.22044604925031e-16,2.22044604925031e-16,2.22044604925031e-16,2.22044604925031e-16,0,0
