EGFR,PI3K_AKT,mTOR,MEK_ERK,PKC,TGFb-SMAD,STAT3,DPD_NC,DPD_LB
0,0.00859696981842385,-0.0111063800753466,0.0799312117592311,0.020323534547917,0.807300868934448,8.78875202043102e-05,0,0
0.270621954706784,0,-0.00947792803178236,-0.149614174060774,0,0.087865184980594,-0.0176785716284375,0,0
0,0,0,0,0.531774312015746,0,0,0,0
1.08368342305113,0,0,0,0,-0.266329550369495,0.000822160177632281,0,0
0.938782726614646,0,0,0,0,0,0,0,0
1.07585849843815,0,0,-0.150922096120515,0,0,0,0,0
0.871986284537519,0,0,0,0,0,0,0,0
0,1.21955733323959,2.50006812276689,-3.85625884756319,-2.7102056151471,-1.65077054489002,1.8081297844206,0,0
0,1.40295008708049,1.40164777675018,-0.13468906385182,-1.4123650614035,-1.12433256439812,-0.40167240821364,0,0
