EGFR,PI3K_AKT,mTOR,MEK_ERK,PKC,TGFb-SMAD,STAT3,DPD_NC,DPD_LB
0,-0.00263890659035665,0.00565547056689364,0.00204545426345438,-0.00296201611726725,1.26319924829751,0,0,0
1.01430561536337,0,-0.229415832016086,-0.123404792746564,0,-1.79981392142278,0.281769128497091,0,0
0,0.00172015915521441,0,-0.293894980926159,0.00511533171955775,-0.00399767213092617,0,0,0
2.01109695578264,-0.0789433804880571,-0.0422560893711059,0,0,-1.18484741053962,-0.282638251836121,0,0
0.570821070015831,0,0,0,0,0,0,0,0
0.746247649166109,0,0,0,0,0,0,0,0
0.772470841254117,0,0,0,0,0,0,0,0
0,-5.36758406156531,-1.44355902377477,-4.60621102278039,-6.86442258371659,0.683448017127543,3.3076565010067,0,0
0,-0.974275175675402,-0.306708177114662,-1.08822391226235,-3.65618356506733,-2.24085329427073,6.03041684029321,0,0
