EGFR,PI3K_AKT,mTOR,MEK_ERK,PKC,TGFb-SMAD,STAT3,DPD_NC,DPD_LB
0,0.178976371675847,0.181410307764666,0.228834758162204,0.181557838917318,0.212709524973883,0.0045408956254441,0,0
0.478078729622656,0,0.0743201628859892,0.353455785700376,0,0.424238884813573,0.251959354169616,0,0
0,0,0,0,0.0421476564838612,0,0,0,0
0.500294232727387,0,0,0,0,0.499876829735076,0.0647029048118317,0,0
0.0343364385477845,0,0,0,0,0,0,0,0
0.140362931378994,0,0,0.196626869437941,0,0,0,0,0
0.0409700353108759,0,0,0,0,0,0,0,0
0,0.513757217510614,0.502181663617552,0.506899973965144,0.511712622976144,0.50216601035225,0.502139014800109,0,0
0,0.414837185017374,0.418431695032599,0.361638516090007,0.424749688787926,0.431917335310789,0.428101409343886,0,0
