EGFR,PI3K_AKT,mTOR,MEK_ERK,PKC,TGFb-SMAD,STAT3,DPD_NC,DPD_LB
0,0.0350895066561418,0.0504400371628049,0.0350022365275102,0.0375298822917452,0.168592398729514,0,0,0
0.498567202622022,0,0.503890310661962,0.497944091643167,0,0.488496848977273,0.497896489522005,0,0
0,0.0268570467608542,0,0.10538048179949,0.0733800640110096,0.0578221338295552,0,0,0
0.57977221560353,0.224637208595252,0.177440667156945,0,0,0.613949867875066,0.673774117020963,0,0
0.0289719792324763,0,0,0,0,0,0,0,0
0.0321908767155374,0,0,0,0,0,0,0,0
0.0426305671418525,0,0,0,0,0,0,0,0
0,0.418152596403938,0.412004200770541,0.414961205725592,0.417701490669282,0.415484856133301,0.41686905960628,0,0
0,0.436531531617421,0.41239873879859,0.444822585911946,0.465951021128316,0.471870942197301,0.423649155067438,0,0
