EGFR,PI3K_AKT,mTOR,MEK_ERK,PKC,TGFb-SMAD,STAT3,DPD_NC,DPD_LB
0,-0.225170780171327,0.0362834307483511,0.00605332233192646,0.384060050756251,-0.00930737013539651,0,0,0
-0.285864678397895,0,0.729600094332084,1.28930864953242,1.41131041531068,-1.01780352217157,-0.238876343105558,0,0
0,0,0,0,0,0,0,0,0
1.81665950477999,0.497114136902932,1.60248949350549,0,0,-2.12292995625717,1.52586049737868,0,0
0.609315445776291,0.398407060270928,0,0,0,0,0,0,0
1.01337575574145,0,0,0,0,0,0,0,0
0.789392030227146,0,0,0,0,0,0,0,0
0,-0.0670231819869319,0,0.141802315396837,0.133070923706201,0.448332986388193,-0.0547405290808247,0,0
0,0.196442291999599,5.04180706979114,1.60914449778399,2.84615546576745,-6.72306432971916,3.3120509481937,0,0
