EGFR,PI3K_AKT,mTOR,MEK_ERK,PKC,TGFb-SMAD,STAT3,DPD_NC,DPD_LB
0,0,0,0,0,5.55111512312578e-16,0,0,0
1.33226762955019e-15,0,1.33226762955019e-15,1.33226762955019e-15,1.33226762955019e-15,1.33226762955019e-15,1.33226762955019e-15,0,0
0,0,0,0,0,0,0,0,0
0.49999517516915,0.49999517516915,0,0,0,0.49999517516915,0.425429613269059,0,0
0,1.11022302462516e-16,0,0,0,0,0,0,0
4.44089209850063e-16,0,0,0,0,0,0,0,0
0,0,0,0,0,0,0,0,0
0,0.0566762833319879,6.66133814775094e-16,0.0137408418271768,0.353629083387338,0.0137408418271768,6.66133814775094e-16,0,0
0,8.88178419700125e-16,8.88178419700125e-16,8.88178419700125e-16,0.448835895938025,8.88178419700125e-16,8.88178419700125e-16,0,0
