EGFR,PI3K_AKT,mTOR,MEK_ERK,PKC,TGFb-SMAD,STAT3,DPD_NC,DPD_LB
0,0.0287161647514019,-0.0255619398374821,0.274837433717023,0.00586375506327424,0.542485805794442,0,0,0
-2.16712164840188,0,-0.247215410206503,1.57933475130731,0,1.12097072432041,-1.36007619637292,0,0
0,0,0,0,0.453058545565683,0,0,0,0
-0.349999399675844,0.382824983221135,0.0270815726973818,0,0,0.400759624564443,0.809083262765947,0,0
0.596506647834934,0.452097536155599,0,0,0,0,0,0,0
0.732143956586748,0,0,0,0,0,0,0,0
0,0,0,0.511425361958189,0,0,0,0,0
0,-0.00181418695488284,0,0,0.00133956362279157,0.615471477495391,-0.00266314583051676,0,0
0,1.54391187727839,-0.729382412665444,2.77762291271041,-3.12527621051167,-11.7546936629481,3.75150649726364,0,0
