EGFR,PI3K_AKT,mTOR,MEK_ERK,PKC,TGFb-SMAD,STAT3,DPD_NC,DPD_LB
0,1,0.998423385995052,1,1,1,0,0,0
1,0,1,0.994875540056297,0,1,1,0,0
0,0,0,0,0,0,0,0,0
1,1,0,0,0,1,1,0,0
0,1,0,0,0,0,0,0,0
0,0,0,0,0,0,0,0,0
0,0,0,0,0,0,0,0,0
0,0.600045345349501,0,1,0.600045345349501,1,1,0,0
0,1,1,1,1,1,1,0,0
