EGFR,PI3K_AKT,mTOR,MEK_ERK,PKC,TGFb-SMAD,STAT3,DPD_NC,DPD_LB
0,0.512153454293631,0.264575683794105,0.263580579241343,0.51786127282098,0.075958278885975,0,0,0
0.442985123151962,0,0.439789760731332,0.446651364139207,0.441491623123984,0.436920279497526,0.438772466243313,0,0
0,0,0,0,0,0,0,0,0
0.478405464547554,0.473690153636651,0.47321864716648,0,0,0.478547894430844,0.476113243532151,0,0
0.203399918288892,0.203501100812963,0,0,0,0,0,0,0
0.0431125766568778,0,0,0,0,0,0,0,0
0.0408924959162901,0,0,0,0,0,0,0,0
0,0.239384391100658,0,0.321241343624165,0.310487976658638,0.373129052640467,0.233620927169342,0,0
0,0.398797244916625,0.404371733306122,0.398761186880366,0.399451082455226,0.402079322034475,0.395573947618184,0,0
