EGFR,PI3K_AKT,mTOR,MEK_ERK,PKC,TGFb-SMAD,STAT3,DPD_NC,DPD_LB
0,0.204368829490468,0.198882011694839,0.4540763925578,0.197737497932467,0.456682166051571,0,0,0
0.478293717263299,0,0.478464620325089,0.476200871553084,0,0.483586439648268,0.477030612271264,0,0
0,0,0,0,0.0899834681246292,0,0,0,0
0.490752068571181,0.491769653867579,0.490700229860859,0,0,0.491820976171901,0.487583490494074,0,0
0.234060976028271,0.235080786444345,0,0,0,0,0,0,0
0.0365261113234778,0,0,0,0,0,0,0,0
0,0,0,0.0401515292673753,0,0,0,0,0
0,0.0290521366631402,0,0,0.024908775071818,0.387596296064124,0.0384705245771323,0,0
0,0.421162657274046,0.419084206638545,0.417100773556253,0.416887265568373,0.413816146530616,0.421358748633359,0,0
