EGFR,PI3K_AKT,mTOR,MEK_ERK,PKC,TGFb-SMAD,STAT3,DPD_NC,DPD_LB
0,0,0,0,0,0.15280585347635,0,0,0
0.428924903187929,0,0.430734654673526,0.436988671317909,0.433273797719705,0.429578483042761,0.435852211396181,0,0
0,0.275832722124303,0,0.27775121767593,0,0,0,0,0
0.350828651400046,0.334570850428422,0,0,0,0.390916542818992,0.266373963103441,0,0
0,0.0300361748134292,0,0,0,0,0,0,0
0.0282864419436064,0,0,0,0,0,0,0,0
0.253069834028865,0,0,0.255697951703912,0,0,0,0,0
0,0.00719386669701238,0.679873206453617,0.0027565486634897,0.163380772626004,5.6277684544931e-05,0.693756118414513,0,0
0,0.563013756599953,0.498165979817963,0.471181037701994,0.49840574767927,0.555470917675311,1.17019051809059,0,0
