EGFR,PI3K_AKT,mTOR,MEK_ERK,PKC,TGFb-SMAD,STAT3,DPD_NC,DPD_LB
0,0.584882772103954,0.587540641095482,0.584636302144481,0.583990749800748,0.581328440629018,0,0,0
0.494674214025592,0,0.494660860908934,0.491601839898725,0,0.499061306975435,0.497805435651772,0,0
0,0,0,0,0,0,0,0,0
0.584787372411623,0.57879820185026,0,0,0,0.581805332593918,0.569872369398063,0,0
0,0.0404742951553372,0,0,0,0,0,0,0
0,0,0,0,0,0,0,0,0
0,0,0,0,0,0,0,0,0
0,0.408956134968344,0,0.527501268829081,0.448310710402099,0.587713961446665,0.716192547932073,0,0
0,0.406373409006186,0.400810491110165,0.403916677768805,0.405651476362467,0.406222481924578,0.406764082238582,0,0
