EGFR,PI3K_AKT,mTOR,MEK_ERK,PKC,TGFb-SMAD,STAT3,DPD_NC,DPD_LB
0,0.293438360416183,0,0.16246994065825,-0.589405779500257,0.559580462399968,0,0,0
1.68115427924176,0,0,-0.613402535254753,0.925103338695506,-0.544212234751831,-0.180305234683117,0,0
-0.688483420074715,0.468162458863845,0,0.539775793496498,0,0,0,0,0
0.348317624785706,0.207416342015511,0.166508202866588,0,0,0.40466514488799,0.779458251196981,0,0
1.24244543838169,0,0.414559183075669,0,0,0,0,0,0
0.257652988729256,0,0,0,0,0,0,0,0
0.265454346919278,0,0,0,0,0,0,0,0
0,-0.0118922487314741,0.240647813337228,0.33591886764136,0.0252221920907293,-1.16941873898666,-0.370648949711354,0,0
0,0.426381621433981,0,0.335309556483105,-0.530128707530869,1.04177148004757,1.62465511484771,0,0
