EGFR,PI3K_AKT,mTOR,MEK_ERK,PKC,TGFb-SMAD,STAT3,DPD_NC,DPD_LB
0,0,0,0,0,0,0,0,0
0.448026365955249,0,0.445559262884991,0.444923104469641,0.449403977536262,0.448466661410832,0.451449354684456,0,0
0,0.317500034953228,0,0.315858248732182,0.1118221973433,0,0,0,0
0.480208643857616,0.474197670802575,0,0,0,0.481177514763381,0.28644223790641,0,0
0.17780617967576,0.177957863156468,0,0,0,0,0,0,0
0.24679942739944,0,0,0.247660091959171,0,0,0,0,0
0.299513665543442,0,0,0.215785226476629,0,0,0,0,0
0,0.589658324744626,0,0.585949601897213,0.584147615101697,0.580545729360784,0.586872867290196,0,0
0,0.435650639635109,0,0.437572507771526,0.433910576140556,0.436804557533512,0.439542350970315,0,0
