EGFR,PI3K_AKT,mTOR,MEK_ERK,PKC,TGFb-SMAD,STAT3,DPD_NC,DPD_LB
0,0,0.00777817857952411,0.319669713650656,0.0203042728457211,0.662040549932368,0,0,0
2.18715939223079,0,-0.359603555955835,-0.730083107391399,0,-0.953234318079827,0.5371966739115,0,0
0,0.310922661109585,0,0.462658885888554,0,0,0,0,0
0.852238387392499,0,0,0,0,0,0,0,0
0.951076119544781,0,0,0,0,0,0,0,0
0,0,0,0,0,0,0,0,0
0.919437567839274,0,0,-0.657224911949748,0,0,0,0,0
0,0.244772676828202,0.00461718055192692,-0.0069006710928514,-0.286205981612323,3.08070918036611,-1.72228745669837,0,0
0,0.241932601858309,0.420147480293036,0.0308868880056136,0,-1.71603695650822,0.0596779663550605,0,0
