EGFR,PI3K_AKT,mTOR,MEK_ERK,PKC,TGFb-SMAD,STAT3,DPD_NC,DPD_LB
0,0,0.126218897029426,0.999999999999999,0.126218897029426,0.999999999999999,0,0,0
1,0,1,1,0,0.997705498584401,1,0,0
0,1,0,1,0,0,0,0,0
1,0,0,0,0,0,0,0,0
0.999999999999999,0,0,0,0,0,0,0,0
0,0,0,0,0,0,0,0,0
1,0,0,1,0,0,0,0,0
0,0.999999999999998,0.0274507779906242,0.0274507779906242,0.977176321133002,0.999999999999998,0.999999999999998,0,0
0,0.999999999999999,0.999999999999999,0.134122334122493,0,0.999999999999999,0.134122334122493,0,0
