EGFR,PI3K_AKT,mTOR,MEK_ERK,PKC,TGFb-SMAD,STAT3,DPD_NC,DPD_LB
0,0.0784848902375874,0.0880316876152154,0.351755921276092,0.0926631513413152,0.369391319174539,0,0,0
0.423263511788952,0,0.431954366734299,0.42096861414872,0,0.468489009321057,0.421769980349427,0,0
0,0.331038993655264,0,0,0.331166644581118,0,0,0,0
0,0,0,0,0,0,0,0,0
0.263233615269467,0.263853235791853,0,0,0,0,0,0,0
0.360502656028972,0,0.27702855205116,0.23214948189182,0,0,0,0,0
0.218918185545994,0,0,0.216280491531772,0,0,0,0,0
0,0,0.334773576701559,0.434966892436366,0,0.316459230158884,0,0,0
0,0.0274433299903012,0.61429807669805,0.611835590674296,0.0476366549370719,0.628547722826728,0.605742572448447,0,0
