EGFR,PI3K_AKT,mTOR,MEK_ERK,PKC,TGFb-SMAD,STAT3,DPD_NC,DPD_LB
0,0.477657880640762,0.485937292643104,0.483999820481568,0.485309945876105,0.483947360343368,0,0,0
0.476468934169467,0,0,0.473768636519511,0,0.473295632310766,0,0,0
0.095201635994897,0.288389164974631,0,0.290084038902251,0.290057103145116,0.102549758628836,0,0,0
0.352215512231102,0,0.290601695308905,0,0,0.351911218555382,0.10775072733737,0,0
0.0307838622291846,0,0,0,0,0,0,0,0
0,0,0,0,0,0,0,0,0
0,0,0,0,0,0,0,0,0
0,0.738060220908016,0.750967317504148,0,0.746982419038419,0.754055872612286,0,0,0
0,0.442465832975744,0.443721072772701,0.445393542764617,0.441813627214361,0.442082377606301,0,0,0
