EGFR,PI3K_AKT,mTOR,MEK_ERK,PKC,TGFb-SMAD,STAT3,DPD_NC,DPD_LB
0,0.177183844090901,0.00167604949975654,0.316295176687527,-0.430169236704218,0.289023851340372,0,0,0
2.38757002971207,0,0,-0.597873684700071,0,-2.80387292667932,0,0,0
0.00319034090789733,0.375029524183269,0,0.433297910510939,0.364121685392338,-0.000923631830961711,0,0,0
1.09852331756567,0,0.0574883507348194,0,0,-0.7270000438814,-0.0149334355808652,0,0
2.468330845878,0,0,0,0,0,0,0,0
0,0,0,0,0,0,0,0,0
0,0,0,0,0,0,0,0,0
0,-0.110847028327986,-0.207338490622154,0,0.749969548381743,1.42173880456192,0,0,0
0,1.79199253364063,1.13373238378915,2.03450822234152,-4.88931986415301,-6.4568188566527,0,0,0
