EGFR,PI3K_AKT,mTOR,MEK_ERK,PKC,TGFb-SMAD,STAT3,DPD_NC,DPD_LB
0,0.552533199202426,0,0.553283118611674,0.546952851243685,0.543237070592817,0,0,0
0.479071943945078,0,0,0.479273835099654,0.474858112275646,0.484351247162077,0.465677486932263,0,0
0.456166705750612,0.46088890030122,0,0.460138516182753,0,0,0,0,0
0.487135195192852,0.487008846637826,0.484661611520353,0,0,0.483870046851014,0.482228608559263,0,0
0.205451476283709,0,0.205030848141685,0,0,0,0,0,0
0.0640200794148692,0,0,0,0,0,0,0,0
0.0671480173133614,0,0,0,0,0,0,0,0
0,0.0931233321164154,0.584169547318432,0.582600909452565,0.120833266048809,0.605679888673525,0.571744698948141,0,0
0,0.461628364005862,0,0.469935503926333,0.469282342630343,0.476993449458373,0.467441030364761,0,0
