EGFR,PI3K_AKT,mTOR,MEK_ERK,PKC,TGFb-SMAD,STAT3,DPD_NC,DPD_LB
0,0,0,0,0,0,0,0,0
1.10959493663391,0,-0.357445269141777,-0.481087559552525,0.983122467845651,1.02287276154838,0.0939125066151789,0,0
0,0.549912787487137,0,0.233821191233556,0.0380739107680363,0,0,0,0
0.326417531718925,0.524547569589546,0,0,0,0.304497400110557,0.115517241435606,0,0
0.737268658359499,0.753718783690026,0,0,0,0,0,0,0
1.17116335157668,0,0,-0.378166083568733,0,0,0,0,0
0.906619269094285,0,0,-0.140500142053632,0,0,0,0,0
0,-0.29631877307256,0,0.400071767912335,0.381727708577309,0.216527172424409,0.400537166927494,0,0
0,1.00703172527543,0,1.05897577497195,-1.6061376529613,-1.80009920625354,1.06606407991929,0,0
