EGFR,PI3K_AKT,mTOR,MEK_ERK,PKC,TGFb-SMAD,STAT3,DPD_NC,DPD_LB
0,0.0620365503879189,0.0848192280533952,1,0.0620365503879189,1,0,0,0
1,0,0.940490714789797,1,0,0.984283432618598,1,0,0
0,0.999999999999999,0,0,0.999999999999999,0,0,0,0
0,0,0,0,0,0,0,0,0
0.999999999999999,0.999999999999999,0,0,0,0,0,0,0
1,0,0.705636237238254,0.294363762761745,0,0,0,0,0
0.999999999999999,0,0,0.999999999999999,0,0,0,0,0
0,0,0.526610881841312,0.999999999999999,0,0.473389118158687,0,0,0
0,0.00935580464656921,1,1,0.00935580464656921,1,1,0,0
