EGFR,PI3K_AKT,mTOR,MEK_ERK,PKC,TGFb-SMAD,STAT3,DPD_NC,DPD_LB
0,1,1,1,1,1,0,0,0
1,0,0,1,0,1,0,0,0
0.0920518020609351,1,0,1,1,0.0920518020609351,0,0,0
0.999999999999999,0,0.53204641675326,0,0,0.999999999999999,0.115584906956621,0,0
1,0,0,0,0,0,0,0,0
0,0,0,0,0,0,0,0,0
0,0,0,0,0,0,0,0,0
0,1,1,0,1,1,0,0,0
0,0.999999999999999,0.999999999999999,0.999999999999999,0.999999999999999,0.999999999999999,0,0,0
