EGFR,PI3K_AKT,mTOR,MEK_ERK,PKC,TGFb-SMAD,STAT3,DPD_NC,DPD_LB
0,1,0.0562245445499479,1,1,0.948451054020449,0.0562245445499479,0,0
1,0,1,1,1,1,1,0,0
0.285586784516726,0.999999999999999,0,0.998675413761435,0.999999999999999,0,0.36569200928659,0,0
0.999999999999999,0.323907851334564,0.234917299513183,0,0.234917299513183,0.869268137349135,0.999999999999999,0,0
0.999999999999999,0,0.999999999999999,0,0,0,0,0,0
0,0,0,0.999999999999999,0,0,0,0,0
1,0,0,1,0,0,0,0,0
0,1,1,1,1,0.566704181136891,1,0,0
0,0.999999999999999,0.999999999999999,0.999999999999999,0.999999999999999,0.626848887098627,0.999999999999999,0,0
