EGFR,PI3K_AKT,mTOR,MEK_ERK,PKC,TGFb-SMAD,STAT3,DPD_NC,DPD_LB
0,0.51968482212785,0,0.51312274454385,0.520669639918885,0.520142419972271,0,0,0
0.456152367610199,0,0.458302351362456,0.457437168892375,0,0.459319700981409,0.459702140290997,0,0
0.171305049855949,0.177048011433865,0,0.18017493071097,0.174512426389647,0,0,0,0
0.46350280930668,0.462784775805664,0.464998616829734,0,0.0616245244523565,0.460427308034344,0.463399722712172,0,0
0.033331963841273,0,0,0,0,0,0,0,0
0.298630001682604,0,0,0.299878735836867,0,0,0,0,0
0.2145908766018,0,0,0.212670648922929,0,0,0,0,0
0,0.0679428227896974,0.0765854841411654,0.0744672828182831,0.109904311085405,0.228054131226428,0.246449044156857,0,0
0,2.48652557564087,4.82095590962193,3.25946577212706,6.83147300456936,6.4161367326405,18.0590054522947,0,0
