EGFR,PI3K_AKT,mTOR,MEK_ERK,PKC,TGFb-SMAD,STAT3,DPD_NC,DPD_LB
0,0.460378315770406,0.465432417787033,0.464243528657692,0.462516155596974,0.453348663423342,0,0,0
0.435103235314937,0,0.438699747807863,0.436364477697518,0.436178784589037,0.434072692596493,0.444321898201692,0,0
0,0.4107499488064,0,0.437089557748512,0.339918582766325,0.404594519333571,0,0,0
0.646899947941598,0,0,0,0,0.641728875536058,0.639913589168808,0,0
0,0,0,0,0,0,0,0,0
0.173184155071109,0,0,0.173497749558133,0,0,0,0,0
0.22568091276623,0,0,0.221690629564,0,0,0,0,0
0,0,0,0,0,0.397416466486324,0.435538630368073,0,0
0,0.770765481361103,0.00884263819290738,0.762808392238862,0,0.765564698538281,0.763426192198914,0,0
