EGFR,PI3K_AKT,mTOR,MEK_ERK,PKC,TGFb-SMAD,STAT3,DPD_NC,DPD_LB
0,0.298988146667305,-0.0034599416336622,0.431061672793645,-0.621666995265822,-0.377642955548428,0.00518136820050488,0,0
1.10980689663228,0,0.296072153146738,0.284905253238348,1.37219879566224,-0.413802227950792,-1.14166222243275,0,0
-0.28322132376347,0.659304605717663,0,-0.40879199971521,0.167798350201042,0,0.511016550959942,0,0
0.955259125841454,0.0624336351923568,-0.0385986135532766,0,-0.0285705857960325,0.710720756823406,0.695344704553843,0,0
1.33638691245267,0,0.324855750841145,0,0,0,0,0,0
0,0,0,0.20243209674318,0,0,0,0,0
-1.10208007821341,0,0,0.898560404502297,0,0,0,0,0
0,0.0697950590049429,0.106735770401152,0.307668335437647,-0.461070811928777,0.886629180652247,-0.232279309296982,0,0
0,5.75585472136008,-4.33946540341998,-8.33642927962858,-3.68921576806373,-7.3658231140931,20.1593561380767,0,0
