EGFR,PI3K_AKT,mTOR,MEK_ERK,PKC,TGFb-SMAD,STAT3,DPD_NC,DPD_LB
0,0.325532842158034,-0.152821787600919,1.29055894868246,-0.866109191553517,-1.01419527309873,0,0,0
0.684762148797856,0,0.340630725440953,0.51968416020044,1.25063235419137,1.44268979342829,-0.428977374929899,0,0
0,0.517006120112911,0,-1.5961500833133,0.18383890341652,-0.892556984145971,0,0,0
0.308299125101718,0,0,0,0,0.430320076742627,0.0812873900500115,0,0
0,0,0,0,0,0,0,0,0
-0.57357599453266,0,0,1.73471871380975,0,0,0,0,0
-0.404264319359902,0,0,0.995265914533001,0,0,0,0,0
0,0,0,0,0,0.164992456027405,0.753451950786481,0,0
0,1.56280839905524,0.00017383498072045,2.60812956634749,0,0.410939722017787,1.10680941556193,0,0
