EGFR,PI3K_AKT,mTOR,MEK_ERK,PKC,TGFb-SMAD,STAT3,DPD_NC,DPD_LB
0,0.275160879465667,0,0.540537627724909,-0.525008466316414,0.21633262941709,0,0,0
0.927063801284861,0,0.194155795468524,-0.203537468270722,0,-2.54777090553756,-1.03469846375763,0,0
0.0226454377786152,-0.0333306984548191,0,0.033178304901496,1.05586594010084,0,0,0,0
0.527541449453263,0.186423113196511,0.0475014432048514,0,0.00351544177817588,-0.803290799281283,0.0447402168402127,0,0
0.70443261416657,0,0,0,0,0,0,0,0
0.484368045453229,0,0,-0.436269282669032,0,0,0,0,0
-0.807431634895094,0,0,0.84614473326702,0,0,0,0,0
0,0.00846704793358646,-0.0101626538735178,-0.00976422019008089,-0.0156296480114309,0.781170549912962,0.0370048343992933,0,0
0,-2.95185332402428,9.44474787485761,21.2072843061931,8.17906199170254,7.68053101080334,-33.1367914224892,0,0
