EGFR,PI3K_AKT,mTOR,MEK_ERK,PKC,TGFb-SMAD,STAT3,DPD_NC,DPD_LB
0,0.999999999999999,0.999999999999999,0.999999999999999,0.999999999999999,0.999999999999999,0,0,0
1,0,1,1,1,1,1,0,0
0,0.999999999999999,0,0.999999999999999,0.438024625303467,0.999999999999999,0,0,0
1,0,0,0,0,1,1,0,0
0,0,0,0,0,0,0,0,0
1,0,0,1,0,0,0,0,0
1,0,0,1,0,0,0,0,0
0,0,0,0,0,0.529058267084421,1,0,0
0,1,0.000386444578767536,1,0,1,1,0,0
