EGFR,PI3K_AKT,mTOR,MEK_ERK,PKC,TGFb-SMAD,STAT3,DPD_NC,DPD_LB
0,2.22044604925031e-16,0.230354824434173,2.22044604925031e-16,2.22044604925031e-16,0.221114567923392,0.230354824434173,0,0
2.22044604925031e-16,0,2.22044604925031e-16,2.22044604925031e-16,2.22044604925031e-16,2.22044604925031e-16,2.22044604925031e-16,0,0
0.451693450280301,1.4432899320127e-15,0,0.0363707534959147,1.4432899320127e-15,0,0.481623674283695,0,0
5.55111512312578e-16,0.467965335445255,0.423947121587842,0,0.423947121587842,0.337106871390513,5.55111512312578e-16,0,0
9.99200722162641e-16,0,9.99200722162641e-16,0,0,0,0,0,0
0,0,0,1.22124532708767e-15,0,0,0,0,0
2.22044604925031e-16,0,0,2.22044604925031e-16,0,0,0,0,0
0,4.44089209850063e-16,4.44089209850063e-16,4.44089209850063e-16,4.44089209850063e-16,0.495530576472186,4.44089209850063e-16,0,0
0,5.55111512312578e-16,5.55111512312578e-16,5.55111512312578e-16,5.55111512312578e-16,0.483641768090639,5.55111512312578e-16,0,0
