EGFR,PI3K_AKT,mTOR,MEK_ERK,PKC,TGFb-SMAD,STAT3,DPD_NC,DPD_LB
0,0.545908629312691,0.0795433362599851,0.540063041915902,0.549768231391712,0.543491814012883,0.0771749855549383,0,0
0.422323157016716,0,0.42816135335015,0.424203960716451,0.424125051289206,0.42566258155632,0.425419062748527,0,0
0.493815917353842,0.412284926763667,0,0.546377628246476,0.556212839051369,0,0.7137742222278,0,0
0.508978919737947,0.216193196832212,0.185011699048203,0,0.18346697950413,0.568857035680296,0.528527078706734,0,0
0.27359163256161,0,0.278607787693422,0,0,0,0,0,0
0,0,0,0.0555709555160864,0,0,0,0,0
0.171045084075329,0,0,0.171197450554026,0,0,0,0,0
0,0.430940163849949,0.427770079436323,0.445951801328443,0.42938533112718,0.843020437381828,0.4424164034807,0,0
0,0.476310033684065,0.37200315043632,0.943600496107707,0.399228708419614,5.69054759187619,0.920400720998847,0,0
