EGFR,PI3K_AKT,mTOR,MEK_ERK,PKC,TGFb-SMAD,STAT3,DPD_NC,DPD_LB
0,2.72155033643583e-05,0.158389963814707,-0.723021139667552,-0.110585187692301,0.474271279240939,0,0,0
1.39512992760493,0,1.03816030793069,1.60738895076247,-1.82367269019159,-1.97145281639462,-4.15633080310114,0,0
0,0.548089289418342,0,0.851095872248793,1.02392145797502,0,0,0,0
0.193893483061988,0,0.109531530458792,0,0,0.356854089416608,0.00734595676802452,0,0
-0.973686164903034,0.458876448897057,0.292953112403195,0,0,0,0,0,0
0,0,0,0,0,0,0,0,0
0.639821171957345,0,0,0.725931787691776,0,0,0,0,0
0,0,-0.231639414731244,0,0.558842602159365,0.769262492409881,0.565487068950411,0,0
0,-1.80647579388803,3.07327200790727,4.03771947336922,0,1.13875894771644,-8.00507074898558,0,0
