EGFR,PI3K_AKT,mTOR,MEK_ERK,PKC,TGFb-SMAD,STAT3,DPD_NC,DPD_LB
0,0.999999999999999,0.999999999999999,0.999999999999999,0.999999999999999,0.999999999999999,0,0,0
0,0,0,0,0,0,0,0,0
0,0.999999999999999,0,0.999999999999999,0.100239999183733,0,0,0,0
0.999999999999999,0.988298027099975,0,0,0,0.999999999999999,0.999999999999999,0,0
1,0,0,0,0,0,0,0,0
1,0,0,1,0,0,1,0,0
1,0,0,1,0,1,0,0,0
0,0.948392346616537,1,1,1,0.988494285069911,1,0,0
0,1,1,1,1,1,1,0,0
