EGFR,PI3K_AKT,mTOR,MEK_ERK,PKC,TGFb-SMAD,STAT3,DPD_NC,DPD_LB
0,0,0,0.0887848937242723,0,0,0,0,0
0.476084089197236,0,0.453822861923591,0.51854350234806,0,0.500338324938093,0.445844042029888,0,0
0,0.311608468941779,0,0.309856998181786,0.310140069104075,0,0,0,0
0.19058832387024,0.163228149695605,0.0334509594784783,0,0,0.0318754384679071,0.0949640631981312,0,0
0,0.0388607533553748,0,0,0,0,0,0,0
0.540415069872169,0,0,0.539179946442009,0,0,0.540876183891962,0,0
0.390631344590363,0.147913355847349,0,0.268392787718977,0,0,0,0,0
0,0.42687792205888,0.426006455310519,0.428128167895598,0.42834158190048,0.429770484216681,0.42773193185208,0,0
0,0.484154694812232,0.492348585706728,0.419587604222997,0.486554340778251,0.417427316654355,0.432679401054644,0,0
