EGFR,PI3K_AKT,mTOR,MEK_ERK,PKC,TGFb-SMAD,STAT3,DPD_NC,DPD_LB
0,4.44089209850063e-16,4.44089209850063e-16,4.44089209850063e-16,4.44089209850063e-16,4.44089209850063e-16,0,0,0
0.11311405456723,0,2.22044604925031e-16,0.199835921743903,0,2.22044604925031e-16,2.22044604925031e-16,0,0
0,4.44089209850063e-16,0,0.423581644401053,4.44089209850063e-16,0.0428272892681134,0.426130983496221,0,0
0.0140588507769713,2.22044604925031e-16,0.289501599404771,0,0.128749766566317,0.289501599404771,0.311887667066803,0,0
0,0,0,9.9920072216264e-16,0,0,0,0,0
5.55111512312578e-16,0,0,0,0,0,0,0,0
6.66133814775094e-16,0,0,0.317166646327694,0,0.317166646327693,0,0,0
0,1.11022302462516e-15,0.467958162528624,0.431550081563264,1.11022302462516e-15,0.473389608069515,1.11022302462516e-15,0,0
0,4.44089209850063e-16,4.44089209850063e-16,4.44089209850063e-16,4.44089209850063e-16,4.44089209850063e-16,4.44089209850063e-16,0,0
