EGFR,PI3K_AKT,mTOR,MEK_ERK,PKC,TGFb-SMAD,STAT3,DPD_NC,DPD_LB
0,0.597798219346323,0,0.599883729973882,0.607086595768468,0.600960779951221,0,0,0
0.584420980760844,0,0.0379126877284831,0.584291662649816,0.00320112424369912,0.583363954809909,0.580569683990652,0,0
0,0.268211106043825,0,0,0.263674099349404,0,0,0,0
0.564759821405597,0.567596185719961,0,0,0,0.561870454168196,0.566240881756587,0,0
0.0233351070402906,0,0,0,0,0,0,0,0
0,0,0,0,0,0,0.0513644998829648,0,0
0.261614825364427,0.261101394764786,0,0.0460279282431767,0,0,0,0,0
0,0.608467771692969,0.616187555141172,0.608295646767442,0,0.619110046472789,0.610903592301395,0,0
0,0.691959808654569,0,0.694425364874153,0.69314454627505,0,0.684376933839181,0,0
