EGFR,PI3K_AKT,mTOR,MEK_ERK,PKC,TGFb-SMAD,STAT3,DPD_NC,DPD_LB
0,3.33066907387547e-16,3.33066907387547e-16,3.33066907387547e-16,3.33066907387547e-16,3.33066907387547e-16,0,0,0
1.33226762955019e-15,0,1.33226762955019e-15,1.33226762955019e-15,0,1.33226762955019e-15,1.33226762955019e-15,0,0
0,0,0,8.88178419700125e-16,8.88178419700125e-16,0,0,0,0
0,0,0,0,0,0,0,0,0
1.11022302462516e-15,0,0,0,0,0,0,0,0
0,0,0,0,3.33066907387547e-16,0,3.33066907387547e-16,0,0
0,0,0,0,0.468981791153866,3.33066907387547e-16,0,0,0
0,0,0,0,0.423571309196037,1.4432899320127e-15,0.423571309196037,0,0
0,6.66133814775094e-16,6.66133814775094e-16,6.66133814775094e-16,6.66133814775094e-16,6.66133814775094e-16,0.0339548190120046,0,0
