EGFR,PI3K_AKT,mTOR,MEK_ERK,PKC,TGFb-SMAD,STAT3,DPD_NC,DPD_LB
0,0.529145844607382,0.52705826047775,0.529858673606185,0.531188528580314,0.528805733152927,0,0,0
0.52399656957604,0,0.511375593839534,0.51413695642385,0,0.517272340047869,0.51434342857256,0,0
0,0.568424818502605,0,0.398797175490331,0.471015361816583,0.0365425650978813,0.334385353012035,0,0
0.00183131200899507,0.207022729747794,0.100590323596944,0,0.0587375962958555,0.136794793640458,0.152308430108934,0,0
0,0,0,0.0310871476590448,0,0,0,0,0
0.0325196053683245,0,0,0,0,0,0,0,0
0.567247121165861,0,0,0.0700504979442125,0,0.588460342468918,0,0,0
0,0.472565491905986,0.430401044111643,0.185825015522109,0.48175143424637,0.539399937562287,0.574723628319793,0,0
0,0.415714265777109,0.425598795583476,0.420991237972,0.415521663083823,0.423173281844594,0.419080531047796,0,0
