EGFR,PI3K_AKT,mTOR,MEK_ERK,PKC,TGFb-SMAD,STAT3,DPD_NC,DPD_LB
0,-0.154572073993051,-0.129185106090599,1.0442353963744,0.0576751080648708,-0.301668075111785,0,0,0
1.33205341044774,0,-0.979281161381754,-1.51181378936987,0.00511115062811289,2.07438947004013,0.40054178966458,0,0
0,-0.382146152427831,0,0.470523479999671,0.694525851884968,0,0,0,0
0.080807933847586,0,0,0,0,1.1498322628631,-0.143603146576145,0,0
0,0.491602734648267,0,0,0,0,0,0,0
0,0,0,0,0,0,0.687891636317145,0,0
0,0,0,0,0,1.21357946182127,0,0,0
0,-0.283796063430412,-0.401700121246862,-3.84313966894612e-05,-0.0465325274759266,0.204426809110384,0.72226158261281,0,0
0,-0.125444839080617,-0.340831500291767,0.265853807499976,0.291623763385391,0.00144669478504461,0.00106980600228579,0,0
