EGFR,PI3K_AKT,mTOR,MEK_ERK,PKC,TGFb-SMAD,STAT3,DPD_NC,DPD_LB
0,0,0,0.873589625296519,0,0,0,0,0
0.968118256238586,0,0.272814185410072,-0.929220160020579,0,-0.454192535571224,1.4654884638328,0,0
0.783441043143777,0,0,0,0.985718005197435,0,0,0,0
-0.0121812815014675,0.0532114043896802,0.0119887937678363,0,0,-0.28929290530336,0.800726487249281,0,0
-0.0847300277694261,0.5224596757064,0,0,0,0,0,0,0
0,0,0,0,0,0,0.98832694963884,0,0
0,0,0,0,0,0.86347947878122,0,0,0
0,0.000528858564116135,0.370095374382067,0,-0.414010192383337,0.0444013196284672,1.36252184375947,0,0
0,1.44622902143996,-0.750108778312177,0,-1.29219073817542,-2.07303942481136,-0.198775047009067,0,0
