EGFR,PI3K_AKT,mTOR,MEK_ERK,PKC,TGFb-SMAD,STAT3,DPD_NC,DPD_LB
0,0,0,0.622322884348249,0,0,0,0,0
-0.131946212086629,0,-0.373092315238931,-0.0496286831018419,0,0.492704319692034,1.49666956683085,0,0
0,0.981909055424695,0,-0.666526311883965,-0.698063033588713,0,0,0,0
1.35682201613332,0.0493265475686577,-0.00144542635005129,0,0,0.00134453996685899,-0.0144394122711956,0,0
0,1.13313746909575,0,0,0,0,0,0,0
-0.137901465405283,0,0,0.268958123604574,0,0,0.902975296305379,0,0
-0.21035804142921,0.63290594172273,0,0.131946626383681,0,0,0,0,0
0,1.09118343402367,-1.37746019775889,-0.77998012503801,-0.939260745798842,0.933181897562014,0.560506345402958,0,0
0,-2.2178217112057,-0.395091282793573,0.32204712972981,2.50336193161897,1.54641022434378,-3.48725929363678,0,0
