EGFR,PI3K_AKT,mTOR,MEK_ERK,PKC,TGFb-SMAD,STAT3,DPD_NC,DPD_LB
0,0.513684795800489,0.509422725901161,0.517239365165674,0.51251100947702,0.512823372936011,0,0,0
0,0,0,0,0,0,0,0,0
0,0.312161537741046,0,0.312724213807964,0.0812477107294584,0,0,0,0
0.564487068057263,0.562636741446775,0,0,0,0.557622853409265,0.55914400955775,0,0
0.0431157787938027,0,0,0,0,0,0,0,0
0.448389762998644,0,0,0.447384685441649,0,0,0.442867869394882,0,0
0.386885244971907,0,0,0.391143137310922,0,0.385101463999514,0,0,0
0,0.525132067254936,0.532540289708562,0.535120910230631,0.538430964609033,0.530541444712956,0.532962941130933,0,0
0,0.42698198614313,0.427628909902453,0.424788714927332,0.426034641044973,0.422012839885219,0.423949483617749,0,0
