EGFR,PI3K_AKT,mTOR,MEK_ERK,PKC,TGFb-SMAD,STAT3,DPD_NC,DPD_LB
0,0,0,4.44089209850063e-16,0,0,0,0,0
4.44089209850063e-16,0,4.44089209850063e-16,4.44089209850063e-16,0,4.44089209850063e-16,4.44089209850063e-16,0,0
1.33226762955019e-15,0,0,0,1.33226762955019e-15,0,0,0,0
0.388277788758025,0.416652841307966,0.388277788758025,0,0,0.192737093976765,0.177549624157083,0,0
0.493661106036659,4.44089209850063e-16,0,0,0,0,0,0,0
0,0,0,0,0,0,4.44089209850063e-16,0,0
0,0,0,0,0,4.44089209850063e-16,0,0,0
0,0.0539156755994555,1.11022302462516e-16,0,1.11022302462516e-16,0.337587306060717,1.11022302462516e-16,0,0
0,8.88178419700125e-16,8.88178419700125e-16,0,8.88178419700125e-16,8.88178419700125e-16,8.88178419700125e-16,0,0
