EGFR,PI3K_AKT,mTOR,MEK_ERK,PKC,TGFb-SMAD,STAT3,DPD_NC,DPD_LB
0,0.150442219119095,-0.338871355075522,0.831336542030167,-0.16750929507595,0.110089452947461,0,0,0
-0.240124615348219,0,-0.42041747045459,-0.297614345216688,0,-0.297378692957134,0.977294125464898,0,0
0,0.675701190525557,0,0.34349014421014,0,0,-1.34128577873829,0,0
0.00351527588469104,0,0.00882238752097224,0,0,0.926189016149564,0.00673258921940791,0,0
0.20841359090612,0.793508930605018,0,0,0,0,0,0,0
-0.158161573980032,0,0,0.209480495167358,0,0,0,0,0
0,0,0,0.40142226242264,0,0,0,0,0
0,0,-0.636769823563589,0,0.438851599240717,1.37599037102565,0,0,0
0,0,-3.34105553761916,0,1.13055964295524,1.7953479908918,1.17953392980937,0,0
