EGFR,PI3K_AKT,mTOR,MEK_ERK,PKC,TGFb-SMAD,STAT3,DPD_NC,DPD_LB
0,0.318554597653577,0.470555623166184,0.463567317219822,0.465248209068845,0.48556383530509,0,0,0
0.462261272898333,0,0.466904510316673,0.461569647607015,0,0.465559210140804,0.460553310906298,0,0
0,0.58200242971268,0,0.578963199164727,0,0,0.574308476459611,0,0
0.0368370058557611,0,0.0586358411459986,0,0,0.240779754577202,0.0547169892473084,0,0
0.27019521972004,0.272026192050134,0,0,0,0,0,0,0
0.257601321962016,0,0,0.305737366231141,0,0,0,0,0
0,0,0,0.0659596623451367,0,0,0,0,0
0,0,0.796996482164194,0,0.795309904184175,0.791625707208376,0,0,0
0,0,0.571784074944172,0,0.577785402035371,0.567969387075419,0.567107607386846,0,0
