EGFR,PI3K_AKT,mTOR,MEK_ERK,PKC,TGFb-SMAD,STAT3,DPD_NC,DPD_LB
0,1.02881834135307,0.843347469728328,0.338505056079122,-0.512775530554349,-0.706315598642488,0,0,0
0,0,0,0,0,0,0,0,0
0,1.46865167432683,0,0.230138042685885,0.0164635956881129,0,0,0,0
1.12193545868813,0.411502626167776,0,0,0,-0.246624167233007,-0.332290167728132,0,0
1.09152355390921,0,0,0,0,0,0,0,0
-0.646475950834448,0,0,0.325736338430335,0,0,1.08661883565653,0,0
0.60830400884916,0,0,-0.301214242836389,0,0.776594315022251,0,0,0
0,0.304995021998674,0.333816474422347,-0.281950361769946,0.443114219819564,0.204259972424007,0.200877934689344,0,0
0,6.01389938837927,-1.4980186707827,1.40583110529504,-3.02341930010424,-0.193633839480892,0.716895863861256,0,0
