EGFR,PI3K_AKT,mTOR,MEK_ERK,PKC,TGFb-SMAD,STAT3,DPD_NC,DPD_LB
0,0.492778805236888,0.0225493120234817,0.520503046424511,0.522045559185543,0.568979267395455,0,0,0
0.429012709696905,0,0.247265891785221,0.440224507567584,0.354475046492421,0.410792256832056,0.272854920984886,0,0
0.196882630518624,0.07388633458914,0,0.500886107875629,0.435475603096648,0.482986810126256,0,0,0
0.467199742177838,0.434681804201428,0.297726361905898,0,0.190345351822874,0.272260632523952,0.279399726333842,0,0
0.631799707892673,0.423825285454499,0,0.573640392245408,0,0,0,0,0
0.325802502280925,0.173289064697352,0.314027135592592,0.30195155124827,0,0,0.314778073477857,0,0
0.581144547255233,0.334080430997545,0,0.516536232828783,0,0,0,0,0
0,0,0,0,0,0.212351570196259,0,0,0
0,0.416790263512896,0.429351422115587,0.409061300906163,0.336472992081139,0.49114147716322,0.522763071486914,0,0
