EGFR,PI3K_AKT,mTOR,MEK_ERK,PKC,TGFb-SMAD,STAT3,DPD_NC,DPD_LB
0,8.88178419700125e-16,8.88178419700125e-16,8.88178419700125e-16,8.88178419700125e-16,8.88178419700125e-16,0,0,0
0,0,0,0,0,0,0,0,0
0,5.55111512312578e-16,0,5.55111512312578e-16,0.300319732530811,0,0,0,0
5.55111512312578e-16,0.107540860747305,0,0,0,5.55111512312578e-16,5.55111512312578e-16,0,0
8.88178419700126e-16,0,0,0,0,0,0,0,0
4.44089209850063e-16,0,0,4.44089209850063e-16,0,0,4.44089209850063e-16,0,0
4.44089209850063e-16,0,0,4.44089209850063e-16,0,4.44089209850063e-16,0,0,0
0,0.221233594862344,8.88178419700126e-16,8.88178419700126e-16,8.88178419700126e-16,0.106645831864341,8.88178419700126e-16,0,0
0,2.22044604925031e-16,2.22044604925031e-16,2.22044604925031e-16,2.22044604925031e-16,2.22044604925031e-16,2.22044604925031e-16,0,0
