EGFR,PI3K_AKT,mTOR,MEK_ERK,PKC,TGFb-SMAD,STAT3,DPD_NC,DPD_LB
0,0,0,0.097657918314,0,0,0,0,0
0.456857553635197,0,0.454470493582528,0.456884159864044,0,0.456824771121723,0.456428373652986,0,0
0.355500440522758,0,0,0,0.355819091236163,0,0,0,0
0.142682686999177,0.177445116455715,0.140046969490465,0,0,0.495118205972222,0.510178178812429,0,0
0.178082857644886,0.156500362924327,0,0,0,0,0,0,0
0,0,0,0,0,0,0.0426043163741537,0,0
0,0,0,0,0,0.0398488327331298,0,0,0
0,0.0125656275995799,0.689197599166031,0,0.689872079448297,0.181352076794774,0.700234260514247,0,0
0,0.465120468217282,0.466216589224574,0,0.475682425911223,0.468862616506857,0.466705142213157,0,0
