EGFR,PI3K_AKT,mTOR,MEK_ERK,PKC,TGFb-SMAD,STAT3,DPD_NC,DPD_LB
0,0.295300050273476,-0.000705728838566752,0.660868956090996,-0.150731465032107,0.280933635930526,0,0,0
0.827670584117607,0,0.0888390785075422,-0.475453982237166,0.317674424370531,-0.554142429434587,-0.0956963057243853,0,0
0.0421568621295448,0.000775655661285214,0,0.314657830259465,0.402882173373535,-0.961324846869298,0,0,0
0.816133282087396,-0.26941131510739,0.0961764112924475,0,0.0538767411758774,0.00241661447803502,0.0163251893079066,0,0
0.73668257090734,0.342697390722854,0,-0.333871980875644,0,0,0,0,0
0.0498328065419795,-0.026054534637812,-0.396501731286046,-0.0461310044254727,0,0,1.59064129246042,0,0
-0.351544050709201,0.166116462094347,0,0.664468466564061,0,0,0,0,0
0,0,0,0,0,0.323374155449184,0,0,0
0,0.555907321300419,-0.188104665076955,0.418480326091851,-0.117718376372014,-1.26625080977649,-0.31491402333577,0,0
