EGFR,PI3K_AKT,mTOR,MEK_ERK,PKC,TGFb-SMAD,STAT3,DPD_NC,DPD_LB
0,1,1,1,1,0.599269520023745,0,0,0
1,0,1,1,0.0122216306362057,1,0.98879267034235,0,0
0,1,0,1,1,0,0,0,0
0.362330892425383,0,0,0,0,1,1,0,0
0,1,0,0,0,0,0,0,0
0,0,0,0,0,0,1,0,0
0,0,0,0,0,0.999999999999999,0,0,0
0,1,1,0.515201576046453,0.515201576046453,0.725171899717829,0.955106466963746,0,0
0,0.0735313233568326,0.0735313233568326,0.0735313233568326,0.0735313233568326,0.00304312994541295,0.00183070034797647,0,0
