EGFR,PI3K_AKT,mTOR,MEK_ERK,PKC,TGFb-SMAD,STAT3,DPD_NC,DPD_LB
0,1,1,1,1,1,0,0,0
0.987037175849402,0,1,0.95832914415381,0,1,1,0,0
0,1,0,0.765666314248721,1,0.0018375533082152,0.238442387026217,0,0
0.000197690366650213,1,0.092337365040553,0,0.0168607885825052,0.092337365040553,0.109198153623058,0,0
0,0,0,0.999999999999999,0,0,0,0,0
0.999999999999999,0,0,0,0,0,0,0,0
1,0,0,0.113470158387164,0,0.886529841612836,0,0,0
0,0.999999999999999,0.676111209532026,0.247483610229474,0.999999999999999,0.660941849659405,0.999999999999999,0,0
0,1,1,1,1,1,1,0,0
