EGFR,PI3K_AKT,mTOR,MEK_ERK,PKC,TGFb-SMAD,STAT3,DPD_NC,DPD_LB
0,0,6.66133814775094e-16,6.66133814775094e-16,6.66133814775094e-16,0,0,0,0
2.22044604925031e-16,0,2.22044604925031e-16,2.22044604925031e-16,0,0.407583274621556,2.22044604925031e-16,0,0
0,0,0,2.22044604925031e-16,0,2.22044604925031e-16,0,0,0
1.22124532708767e-15,0.33761893180869,0,0,0,0.33761893180869,1.22124532708767e-15,0,0
1.11022302462516e-15,0,0,0,0,1.11022302462516e-15,0,0,0
0,0,0,0,0,0,0,0,0
2.22044604925031e-16,0,0,2.22044604925031e-16,0,0,0,0,0
0,0.381235182603633,0,0.381235182603633,0,0.381235182603633,0,0,0
0,0,0.487544128520361,0,3.33066907387547e-16,3.33066907387547e-16,3.33066907387547e-16,0,0
