EGFR,PI3K_AKT,mTOR,MEK_ERK,PKC,TGFb-SMAD,STAT3,DPD_NC,DPD_LB
0,0,0.406436804689373,0,0.402313082125482,0.542179484951564,0,0,0
0.464319423787238,0,0.46809270650407,0.476127063123282,0,0.46284277741036,0.469459880322951,0,0
0,0,0,0.361036048370135,0,0.363065278091601,0,0,0
0.645537631248642,0.00439698179598749,0,0,0,0.642927497034229,0.641906718476234,0,0
0.0568501934435329,0,0,0,0,0,0,0,0
0,0,0,0,0,0,0.0505187012232715,0,0
0,0,0,0,0,0.0454899342146106,0,0,0
0,0,0,0.651609801525552,0,0.690037429546895,0.728254101982121,0,0
0,0,0.494716807228308,0.534555516292382,0.492428064020634,1.07686830307471,1.08766999263082,0,0
