EGFR,PI3K_AKT,mTOR,MEK_ERK,PKC,TGFb-SMAD,STAT3,DPD_NC,DPD_LB
0,0,0,0.999999999999999,0,0,0,0,0
1,0,0.706266133141672,1,0,0.706266133141672,1,0,0
0,1,0,1,1,0,0,0,0
1,0.122549427749983,0.0214584014598304,0,0,0.0214584014598304,0.101091026290153,0,0
0,1,0,0,0,0,0,0,0
1,0,0,1,0,0,1,0,0
0.250043021005675,0.999999999999999,0,0.250043021005675,0,0,0,0,0
0,0.999999999999999,0.999999999999999,0.999999999999999,0.999999999999999,0.999999999999999,0.999999999999999,0,0
0,1,0.512384414063728,0.565162846639962,1,1,1,0,0
