EGFR,PI3K_AKT,mTOR,MEK_ERK,PKC,TGFb-SMAD,STAT3,DPD_NC,DPD_LB
0,0.459176556998467,0.45892839885013,0.455251018889052,0.45580292976609,0.459588159641933,0,0,0
0.462888255110734,0,0.465679096757344,0,0,0.461930841612473,0.464056028042869,0,0
0,0,0,0.346366334539723,0.344065867076406,0,0,0,0
0.560528233220775,0.204424765347847,0.191840278565451,0,0,0.480634270243388,0.0374166021482686,0,0
0,0,0,0,0,0.0481503709482368,0,0,0
0.21844037043776,0,0,0.222331501902389,0,0,0,0,0
0.230397312817388,0,0,0.232693253408019,0,0,0,0,0
0,0.00958584251815783,0.692935957182582,0.692899673395247,0,0.0192136434555519,0,0,0
0,0,0.502332464929112,0,0.497438275228937,0.73163704846161,0.79472323778773,0,0
