EGFR,PI3K_AKT,mTOR,MEK_ERK,PKC,TGFb-SMAD,STAT3,DPD_NC,DPD_LB
0,0.00281705561063586,0.581183755019203,0.585820258598238,0.520758651931563,0.628569059548468,0,0,0
0.419568240143751,0,0.412709670670532,0.420065034934171,0.410731574509266,0.412009851098131,0.405483032934988,0,0
0,0.288152745968217,0,0.289993306697368,0.290210887061712,0,0,0,0
0.662600871523459,0,0.639429749654999,0,0,0.643010102902468,0.64873939799388,0,0
0.423627392859094,0.415038220647175,0.411077816062361,0,0,0,0,0,0
0,0,0,0,0,0,0,0,0
0.263107035251868,0,0,0.265877732463841,0,0,0,0,0
0,0,0.704822226158838,0,0.708895723396687,0.759585140164987,0.734446888320422,0,0
0,0.573171485413698,0.57490220704786,0.570253969231173,0,0.568743792800994,0.570224580174712,0,0
