EGFR,PI3K_AKT,mTOR,MEK_ERK,PKC,TGFb-SMAD,STAT3,DPD_NC,DPD_LB
0,-0.227420311844423,-0.293278623182005,0.212386399210383,0.0239069815607165,0.934191107062335,0,0,0
-1.2093899804378,0,0,0.322953319927248,0,0.296098061489813,0.457671260752174,0,0
0,0,0,0,0,0,0,0,0
0.000126847190816521,1.45126524362134,0,0,0,-0.000181711926648949,0.000223886982167298,0,0
0,1.90401760931012,0,0,0,0,0,0,0
0,0,0,0,0,0,0.859245421844075,0,0
0,0,0,0,0,0.978763125401343,0,0,0
0,1.06055825554442,-0.00481405721126457,-0.2670974801512,0.0448811111843876,1.82281130730456,-1.53438013440902,0,0
0,-2.05576925339473,0,0.928083112492928,0.0534208103781148,0.690891651230298,-0.9938053131558,0,0
