EGFR,PI3K_AKT,mTOR,MEK_ERK,PKC,TGFb-SMAD,STAT3,DPD_NC,DPD_LB
0,0.525050030572847,0,0.359371302645506,0.303229131550381,0.365762365847235,0,0,0
0.233960242877088,0,-0.000945374077544632,-0.0189315581122204,-6.07474060739361e-05,-0.0773375176215947,0.34856414003943,0,0
0,0.465527700897565,0,0,0.733022924165211,0,0,0,0
1.12501917129036,-0.498001730016647,0,0,0,-1.05444069913827,0.691318275421804,0,0
0.71925841025291,0,0,0,0,0,0,0,0
0,0,0,0,0,0,0.530524655212307,0,0
-0.630931469671209,2.4546515931167,0,0.00453390091995863,0,0,0,0,0
0,1.77195823073936,0.415025897891107,-0.354466106373223,0,0.86477945981276,-1.21029654588326,0,0
0,1.3415345626166,0,0.530577975988365,-0.512635660816701,0,-0.229810367238544,0,0
