EGFR,PI3K_AKT,mTOR,MEK_ERK,PKC,TGFb-SMAD,STAT3,DPD_NC,DPD_LB
0,0.975310427380464,-0.36453280777856,0.119192073703976,0.00947907328617223,0.630821390802831,0,0,0
0.748941486724039,0,0.466934282477556,-0.18594012282297,0,0.522982744114901,-0.431262458063294,0,0
0,-0.889086406745303,0,0.15336217826636,0.473439841746738,-0.00155550126478894,0.156661489359279,0,0
2.57512330312369e-05,1.76817642892639,0.00170181997395498,0,0.00615981932245015,0.030222583835996,-0.0137792415905925,0,0
0,0,0,0.657994154703096,0,0,0,0,0
0.74806623252889,0,0,0,0,0,0,0,0
-0.408928180734445,0,0,-0.0214011176186466,0,1.36087170192583,0,0,0
0,0.744562834230958,0.29513371558865,0.0167447394244824,0.00133123010857312,0.485675888075181,-0.745200568074132,0,0
0,-0.754573865637306,-0.612896157517419,0.860755737599944,-0.813799153000286,-0.2795624295859,1.33606699355761,0,0
