EGFR,PI3K_AKT,mTOR,MEK_ERK,PKC,TGFb-SMAD,STAT3,DPD_NC,DPD_LB
0,0.846981360692755,0.0107895049027992,0.999999999999999,0.929075047260262,0.929075047260262,0,0,0
1,0,0.323474145991283,1,0.918770187162992,0.98724090490567,0.328504056523685,0,0
0.0559631635717474,0.0559631635717474,0,1,0.948886831636921,0.948886831636921,0,0,0
1,1,0.531027375185805,0,0.209072660007047,0.492942145545366,0.525524734436183,0,0
1,0.636803455996756,0,1,0,0,0,0,0
0.0231533138133778,0.0231533138133778,0.976846686186623,0.0231533138133778,0,0,1,0,0
0.29859474982363,0.29859474982363,0,1,0,0,0,0,0
0,0,0,0,0,1,0,0,0
0,1,1,1,0.64025732878106,1,1,0,0
