EGFR,PI3K_AKT,mTOR,MEK_ERK,PKC,TGFb-SMAD,STAT3,DPD_NC,DPD_LB
0,1,1,1,1,1,0,0,0
1,0,1,1,0.132498082053893,1,1,0,0
0.219659028936346,1,0,0.219659028936346,1,0.16026659516937,0.0606485045143149,0,0
1,1,1,0,0.0380612968908599,1,0.993930601428859,0,0
1,0,0,0,0,0,1,0,0
0.999999999999999,0,0.999999999999999,0,0,0,0,0,0
1,0,0,1,0,1,0,0,0
0,1,1,0,1,1,1,0,0
0,1,1,0,1,0.32637714494933,0.32637714494933,0,0
