EGFR,PI3K_AKT,mTOR,MEK_ERK,PKC,TGFb-SMAD,STAT3,DPD_NC,DPD_LB
0,4.44089209850063e-16,4.44089209850063e-16,4.44089209850063e-16,4.44089209850063e-16,0.490046490033604,0,0,0
1.11022302462516e-15,0,1.11022302462516e-15,1.11022302462516e-15,0.109873847574379,1.11022302462516e-15,0.1052697744825,0,0
0,2.22044604925031e-16,0,2.22044604925031e-16,2.22044604925031e-16,0,0,0,0
0.480673711388098,0,0,0,0,4.44089209850063e-16,4.44089209850063e-16,0,0
0,3.33066907387547e-16,0,0,0,0,0,0,0
0,0,0,0,0,0,6.66133814775094e-16,0,0
0,0,0,0,0,7.77156117237609e-16,0,0,0
0,2.22044604925031e-16,2.22044604925031e-16,0.499768858659384,0.499768858659384,0.446427615160021,0.207070286926388,0,0
0,0.261006643291366,0.261006643291366,0.261006643291366,0.261006643291366,0.0550805710350594,0.0427475014967249,0,0
