EGFR,PI3K_AKT,mTOR,MEK_ERK,PKC,TGFb-SMAD,STAT3,DPD_NC,DPD_LB
0,4.44089209850063e-16,0.499800637313474,4.44089209850063e-16,4.44089209850063e-16,4.44089209850063e-16,0,0,0
1.11022302462516e-15,0,0.328157293561439,1.11022302462516e-15,0.365464138840477,1.11022302462516e-15,0.0374330890625954,0,0
0,4.44089209850063e-16,0,0,4.44089209850063e-16,0,0,0,0
4.44089209850063e-16,4.44089209850063e-16,0.0460107246343106,0,0,0.0460107246343106,0.0460107246343106,0,0
1.33226762955019e-15,1.33226762955019e-15,0,0,0,0,0,0,0
0,0,0,1.11022302462516e-16,0,0,1.11022302462516e-16,0,0
0,0,0,0,0,1.11022302462516e-16,0,0,0
0,0,0,0.365020370842575,0.365020370842575,0.365020370842575,0.365020370842575,0,0
0,0.431453801221915,0.468063182027153,0.481653488325131,2.22044604925031e-16,2.22044604925031e-16,2.22044604925031e-16,0,0
