EGFR,PI3K_AKT,mTOR,MEK_ERK,PKC,TGFb-SMAD,STAT3,DPD_NC,DPD_LB
0,0.468009906879408,0.314675641390494,0.481143214172957,0.487088418238534,0.558710891655106,0,0,0
1.37269798384003,0,0.39782239745801,1.01399332672292,0.459482259982709,0.436255581198117,0.409074530938815,0,0
0,0.204609414796316,0,0,0.203633983813279,0,0,0,0
0.515894518234049,0.51323718053207,0.00786992150062013,0,0,0.00853712000669997,0.00677653736529182,0,0
0.164783161733457,0.165686778806485,0,0,0,0,0,0,0
0,0,0,0.276001770347377,0,0,0.279925881825517,0,0
0,0,0,0,0,0.0495443964710946,0,0,0
0,0.516581054853168,0.491735319226004,0.151185259517033,0.201679184956708,0.431754414957867,0.166375907385692,0,0
0,0.526818791502612,0.233607819330531,0.225859555073393,0.554225756646795,0.565733146252402,0.544084683554603,0,0
