EGFR,PI3K_AKT,mTOR,MEK_ERK,PKC,TGFb-SMAD,STAT3,DPD_NC,DPD_LB
0,3.33066907387547e-16,3.33066907387547e-16,3.33066907387547e-16,3.33066907387547e-16,3.33066907387547e-16,0,0,0
4.44089209850063e-16,0,4.44089209850063e-16,4.44089209850063e-16,0.339031473916409,4.44089209850063e-16,4.44089209850063e-16,0,0
0.414015627655633,3.33066907387547e-16,0,0.414015627655633,3.33066907387547e-16,0.366853122710149,0.238684443176534,0,0
0,0,0,0,0.191344282825084,0,0.0776695627136247,0,0
6.66133814775094e-16,0,0,0,0,0,6.66133814775094e-16,0,0
1.33226762955019e-15,0,1.33226762955019e-15,0,0,0,0,0,0
8.88178419700126e-16,0,0,8.88178419700126e-16,0,8.88178419700126e-16,0,0,0
0,1.11022302462516e-16,1.11022302462516e-16,0,1.11022302462516e-16,1.11022302462516e-16,1.11022302462516e-16,0,0
0,0,0,0,0,0.468887091104089,0.468887091104089,0,0
