EGFR,PI3K_AKT,mTOR,MEK_ERK,PKC,TGFb-SMAD,STAT3,DPD_NC,DPD_LB
0,0,0.310329731361558,0.530343443147486,-0.259954312093295,0,0,0,0
1.44626697658069,0,-0.881133029161639,-1.16967478163797,0,0.0283356994916307,0.8751334147699,0,0
0,0,0,0.757083306285875,0,-1.99347207820844,0,0,0
0.675324242009541,0.037033283287499,0,0,0,0.00807520901725644,0.569659612499721,0,0
1.38717518630747,0,0,0,0,-1.19866941243328,0,0,0
0,0,0,0.31054936895086,0,0,0,0,0
-0.463510993813603,0,0,0.719483350744763,0,0,0,0,0
0,-0.0393575247420184,0,0.049912456354167,0,0.419401422434386,0,0,0
0,0,0.139113318628325,0,0.489669926313269,-1.16077669500521,2.0373088663162,0,0
