EGFR,PI3K_AKT,mTOR,MEK_ERK,PKC,TGFb-SMAD,STAT3,DPD_NC,DPD_LB
0,0.0277106061735559,0.0754368937852233,2.22044604925031e-16,0.464106265681958,2.22044604925031e-16,0,0,0
6.66133814775094e-16,0,6.66133814775094e-16,6.66133814775094e-16,6.66133814775094e-16,6.66133814775094e-16,6.66133814775094e-16,0,0
0,0,0,0,0,0,0,0,0
5.55111512312578e-16,0,5.55111512312578e-16,0,0,5.55111512312578e-16,5.55111512312578e-16,0,0
1.11022302462516e-16,1.11022302462516e-16,1.11022302462516e-16,0,0,0,0,0,0
0,0,0,0,0,0,0,0,0
8.88178419700125e-16,0,0,8.88178419700125e-16,0,0,0,0,0
0,0,1.11022302462516e-15,0,1.11022302462516e-15,0.0829957963892111,0.280016346337908,0,0
0,1.11022302462516e-16,1.11022302462516e-16,1.11022302462516e-16,0,1.11022302462516e-16,1.11022302462516e-16,0,0
