EGFR,PI3K_AKT,mTOR,MEK_ERK,PKC,TGFb-SMAD,STAT3,DPD_NC,DPD_LB
0,1,1,1,1,1,0,0,0
0.999999999999999,0,0.999999999999999,0.999999999999999,0,0.999999999999999,0.999999999999999,0,0
0,0,0,0.999999999999999,0.999999999999999,0,0,0,0
0,0,0,0,0,1,0,0,0
0.999999999999999,0,0,0,0,0,0,0,0
0,0,0,0,1,0,1,0,0
0,0,0,0,0.673366892935507,1,0,0,0
0,0,0,0,0.234317207885126,0.999999999999999,0.234317207885126,0,0
0,1,1,1,1,1,0.998845737944971,0,0
