EGFR,PI3K_AKT,mTOR,MEK_ERK,PKC,TGFb-SMAD,STAT3,DPD_NC,DPD_LB
0,0,0.561573567602483,0.56695380920113,0.553199538539843,0,0,0,0
0.418029298733021,0,0.414874084133593,0.419538684416141,0,0.143940591536307,0.420580777842932,0,0
0,0,0,0.297874569467852,0,0.298042055802794,0,0,0
0.438124751035829,0.153181188197013,0,0,0,0.122641923738003,0.434135393028419,0,0
0.204609579977465,0,0,0,0,0.206675329230102,0,0,0
0,0,0,0.053293836960301,0,0,0,0,0
0.228432173454689,0,0,0.229258185309663,0,0,0,0,0
0,0.136622736238433,0,0.151855118098664,0,0.281127831568492,0,0,0
0,0,0.355474848929418,0,0.557440111750251,0.562686969021387,0.561938655972915,0,0
