EGFR,PI3K_AKT,mTOR,MEK_ERK,PKC,TGFb-SMAD,STAT3,DPD_NC,DPD_LB
0,0,0,1,0,0,0,0,0
1,0,1,1,0,1,1,0,0
0.999999999999999,0,0,0,0.999999999999999,0,0,0,0
0.184975621963666,0.22359375942284,0.184975621963666,0,0,0.961359309655058,0.967414303334503,0,0
0.420635572284161,1,0,0,0,0,0,0,0
0,0,0,0,0,0,1,0,0
0,0,0,0,0,1,0,0,0
0,0.00291539963035037,1,0,1,0.131171027728748,1,0,0
0,0.999999999999999,0.999999999999999,0,0.999999999999999,0.999999999999999,0.999999999999999,0,0
