EGFR,PI3K_AKT,mTOR,MEK_ERK,PKC,TGFb-SMAD,STAT3,DPD_NC,DPD_LB
0,-0.0626792705942069,0.047625415432977,0.633970119314202,0.130868589892604,-0.0727940710690567,0,0,0
1.20647470801487,0,-0.198488036436141,-0.584300513519074,0.610002193022801,-0.982607365748132,-0.709618355816346,0,0
0,1.05128977295576,0,0,-0.288729260876322,0,0,0,0
0.624342469701964,0.504974609676868,-5.70084127926934e-05,0,0,-0.000261979369415663,2.23612220346581e-05,0,0
0.382943598868334,0.983016142500986,0,0,0,0,0,0,0
0,0,0,0.143831115968408,0,0,0.730816208602493,0,0
0,0,0,0,0,0.963227370288055,0,0,0
0,0.757414266212185,-0.301467367650435,-0.0348815978104966,-0.0680787627799178,0.179070619824512,-0.0470597243191445,0,0
0,0.244347889337039,0.0528655655404081,0.00106977317231007,0.378218740785696,-2.66693399800925,0.942788243759371,0,0
