EGFR,PI3K_AKT,mTOR,MEK_ERK,PKC,TGFb-SMAD,STAT3,DPD_NC,DPD_LB
0,0.471009564865828,0.486801646618096,0.45865766004231,0.460735993119205,0.431205358792729,0,0,0
0.414472925343362,0,0.416451828423126,0.426112220667754,0.0509783891481841,0.414811528928037,0.41716831879101,0,0
0,0.276577141579927,0,0.277459959177634,0.275157858529334,0,0,0,0
0.293094011410678,0,0,0,0,0.445437190985936,0.445993676614611,0,0
0,0.0842703126481203,0,0,0,0,0,0,0
0,0,0,0,0,0,0.0601241193918403,0,0
0,0,0,0,0,0.069562255269839,0,0,0
0,0.492832146828739,0.508318629895954,0.311507053667898,0.315332626046416,0.453813587569379,0.531009782919486,0,0
0,0.459153792179278,1.21561854156838,0.950366063170482,1.04124166734212,0.0299398915650558,0.0257779229421213,0,0
