EGFR,PI3K_AKT,mTOR,MEK_ERK,PKC,TGFb-SMAD,STAT3,DPD_NC,DPD_LB
0,0.474315438877921,0.476608357157529,0.471300452655803,0.473332136667245,0.476135239046466,0,0,0
0.539437460493931,0,0.53405643363004,0.540838079279551,0,0.540275697623116,0.535795016440974,0,0
0,0,0,0.324879180375359,0.320709468489294,0,0,0,0
0,0,0,0,0,0.160450295514474,0,0,0
0.0819996840994792,0,0,0,0,0,0,0,0
0,0,0,0,0.29094683356056,0,0.292609025133592,0,0
0,0,0,0,0.389189039341869,0.350190855021419,0,0,0
0,0,0,0,0.256819895772478,0.406072327726932,0.35823772274878,0,0
0,0.454384760510228,0.456754533129206,0.455181878207856,0.459858064644945,0.45499334656029,0.454059347842214,0,0
