EGFR,PI3K_AKT,mTOR,MEK_ERK,PKC,TGFb-SMAD,STAT3,DPD_NC,DPD_LB
0,0.360005465697125,0.103310655243066,6.66133814775094e-16,0.25669944257556,0.25669944257556,0,0,0
1.77635683940025e-15,0,0.467801905582367,1.77635683940025e-15,0.273187719971952,0.112233241896981,0.469669182905552,0,0
0.229850577320983,0.229850577320983,0,8.88178419700126e-16,0.22022854579497,0.22022854579497,0,0,0
0,0,0.49903637341288,0,0.406646385505422,0.499950184208884,0.499348062909993,0,0
3.33066907387547e-16,0.480920798497365,0,3.33066907387547e-16,0,0,0,0,0
0.15039028516775,0.15039028516775,0.15039028516775,0.15039028516775,0,0,4.44089209850063e-16,0,0
0.457641699587564,0.457641699587564,0,0,0,0,0,0,0
0,0,0,0,0,6.66133814775094e-16,0,0,0
0,4.44089209850063e-16,4.44089209850063e-16,4.44089209850063e-16,0.47992487091544,4.44089209850063e-16,4.44089209850063e-16,0,0
