EGFR,PI3K_AKT,mTOR,MEK_ERK,PKC,TGFb-SMAD,STAT3,DPD_NC,DPD_LB
0,0.267924807075294,0.177495315552191,-1.01746045156207,0.281503013473148,0.0122082351197299,0,0,0
1.11843143182539,0,-0.415452453918739,0,0,2.66551984932574,0.206327672453319,0,0
0,0,0,1.07816501692468,0.812029219299559,0,0,0,0
1.2864489929888,0.043071307330609,0.0250278792162106,0,0,-0.124059422561327,0.00550291416781409,0,0
0,0,0,0,0,2.01968933231986,0,0,0
0.353833880933042,0,0,0.547759618242617,0,0,0,0,0
0.327568305297289,0,0,0.73378187549757,0,0,0,0,0
0,-5.47417939653625e-05,0.172944919613528,0.543166751233482,0,-0.000984119323380383,0,0,0
0,0,0.755446552987097,0,2.68432154729083,-4.99389089434816,0.805439685855786,0,0
