EGFR,PI3K_AKT,mTOR,MEK_ERK,PKC,TGFb-SMAD,STAT3,DPD_NC,DPD_LB
0,1,1,1,1,1,0,0,0
1,0,1,0,0,1,1,0,0
0,0,0,1,1,0,0,0,0
0.942769118299459,0.234673053070353,0.234673053070353,0,0,0.95799144417821,0.0420085558217894,0,0
0,0,0,0,0,1,0,0,0
1,0,0,1,0,0,0,0,0
1,0,0,1,0,0,0,0,0
0,0.00347689541667953,1,1,0,0.00347689541667953,0,0,0
0,0,1,0,1,1,0.574770002386921,0,0
