EGFR,PI3K_AKT,mTOR,MEK_ERK,PKC,TGFb-SMAD,STAT3,DPD_NC,DPD_LB
0,0.489092040863929,0.483438650428769,0.481046042832948,0.491453114037642,0.486297257625857,0,0,0
0.645903493977474,0,0,0.644214057927918,0,0.642432240625183,0.640741113211361,0,0
0,0,0,0,0,0,0,0,0
0.00476818377770748,0.161506067579076,0,0,0,0.00608854362599446,0.00711393281642279,0,0
0,0.0452379733890155,0,0,0,0,0,0,0
0,0,0,0,0,0,0.0498981709415662,0,0
0,0,0,0,0,0.0540931082852161,0,0,0
0,0.557170214669202,0.0448125906607976,0.532079068168305,0.421742620779814,0.541973089982172,0.538863569606153,0,0
0,0.513562516731053,0,0.486717602521402,0.407034814433638,0.491806635098507,0.486524773728698,0,0
