EGFR,PI3K_AKT,mTOR,MEK_ERK,PKC,TGFb-SMAD,STAT3,DPD_NC,DPD_LB
0,0.389753841151333,0.0522446819456616,0.554571600145289,-0.205224556611338,0.441489782382769,0,0,0
1.89083153722239,0,0.653771027551396,-1.77019136444248,0.0509852342316329,0.16263262921421,1.66877540499395,0,0
-0.072889313792186,0.408486010817175,0,0.10112274442941,0.537856120129244,-0.0838030310746251,-0.0273570593489058,0,0
0.137417626673296,0.66433424329518,0.235898254385124,0,0.00679569472771701,0.185100672681205,0.413663019739482,0,0
1.98258927239556,0,0,0,0,0,-1.60480538073027,0,0
0.348857634838996,0,-0.42252533417636,0,0,0,0,0,0
-0.582716207196518,0,0,0.652997437051856,0,0.815763392712189,0,0,0
0,0.86906389056085,-0.469398888937363,0,-0.407184125612724,-0.575088521274088,0.7882902280098,0,0
0,-1.04939549112775,1.51751588200981,0,0.297835315762237,-0.245815175780073,0.211822302169995,0,0
