EGFR,PI3K_AKT,mTOR,MEK_ERK,PKC,TGFb-SMAD,STAT3,DPD_NC,DPD_LB
0,1,0,1,1,1,0,0,0
1,0,0.0224923163101521,1,0.000378244509213491,0.999621755490787,1,0,0
0,1,0,0,1,0,0,0,0
1,1,0,0,0,1,1,0,0
1,0,0,0,0,0,0,0,0
0,0,0,0,0,0,1,0,0
1,1,0,0.0618392490877181,0,0,0,0,0
0,0.999999999999999,0.999999999999999,0.999999999999999,0,0.999999999999999,0.999999999999999,0,0
0,1,0,1,1,0,0.921090693188491,0,0
