EGFR,PI3K_AKT,mTOR,MEK_ERK,PKC,TGFb-SMAD,STAT3,DPD_NC,DPD_LB
0,0.351957763170026,0.306281986740719,0.325016216761054,0.504230867293942,0.534345552486332,0,0,0
0.453026454156109,0,0.449408641080785,0.446416329703441,0.440603060253208,0.449531147838679,0.447629608115077,0,0
0,0.432468637502507,0,0.43850814938365,0.433552690763279,0.43094737746805,0,0,0
0,0.478099680530473,0,0,0,0,0.474043117383608,0,0
0.367988899164262,0.360891003297263,0.369470561211339,0,0,0,0,0,0
0.192078913716806,0,0,0.193151957867515,0,0,0,0,0
0.264794027526582,0,0,0.264436430178683,0,0,0,0,0
0,0,0.55762878106863,0.562034630873345,0,0,0,0,0
0,0.424355934191209,0.417493891488343,0.421276118026749,0.419767331743337,0.421231102408622,0.421671159372765,0,0
