EGFR,PI3K_AKT,mTOR,MEK_ERK,PKC,TGFb-SMAD,STAT3,DPD_NC,DPD_LB
0,0.464046890858315,0.460798536793474,0.462112977261172,0.462781617419773,0.459885682662563,0,0,0
0.480540349298272,0,0.475746358321305,0.485090553873772,0,0.485563206039852,0.484152614058846,0,0
0.398348931084169,0.400634683549953,0,0.395900780624078,0,0,0,0,0
0.501594679025566,0.49865058876791,0.11783512966282,0,0,0.491621296993376,0.502795063773772,0,0
0.207484752090992,0.209517835192812,0,0,0,0,0,0,0
0.302098198999574,0,0,0.298501770568576,0,0,0,0,0
0.0667444806002728,0,0,0,0,0,0,0,0
0,0,0,0.266859312739649,0.00962909936440076,0,0,0,0
0,0.384128914711587,0.389250887799545,0.389371074588188,0.388544434651611,0.388045806034374,0.388367265120427,0,0
