EGFR,PI3K_AKT,mTOR,MEK_ERK,PKC,TGFb-SMAD,STAT3,DPD_NC,DPD_LB
0,0.46128127771585,0.456688814124848,0.457194090605608,0.461323311310862,0.456152839108621,0,0,0
0.503314165434491,0,0.513904983327246,0.510910257167848,0,0.511842747441156,0.509000308098802,0,0
0,0.34989381306605,0,0.349536890988328,0.350617586817366,0,0,0,0
0.550788338728405,0,0.557057198741123,0,0,0.560680481421641,0.547942840308247,0,0
0.0235820071425999,0,0,0,0,0,0,0,0
0.0879295190981416,0,0,0,0,0,0,0,0
0,0,0,0,0,0,0,0,0
0,0.353133481587765,0.424840720403907,0.207817583688056,0.425095136435891,0.393884151237259,0.437936595566897,0,0
0,0.440855232958685,0.445083833713526,0.44504708540259,0.445681733367201,0.44651765427994,0.438353348726006,0,0
