EGFR,PI3K_AKT,mTOR,MEK_ERK,PKC,TGFb-SMAD,STAT3,DPD_NC,DPD_LB
0,0.509785194180069,0.524494895301175,0.497071303948789,0.499444548536207,0.524203803794097,0,0,0
0.512372587189381,0,0.511584806208239,0.511087345448226,0,0.509192058892454,0.0797444828181913,0,0
0,0,0,0,0.0713799596348159,0,0,0,0
0.427363834393695,0.42569335617945,0.424351463595073,0,0,0.430212684581419,0.428981438204585,0,0
0.0306861279641642,0,0,0,0,0,0,0,0
0.0616261209256187,0,0,0,0,0,0,0,0
0.0488293100441297,0,0,0,0,0,0,0,0
0,0,0,0,0,0.234789178409008,0.138218375905242,0,0
0,0.418776974654262,0.417169709071688,0.427218578630212,0.421216024742033,0.417396057756797,0.422333673039807,0,0
