EGFR,PI3K_AKT,mTOR,MEK_ERK,PKC,TGFb-SMAD,STAT3,DPD_NC,DPD_LB
0,0,-0.0244393485261104,0,-0.0496761938190191,0.716546331142728,0,0,0
2.84695951824509,0,-0.00335891845923134,0.00182730874036093,0,-1.14565722581363,0.00240663890554931,0,0
0,0.326013927374129,0,0.490102692116436,0,0,0,0,0
1.6790193270857,0.219319942973654,0.0404223346329089,0,0,-0.695204354818679,-0.157381601849463,0,0
0,0.46130014449628,0,0,0,0,0,0,0
0.168400438137804,0,0,0,0,0,0.498922253620862,0,0
0,0,0,-0.305746537626421,0.588425555541981,0,0,0,0
0,-0.000716744704404944,-0.28085960438624,0.0314015207021244,-0.375367899759029,1.72606078560996,0.0565511876248761,0,0
0,-0.0246111034021313,-3.46891953270159,-1.03906683269729,3.80376114455296,-13.9126256668121,-0.0378442172901176,0,0
