EGFR,PI3K_AKT,mTOR,MEK_ERK,PKC,TGFb-SMAD,STAT3,DPD_NC,DPD_LB
0,-0.237142497976476,-0.108924678837881,-0.216021640376796,0.367604763818262,0.639674846050207,0.0173297141704105,0,0
1.16194549805139,0,-0.063688442402144,-0.156871193961066,0.000447217617597561,-2.72098617874731,0.994014049013512,0,0
0,0,0,0,0.215339770774633,0,0,0,0
-0.0670308067681942,-0.273283038024548,-0.297714063674059,0,0.00555611368073244,-2.01003956103273,1.6240275456096,0,0
0,0.41522581874758,0,0,0,0,0,0,0
0.689290672218647,0,0,0,0,0,0,0,0
0,0,0,0,0.667342376191788,0,0,0,0
0,0.0213357748476632,0.0141883045141962,-0.0329819359958161,0.228454190927695,0.42361206020744,0.000534277839951801,0,0
0,-0.466816234524792,-0.709629461285123,-0.443997824699642,-0.415179522654448,-6.587001263772,4.18720707471359,0,0
