EGFR,PI3K_AKT,mTOR,MEK_ERK,PKC,TGFb-SMAD,STAT3,DPD_NC,DPD_LB
0,0.323613783922014,0.439547315566639,0.496452495939862,0.424128712326801,0.445318012397253,0,0,0
0.508999522534629,0,0.496805678800873,0.3956712586866,0.084678505087587,0.51962080403336,0.490293343394739,0,0
0,0.382959016147701,0,0.386343143705711,0,0,0,0,0
0.36680504594927,0.283049948570562,0.35764920573286,0,0.373498842817288,0.378992233749675,0.45948819381309,0,0
0,0,0,0,0,0.0814466092472394,0,0,0
0.459101083787434,0,0.457148758312838,0.464511437296001,0.460045239088354,0,0,0,0
0.471887625779696,0,0,0.462244659626034,0.463183941647903,0,0,0,0
0,0,0.549355860584243,0.552847863216521,0,0.560734717584196,0.146624456583986,0,0
0,0.240039658615727,0.399196095741117,0.395448796214083,0.399589625119522,0.413813336780181,0.436266825232745,0,0
