EGFR,PI3K_AKT,mTOR,MEK_ERK,PKC,TGFb-SMAD,STAT3,DPD_NC,DPD_LB
0,0.604152965585741,1,1,1,1,0,0,0
1,0,1,0.551790589710855,0.0681840203087578,1,0.999820027088284,0,0
0,0.999999999999999,0,0.999999999999999,0,0,0,0,0
0.917355531339792,0.54217002570442,0.917355531339792,0,0.853652689742222,0.909091459208293,0.97560591626811,0,0
0,0,0,0,0,0.999999999999999,0,0,0
1,0,1,1,1,0,0,0,0
1,0,0,1,1,0,0,0,0
0,0,1,1,0,1,0.117363038184044,0,0
0,0.433707632931988,1,1,1,1,1,0,0
