EGFR,PI3K_AKT,mTOR,MEK_ERK,PKC,TGFb-SMAD,STAT3,DPD_NC,DPD_LB
0,-0.220314912609781,-0.116314458131054,-0.0922630033725026,0.363895942737495,0.0363788404577876,0,0,0
1.10847438478828,0,0.365600064358371,0.554646107514311,0,-0.493214654666277,-0.382162111501272,0,0
0,0,0,0,0,0,0,0,0
3.21794652565863,0.244374046681023,0.329408943187386,0,0,-2.36841452657242,0.45842623939915,0,0
0.72086871469342,0.229077130767747,0,0,0,0,0,0,0
0,0,0,0,0,0,0.748490393987205,0,0
0.373561975129337,0,0,0,0,0.836956945970248,0,0,0
0,0,0,0.00548218941284715,0,0.594324050224724,0.0228183223033265,0,0
0,-0.363139193246792,-0.261385735417925,1.48831670808478,1.21324350042467,-3.1867181101676,-1.03537234346741,0,0
