EGFR,PI3K_AKT,mTOR,MEK_ERK,PKC,TGFb-SMAD,STAT3,DPD_NC,DPD_LB
0,0.0471400133903594,-0.330721143102202,0.882232471004787,0.399592576514224,-0.874709794152259,0,0,0
-0.251960208832746,0,-0.350701109347407,-0.215355791859007,0.00247567972026951,-0.0843170591462041,0.143575655938818,0,0
0,0.163894630316398,0,0.884919167622032,0,0,0,0,0
-0.0687008223557109,0.0721144137008898,-0.0381454803931608,0,0.2452699470033,0.204425349244077,0.101273178052106,0,0
0,0,0,0,0,0.472529562452113,0,0,0
-0.828095066863153,0,-0.447213153293903,0.479954973634585,0.464600432389177,0,0,0,0
-0.620959876397888,0,0,0.687599971788863,0.518232587930246,0,0,0,0
0,0,0.366372450101978,0.807222325672737,0,0.843889412135282,-0.0381326105364359,0,0
0,0.0457638169318455,0.267340035054616,2.80076760550145,-2.69414217738659,3.49593482002442,-3.92807296422961,0,0
