EGFR,PI3K_AKT,mTOR,MEK_ERK,PKC,TGFb-SMAD,STAT3,DPD_NC,DPD_LB
0,0,-0.337512135195222,0.514216766587027,0,-0.64365725817863,0,0,0
-0.424656556347761,0,-0.508430671666548,0.966781379257348,0.00860900779403032,-1.75281838024976,-0.0304368303822449,0,0
0,0.474044499983787,0,0,0,0,0,0,0
1.94943435074768,0.18771163142566,0.393848788490722,0,0,-0.493650394394791,0.348663632979357,0,0
0.500311174378576,0.388449987693898,0,0,0,0,0,0,0
0.585462879420808,0,0,0,0,0,0,0,0
0,0,0,0,0.715075823972046,0,0,0,0
0,-0.19339320030933,0.128907646313951,0.332115408320335,-0.000939125154464399,0.699743024297332,-0.150818539041461,0,0
0,124.871070331805,-46.2940304019385,0.451359144398879,-322.803631418073,-172.168779281322,150.554479145551,0,0
