EGFR,PI3K_AKT,mTOR,MEK_ERK,PKC,TGFb-SMAD,STAT3,DPD_NC,DPD_LB
0,0.185483462545961,-0.0917053775139587,0.149749776773805,-0.362435027952644,0.394059712727385,0,0,0
-1.16674285212796,0,-0.354405019308638,1.534613506894,-1.08161567988732,-0.421961279211166,-0.689053632865775,0,0
0,0.40735576480951,0,-0.844867211445734,0.420888927224543,1.37705060729514,0,0,0
0,0.289521610871434,0,0,0,0,0.594492661339406,0,0
0.793556000439452,0.473211440995756,0.287441830787983,0,0,0,0,0,0
0.684580099025131,0,0,0.205649226665454,0,0,0,0,0
0.40122752855089,0,0,0.238586182218778,0,0,0,0,0
0,0,0.134768899866681,0.507741802459591,0,0,0,0,0
0,2.12870295988881,0.785082126045259,10.1030186813032,-4.45749252467335,-14.5454389641468,-6.81091708588967,0,0
