EGFR,PI3K_AKT,mTOR,MEK_ERK,PKC,TGFb-SMAD,STAT3,DPD_NC,DPD_LB
0,0.438829978735936,0.698080737840466,0.438829978735936,0.438829978735936,1,0,0,0
1,0,1,1,0.999020692179874,0.990726712188796,1,0,0
0,0.999999999999999,0,0.999999999999999,0.999999999999999,0.999999999999999,0,0,0
0,1,0,0,0,0,1,0,0
1,1,1,0,0,0,0,0,0
0.999999999999999,0,0,0.999999999999999,0,0,0,0,0
1,0,0,1,0,0,0,0,0
0,0,0.999999999999999,0.999999999999999,0,0,0,0,0
0,1,1,1,1,1,1,0,0
