EGFR,PI3K_AKT,mTOR,MEK_ERK,PKC,TGFb-SMAD,STAT3,DPD_NC,DPD_LB
0,0.959256883169624,0.802057236155741,0.802057236155741,1,0.802057236155741,0,0,0
0.999999999999999,0,0.999999999999999,0.999999999999999,0,0.999999999999999,0.999999999999999,0,0
0,0,0,0,0,0,0,0,0
0.999999999999999,0.999999999999999,0.999999999999999,0,0,0.999999999999999,0.999999999999999,0,0
0.999999999999999,0.999999999999999,0,0,0,0,0,0,0
0,0,0,0,0,0,1,0,0
1,0,0,0,0,1,0,0,0
0,0,0,0.0455321118682475,0,0.982200838950844,0.0708584119229872,0,0
0,1,1,1,1,1,1,0,0
