EGFR,PI3K_AKT,mTOR,MEK_ERK,PKC,TGFb-SMAD,STAT3,DPD_NC,DPD_LB
0,0.506710540080941,0.508459131313394,0.505668755813441,0.503984135520806,0.508809448148721,0,0,0
0.481711125503902,0,0.477481038387102,0.481800170266732,0,0.484307204347814,0.486464366760092,0,0
0.103028585239241,0.472023449197045,0,0.459151941195384,0.442768615520244,0.457939058403733,0,0,0
0.466352464433759,0.472696022252231,0.458889805663982,0,0,0.466460708415295,0.450955100287302,0,0
0.0297644669959029,0,0,0,0,0,0,0,0
0,0,0,0,0,0,0,0,0
0,0,0,0,0,0,0,0,0
0,0.420468059213598,0.573034504398886,0.569334370828395,0,0,0,0,0
0,0.438333362787291,0.43721714119388,0.429702233509206,0.433404934095725,0.428834769828091,0.431691654935735,0,0
