EGFR,PI3K_AKT,mTOR,MEK_ERK,PKC,TGFb-SMAD,STAT3,DPD_NC,DPD_LB
0,0,0,0,0.344258427876221,0.345235708229681,0,0,0
0.575442510214413,0,0.507111930034246,0.636759661807696,0.10834789234117,0.604533801212194,0.69172854392305,0,0
0,0,0,0.503025170878974,0.496704498916483,0.49920105810289,0,0,0
0.465234113683787,0.465614339792769,0.468261208863318,0,0.0625603033103154,0.506209791961122,0.519756729488776,0,0
0.0278840103301914,0,0,0,0,0,0,0,0
0.349100179351037,0.350244506249005,0,0.346104551974151,0,0,0,0,0
0,0,0,0.0615370376366055,0,0,0,0,0
0,0,0.507856447647455,0,0,0,0.510924389937123,0,0
0,0.395077936598945,0.397078012334849,0.392221889999299,0.394993605480021,0.395387280821451,0.395221629735548,0,0
