EGFR,PI3K_AKT,mTOR,MEK_ERK,PKC,TGFb-SMAD,STAT3,DPD_NC,DPD_LB
0,0.241263361500716,0.0462695625768021,0.492839916837922,-0.0153244023674818,0.036678978441112,0,0,0
-0.276950858054007,0,-0.345002992556064,-0.362836219464594,7.12333603577269e-05,1.02984160701992,0.128873110897234,0,0
0,0.851928562407648,0,-0.39743813268975,0.573169802868819,-1.47612180083043,0.569336426904343,0,0
0.667968536254085,-0.0221441958407179,-0.245762254652441,0,0.00207747531171353,0.0276633566975709,0.499890495541827,0,0
0.946535016715205,0,0.373789030072554,0,0,0,0,0,0
1.55622446902312,0,0,-0.396110779185561,0,0,0,0,0
-0.605948021545297,0,0.677736052831605,1.06189416409616,0,0,0,0,0
0,0,0.018770289494261,-0.169554322792557,0,0.853782690401259,0,0,0
0,0,0,0,0,-0.524398220488659,-0.35107602343812,0,0
