EGFR,PI3K_AKT,mTOR,MEK_ERK,PKC,TGFb-SMAD,STAT3,DPD_NC,DPD_LB
0,0.613755831132468,1,1,0.613755831132468,0.613755831132468,0,0,0
1,0,1,1,0.0457633133007513,1,0.985559649043927,0,0
0.0342944761491917,0.999999999999999,0,0.999999999999999,0.999999999999999,0.0342944761491917,0.000664601793722306,0,0
0.881624001349645,0.060011494005594,0,0,0,0.810610348774081,0.606950910325865,0,0
0,0,0,0,0,0,0,0,0
0,0,0,0,0,0,0.999999999999998,0,0
0,0,0,0,0,1,0,0,0
0,0,0,0.333561854941541,0.666438145058459,1,0.837245634275544,0,0
0,0.0698575535435121,0.999999999999999,0.999999999999999,0.999999999999999,0.999999999999999,0.482942338616307,0,0
