EGFR,PI3K_AKT,mTOR,MEK_ERK,PKC,TGFb-SMAD,STAT3,DPD_NC,DPD_LB
0,1,1,1,1,1,0,0,0
1,0,0.97185818454867,0.979760430447392,0,1,1,0,0
0,0.999999999999999,0,0.999999999999999,0.999999999999999,0,0,0,0
0.999999999999999,0,0.999999999999999,0,0,0.999999999999999,0.999999999999999,0,0
1,0,0,0,0,0,0,0,0
1,0,0,0,0,0,0,0,0
0,0,0,0,0,0,0,0,0
0,0.554974809506295,0.97028682743684,0.27807160462243,1,0.646974871658213,0.670980780404351,0,0
0,0.925188858403331,1,1,1,1,1,0,0
