EGFR,PI3K_AKT,mTOR,MEK_ERK,PKC,TGFb-SMAD,STAT3,DPD_NC,DPD_LB
0,0.374625924789375,0.144712855517323,0.471135411543499,-0.146366890705694,0.038583527039767,0,0,0
0.735812324879638,0,-0.336846476617372,-0.462778629171066,0,-0.296742193954348,-0.115172361228766,0,0
0.00601456188367611,3.6730815131678,0,0.865030905648385,1.1212228240698,2.33249807599992,0,0,0
0.509612916067613,0.464274453143659,-0.0667015281779085,0,0,-0.346224248962983,0.0357015945183481,0,0
0.715805945413449,0,0,0,0,0,0,0,0
0,0,0,0,0,0,0,0,0
0,0,0,0,0,0,0,0,0
0,0.137041521319169,-0.133139422113797,0.219100181541012,0,0,0,0,0
0,0.986419462114179,0.163473823014297,0.698126116155007,-0.483666837087302,-3.19259102597174,1.1035559341962,0,0
