EGFR,PI3K_AKT,mTOR,MEK_ERK,PKC,TGFb-SMAD,STAT3,DPD_NC,DPD_LB
0,0.347962780307813,0.376646216534756,0.377891878614282,0.349463284121418,0.351974830144935,0,0,0
0.428438848471974,0,0.427167927081009,0.425418041116385,0.054143615429253,0.426876682485134,0.424072877882778,0,0
0.0518760086186743,0.36844845658806,0,0.363538647070239,0.3680549872011,0.090582171815617,0.0104817543881694,0,0
0.374931208060899,0.079768595322652,0,0,0,0.377736544750821,0.355781754747203,0,0
0,0,0,0,0,0,0,0,0
0,0,0,0,0,0,0.0377421063162068,0,0
0,0,0,0,0,0.0369444545136967,0,0,0
0,0,0,0.231346932654766,0.69668821621464,0.745388161620754,0.72435999687033,0,0
0,0.111368091241578,0.451489953131593,0.450404690258356,0.446541421094047,0.505538910971553,0.437048136467733,0,0
