EGFR,PI3K_AKT,mTOR,MEK_ERK,PKC,TGFb-SMAD,STAT3,DPD_NC,DPD_LB
0,0.529379093684867,0.235073982482078,0.404535595074889,-0.524612599970274,0.273737053009224,0,0,0
0.233499473869816,0,-0.341369128119946,0.0546157070880072,0,0.489229769127973,1.21994310326933,0,0
0,0.874654256284471,0,0.267934202381127,0.313644659079346,0,0,0,0
0.562104974076887,0,-0.0865700392727655,0,0,-0.00393756133178934,1.52785329229016,0,0
0.785395052500633,0,0,0,0,0,0,0,0
0.221990257411504,0,0,0,0,0,0,0,0
0,0,0,0,0,0,0,0,0
0,-0.113283422146302,0.252869025039142,0.0364148221967026,0.185504386388531,-0.0319698923018981,-0.162285503576505,0,0
0,0.00116774817245052,-0.569461934363135,0.825275797562531,-0.408346629906913,-0.994291115880111,0.744753147342524,0,0
