EGFR,PI3K_AKT,mTOR,MEK_ERK,PKC,TGFb-SMAD,STAT3,DPD_NC,DPD_LB
0,0.457501940846229,0.449041072542081,0.445840444928796,0.454474494430718,0.443193669398113,0,0,0
0.425630661274711,0,0.426526821788764,0.430034312891433,0,0.425755798988205,0.423817267986762,0,0
0,0,0,0,0,0,0,0,0
0.464121274147516,0.457446025427181,0.466425769949877,0,0,0.467930785509392,0.459086846657145,0,0
0.277108388432438,0.278103964485293,0,0,0,0,0,0,0
0,0,0,0,0,0,0.0512462584133073,0,0
0.307743339648951,0,0,0,0,0.308694924660873,0,0,0
0,0,0,0.0387413765894443,0,0.30566088031958,0.0994799994209034,0,0
0,0.422370419367914,0.418706012483273,0.422263147287439,0.415392633091197,0.422075682033947,0.416948970201724,0,0
