EGFR,PI3K_AKT,mTOR,MEK_ERK,PKC,TGFb-SMAD,STAT3,DPD_NC,DPD_LB
0,0.0153761260578029,-0.199420075610728,0.497437560414766,0.0597979580164826,0.0856065182936766,0,0,0
0.766615962535308,0,0.482602370113506,-0.423655033650193,0.00162545071180821,0.505148439241295,0.0113003760941342,0,0
0.000344511108390902,0.392679237964715,0,0.305973269790065,0.811951764219191,-0.0137076921258792,0.000258386830415013,0,0
0.264833499435266,0.0122294337159476,0,0,0,0.224386079893743,0.168189154914225,0,0
0,0,0,0,0,0,0,0,0
0,0,0,0,0,0,1.30860663834475,0,0
0,0,0,0,0,0.644675271069612,0,0,0
0,0,0,-0.0699967127184407,0.43127110208129,1.35172612603351,-0.710992837889453,0,0
0,-0.024029676128308,-2.04707711590074,1.45665255308843,1.88539227395384,-2.18094083247468,0.0434588926823934,0,0
