EGFR,PI3K_AKT,mTOR,MEK_ERK,PKC,TGFb-SMAD,STAT3,DPD_NC,DPD_LB
0,0.486887677892306,4.44089209850063e-16,4.44089209850063e-16,0.486887677892306,0.486887677892306,0,0,0
1.11022302462516e-15,0,1.11022302462516e-15,1.11022302462516e-15,0.208971367551846,1.11022302462516e-15,0.119297222181992,0,0
0.181984518723006,8.88178419700125e-16,0,8.88178419700125e-16,8.88178419700125e-16,0.181984518723006,0.0257713037733462,0,0
0.323052815486703,0.237508135845513,0,0,0,0.391817829143141,0.488427581920256,0,0
0,0,0,0,0,0,0,0,0
0,0,0,0,0,0,1.88737914186276e-15,0,0
0,0,0,0,0,4.44089209850063e-16,0,0,0
0,0,0,0.471485253077442,0.471485253077442,1.11022302462516e-16,0.369141412147277,0,0
0,0.254906798176171,9.9920072216264e-16,9.9920072216264e-16,9.9920072216264e-16,9.9920072216264e-16,0.499708951478877,0,0
