EGFR,PI3K_AKT,mTOR,MEK_ERK,PKC,TGFb-SMAD,STAT3,DPD_NC,DPD_LB
0,0,0.582099252899935,0.581706922091368,0,0.58054270647482,0,0,0
0.50092287934266,0,0.487169449508284,0.487681373945932,0.084823716167162,0.505529386684818,0.148543225383076,0,0
0,0.0399969426745763,0,0,0,0,0,0,0
0.480914944227286,0.48279964116784,0.48327594917386,0,0,0.486411647219274,0.485626550039215,0,0
0.222686793298812,0.224992381976214,0,0,0,0,0,0,0
0.0392089456369518,0,0,0,0,0,0,0,0
0,0,0,0,0.0742064629543501,0,0,0,0
0,0.463242665482412,0.450400298137308,0.473666187472835,0.44801774426948,0.55100296364034,0.45420638640082,0,0
0,31.304269681936,53.1168553044713,4.18639333150675,143.070187230186,197.374523253686,172.935215470138,0,0
