EGFR,PI3K_AKT,mTOR,MEK_ERK,PKC,TGFb-SMAD,STAT3,DPD_NC,DPD_LB
0,1,1,1,0.995456000261155,1,0,0,0
0.999999999999999,0,0.999999999999999,0.999999999999999,0,0.999999999999999,0.999999999999999,0,0
0.00342663239865589,1,0,1,1,1,0,0,0
1,1,0.943716985201754,0,0,1,0.889730073831452,0,0
0.999999999999999,0,0,0,0,0,0,0,0
0,0,0,0,0,0,0,0,0
0,0,0,0,0,0,0,0,0
0,0.413454109737538,1,1,0,0,0,0,0
0,1,1,1,1,1,1,0,0
