EGFR,PI3K_AKT,mTOR,MEK_ERK,PKC,TGFb-SMAD,STAT3,DPD_NC,DPD_LB
0,0.775800728946634,0,0.998151096228778,0.775800728946634,1,0,0,0
0.805490513750595,0,0.472000906438309,0.805490513750595,0,1,0.476296470337085,0,0
0,0,0,0,0.999999999999999,0,0,0,0
1,0.885748888627759,0.0993157632035509,0,0,1,0.108098686957274,0,0
1,0,0,0,0,0,0,0,0
1,0,0,1,0,0,0,0,0
1,0,0,0.855881696435333,0,0.000790425946040771,0,0,0
0,0.91385583123573,0.981879170442353,0,0,0.999999999999999,0.999999999999999,0,0
0,0,0,1,1,0,1,0,0
