EGFR,PI3K_AKT,mTOR,MEK_ERK,PKC,TGFb-SMAD,STAT3,DPD_NC,DPD_LB
0,-0.0256141078331187,0,0.240373556990375,0.0195728784321148,0.674038561099243,0,0,0
0.140541755778758,0,-0.0262794656005117,-0.0997108586263902,0,0.306627432786828,0.0268037535388032,0,0
0,0,0,0,0.36737678110173,0,0,0,0
1.17893019170395,-0.607239650888658,0.00453469554057567,0,0,0.3796405372004,0.00279213577778628,0,0
0.796923067860334,0,0,0,0,0,0,0,0
1.2047059285024,0,0,-0.285266599023163,0,0,0,0,0
1.1666147736463,0,0,-0.170568973262512,0,0.000414079376523401,0,0,0
0,0.598330457452401,-0.441786320885264,0,0,-0.561967894371423,0.825261289211204,0,0
0,0,0,0.340105951265699,-0.371438237015721,0,-0.739155544820595,0,0
