EGFR,PI3K_AKT,mTOR,MEK_ERK,PKC,TGFb-SMAD,STAT3,DPD_NC,DPD_LB
0,0.548041516251828,0.548045667995139,0.547271839078037,0.145784720132142,0.566529389071835,0,0,0
0.537038929118013,0,0.519403478668809,0.540589172251972,0.00589636411700852,0.5148583012164,0.535087904145314,0,0
0,0.576256419619152,0,0.595106960223886,0.648818707418213,1.34142912846818,0.55943024888813,0,0
0.572033104600416,0.134178275816731,0.543168935131919,0,0.0319478828449677,0.543840528104408,0.570700805241277,0,0
0.247655034429,0,0.24784894377628,0,0,0,0,0,0
0.290145706167024,0,0,0.289474390478199,0,0,0,0,0
0.303235208113866,0,0.301894910472114,0.302309247577462,0,0,0,0,0
0,0,0.0829493529763803,0.523164584450722,0,0.537248518580655,0,0,0
0,0,0,0,0,0.577559242109995,0.573170671519072,0,0
