EGFR,PI3K_AKT,mTOR,MEK_ERK,PKC,TGFb-SMAD,STAT3,DPD_NC,DPD_LB
0,0.112969848166406,4.44089209850063e-16,4.44089209850063e-16,0.349843611135195,4.44089209850063e-16,0,0,0
8.88178419700126e-16,0,0.235282156741564,8.88178419700126e-16,0.0120791328506772,0.0405055984530112,0.0829244068760008,0,0
0,1.11022302462516e-15,0,1.11022302462516e-15,0.479480496429474,0.479480496429474,0.494266667780555,0,0
4.44089209850063e-16,0.346254376892737,0.399510273413168,0,0.0717180095618871,0.0690029026991136,0.197716200994667,0,0
1.33226762955019e-15,0,1.33226762955019e-15,0,0,0,0,0,0
1.11022302462516e-16,0,0,1.11022302462516e-16,0,0,0,0,0
6.66133814775094e-16,0,6.66133814775094e-16,6.66133814775094e-16,0,0,0,0,0
0,0,0.326499035937802,0.326499035937802,0,6.66133814775094e-16,0,0,0
0,0,0,0,0,2.22044604925031e-16,2.22044604925031e-16,0,0
