EGFR,PI3K_AKT,mTOR,MEK_ERK,PKC,TGFb-SMAD,STAT3,DPD_NC,DPD_LB
0,0.987070645189442,1,1,0.142775353946727,1,0,0,0
1,0,0.941182849529578,1,0.000145926745039226,0.998356595716324,0.993075595364711,0,0
0,0.999999999999999,0,0.999999999999999,0.641769014751972,0.641769014751972,0.575501398140078,0,0
1,0.139295264125043,0.800651860857929,0,0.00517020390392711,0.995215709988179,0.959247540945225,0,0
1,0,1,0,0,0,0,0,0
1,0,0,1,0,0,0,0,0
0.999999999999999,0,0.999999999999999,0.999999999999999,0,0,0,0,0
0,0,0.121320215047481,0.878679784952519,0,1,0,0,0
0,0,0,0,0,1,1,0,0
