EGFR,PI3K_AKT,mTOR,MEK_ERK,PKC,TGFb-SMAD,STAT3,DPD_NC,DPD_LB
0,0.184363754373646,0.0303047549928414,0.000976620379283006,-0.0435749223643303,0.865174512797962,0,0,0
0.418576092570334,0,0.383775609013556,0.397336637444839,0,1.35988381609202,-0.0240894849100345,0,0
0,1.23878245228874,0,2.09141504761753,1.09364340508075,0,0,0,0
0.425083304663399,0.177397514444454,-0.0473120044526589,0,0,0.12535189792478,-0.500114264562708,0,0
0.89050080641193,0,0,0,0,0,-0.590201694630384,0,0
0.273579467177686,0,0,0,0,0,0.98946794267334,0,0
0,0,0,-0.308081101852474,0,0.716626620984912,0,0,0
0,0,0,0,0,0,0,0,0
0,0,0,0,0.383529385263623,0,0,0,0
