EGFR,PI3K_AKT,mTOR,MEK_ERK,PKC,TGFb-SMAD,STAT3,DPD_NC,DPD_LB
0,1,1,1,1,1,0,0,0
1,0,1,1,0,1,1,0,0
0.999999999999999,0.999999999999999,0,0.999999999999999,0,0,0,0,0
1,1,0.130889016097934,0,0,0.865644547351828,1,0,0
1,1,0,0,0,0,0,0,0
1,0,0,1,0,0,0,0,0
1,0,0,0,0,0,0,0,0
0,0,0,1,0.00349226854176855,0,0,0,0
0,1,1,1,1,1,1,0,0
