EGFR,PI3K_AKT,mTOR,MEK_ERK,PKC,TGFb-SMAD,STAT3,DPD_NC,DPD_LB
0,0.235226827192464,-0.120539827410424,0.10734091626437,-0.46198415556396,1.14690503422191,0,0,0
1.49099480595187,0,-0.221813340965515,-1.08210636033882,0,-1.62648542059774,2.08598694924653,0,0
-1.63147397635299,1.68754368165268,0,1.32536705437914,0,0,0,0,0
0.43137137776308,0.351203661603354,0.00101756981525078,0,0,-0.19560629250147,1.12286630041336,0,0
0.504445492800638,0.390961360595011,0,0,0,0,0,0,0
0.460248438066408,0,0,-0.293517346099253,0,0,0,0,0
0.226465120585356,0,0,0,0,0,0,0,0
0,0,0,0.269648189723833,0.000558528401786157,0,0,0,0
0,-1.51823887519662,0.704320224352913,1.63156542031241,1.15101792873849,-6.59057908571496,-0.207926243108644,0,0
