,iEGFR,iPI3K,iMEK,iPKC
EGFR,0.18312874785763625,0.15567719359892093,0.1079633895307534,0.28541852239304855
PI3K_AKT,0.13800964376925098,-0.01830589663148209,0.16021697474432933,0.24711229637048815
MEK_ERK,0.1351047545852946,-0.004584358509693687,-0.00530701507139536,0.23921801251044256
PKC,0.2584049556540337,0.05922702661418263,0.2850524598436145,0.16974251400503615
DPD_LB,-0.07301174167186077,0.2517427211878318,1.072911492667577,0.6465329979574711
DPD_Canc,-1.1524490962195297,-0.06658358744059892,-1.1150583071402274,-1.1326037011508825
