,iEGFR,iPI3K,iMEK,iPKC
EGFR,-0.08246195135885274,0.025091750480543427,-0.20926808938284272,-0.05993824941642772
PI3K_AKT,-0.0913974706065418,-0.12589867813724562,-0.06197228576419175,0.031409761600606316
MEK_ERK,0.037596760345427964,-0.014645167581157253,-0.294796002475233,0.11036079952152224
PKC,-0.027060424635347424,-0.06541905244461052,-0.13701831389885566,-0.13384280083788533
DPD_LB,0,0,0,0
DPD_canc,0,0,0,0
