,iEGFR,iPI3K,iMEK,iPKC
EGFR,0.043087579531733304,0.07244789037855069,-0.14256136955367052,0.03466567512401431
PI3K_AKT,0.042393878107266136,-0.05443350728813533,0.02530964856844834,0.09993214317318909
MEK_ERK,0.1132119285965026,0.09663025361354248,-0.2853356540937814,0.11632267177888149
PKC,0.1356459644596103,0.11508153818356387,-0.05053965205859894,-0.10522418892752762
DPD_LB,0,0,0,0
DPD_canc,0,0,0,0
