,iEGFR,iPI3K,iMEK,iPKC
EGFR,-0.14354174611473938,-0.004769421564965444,-0.25553359592161645,-0.10345110931144999
PI3K_AKT,-0.09465359494512063,-0.11225974141084097,-0.055142372483854576,0.04683893960696543
MEK_ERK,-0.03790308100812153,-0.05574034908916935,-0.347443711265011,0.0646594368031081
PKC,-0.07246294293574342,-0.0630456694265452,-0.1549430989665689,-0.15761559122896027
DPD_LB,0,0,0,0
DPD_canc,0,0,0,0
