,iEGFR,iPI3K,iMEK,iPKC
EGFR,0.10004338930887455,0.08171860231522243,-0.005087154520153425,0.19066402714861372
PI3K_AKT,0.060998446349197356,-0.07546345902763142,0.07302944181966751,0.16251887377142632
MEK_ERK,0.06471182957369292,-0.013468732723365868,-0.07029698383837162,0.20114078849699057
PKC,0.139489003077184,0.021924921350993658,0.17858601373728097,0.07016963132764101
DPD_LB,-0.28468160696693523,0.2966669117572793,1.2518380688498767,0.8106976433812481
DPD_Canc,-0.9646256624505268,1.2260463999189712,-0.9690213505502943,-0.9653983636368194
