,iEGFR,iPI3K,iMEK,iPKC
EGFR,-0.13342620060641006,0.1166439684707256,0,-0.040337629991383794
PI3K_AKT,-0.13069297781474645,-0.12561333930613647,0,-0.07824309875720174
MEK_ERK,-0.2983428307868298,-0.06535552833065886,0,-0.16816006770605962
PKC,-0.21873410145485891,0.2635582916453913,0,-0.19434932835183266
DPD_LB,0,0,0,0
DPD_canc,0,0,0,0
