,iEGFR,iPI3K,iMEK,iPKC
EGFR,-0.12543573621610823,0.08118849735177901,0,-0.08344157998576185
PI3K_AKT,-0.10164536168873696,-0.10234813870088531,0,-0.05567175191665056
MEK_ERK,-0.20105860635075745,0.004607094280361161,0,-0.1420347065210426
PKC,-0.2773609310528895,0.12924552045044854,0,-0.28587881642327445
DPD_LB,0,0,0,0
DPD_canc,0,0,0,0
