,iEGFR,iPI3K,iMEK,iPKC
EGFR,-0.02784976854368618,-0.09092112602990773,0,-0.14654318148050618
PI3K_AKT,-0.038781299538786874,-0.09814474665549847,0,-0.043242641152062875
MEK_ERK,-0.08214982910364359,-0.11616357033241535,0,-0.2263011856837421
PKC,-0.05220572145501611,-0.16643321789444238,0,-0.22494450617424208
DPD_LB,-0.12322996263255764,-0.24456060661588344,0,0.25459362133197716
DPD_Canc,-0.3841861472200775,0.33032952379264957,0,0.41497868879171507
