,iEGFR,iPI3K,iMEK,iPKC
EGFR,-0.02629916117326126,-0.019870572492309994,0,0.11849265264361337
PI3K_AKT,0.030632975241560736,-0.0935548052771005,0,0.09715125056731048
MEK_ERK,0.061504869958242885,-0.08163612714497286,0,0.16808220574707403
PKC,0.1200795320188332,-0.04659054414234451,0,0.14579307604861588
DPD_LB,0,0,0,0
DPD_canc,0,0,0,0
