,iEGFR,iPI3K,iMEK,iPKC
EGFR,-0.024648856568464213,-0.03604049177557481,0,0.055719343316849766
PI3K_AKT,0.019758051600507257,-0.05939893523685961,0,0.09536534915523773
MEK_ERK,0.020224497119024167,-0.03967934624473626,0,0.08933185304085227
PKC,0.0634839600464844,-0.03501638497328299,0,0.09281888719292984
DPD_LB,-0.10444216230884662,-0.0907520401247173,0,0.1754429494731088
DPD_Canc,-0.15827205664453672,0.44480938212248655,0,-0.23359370224573034
