,iEGFR,iPI3K,iMEK,iPKC
EGFR,-0.263063284134304,-0.09619991151804912,0.05377224756594566,0.19344262128393772
PI3K_AKT,,,,
MEK_ERK,-0.23637689867392175,-0.03917806147836884,-0.27166054450661725,-0.008873152066544784
PKC,-0.4833053606111377,-0.1179128431506271,-0.12704903697205372,-0.21429079496714354
DPD_LB,0,0,0,0
DPD_canc,0,0,0,0
