,iEGFR,iPI3K,iMEK,iPKC
EGFR,-0.30182277938078794,-0.04165789579534728,0.00945383400835349,0.08812802298137185
PI3K_AKT,,,,
MEK_ERK,-0.17843961939484193,0.039813046925793065,-0.13810131127911854,0.009772908926849564
PKC,-0.24714011909016623,0.07375745187694455,-0.008180017116551364,-0.13987081612360677
DPD_LB,-0.049336956188094985,-0.06920729547270833,0.29713217625895555,-0.06296681117481505
DPD_Canc,0.4283016175074096,0.38986584243898387,-0.18005906493271734,-0.008323798684383536
