,iEGFR,iPI3K,iMEK,iPKC
EGFR,-0.33210576228659633,-0.0053516608280745,0.08310038996616442,0.143716856593266
PI3K_AKT,,,,
MEK_ERK,-0.21820638779069976,0.0362203953220896,-0.126626938736341,0.004767195872667218
PKC,-0.3255027825148355,0.05739091121148801,-0.004755778199756612,-0.1623209569685629
DPD_LB,0.0005556037852037707,-0.08671204521036807,0.31822504023488635,-0.06328925896115581
DPD_Canc,0.4485163614043463,0.34598493989809875,-0.2784142148692798,-0.3987237945249684
