,iEGFR,iPI3K,iMEK,iPKC
EGFR,-0.15638440561346764,-0.060979635322562835,-0.08754209167835424,0.027451303369333012
PI3K_AKT,,,,
MEK_ERK,-0.05052274368642389,-0.015939509878468216,-0.17918921543905617,0.033566482881280724
PKC,-0.06826380250205231,-0.0442970819046381,0.026357321090291496,-0.07649600356213827
DPD_LB,0,0,0,0
DPD_canc,0,0,0,0
