,iEGFR,iPI3K,iMEK,iPKC
EGFR,-0.08869034111744545,-0.039883286140381974,-0.07936275396975438,0.06983842027892753
PI3K_AKT,,,,
MEK_ERK,-0.030356895068496134,-0.02799779420860366,-0.18818236790627635,0.045503130571474676
PKC,-0.08086464153368132,-0.08961224024509001,-0.005123236005639193,-0.09082080408706177
DPD_LB,0,0,0,0
DPD_canc,0,0,0,0
