,iEGFR,iPI3K,iMEK,iPKC
EGFR,-0.33210576228659633,-0.0053516608280745,0.08310038996616442,0.143716856593266
PI3K_AKT,,,,
MEK_ERK,-0.21820638779069976,0.0362203953220896,-0.126626938736341,0.004767195872667218
PKC,-0.3255027825148355,0.05739091121148801,-0.004755778199756612,-0.1623209569685629
DPD_LB,0,0,0,0
DPD_canc,0,0,0,0
