,iEGFR,iPI3K,iMEK,iPKC
EGFR,0.011332598982838423,0.010005815086249545,-0.015918078561816557,0.02886019295053711
PI3K_AKT,-0.03006193648306733,-0.17844573947474132,-0.018849718577297163,-0.05724686890662022
MEK_ERK,-0.04650586879144927,-0.005282566946818496,-0.22540699144834667,-0.0339546431270908
PKC,-0.03974817525299245,-0.11664543809137602,-0.010529881326110041,-0.26510718455046806
DPD_LB,-1.645632599600309,-1.3308869090576945,0.48786187104551165,-1.5771666645289195
DPD_Canc,-1.0847797738875813,-1.0416061067029827,-1.4841824472868852,-1.3215656693009559
