,iEGFR,iPI3K,iMEK,iPKC
EGFR,-0.05955325699546829,-0.051976243622778466,-0.030423738424447996,0.03734029230657739
PI3K_AKT,-0.004955091857318496,-0.12012426884183916,0.010667182582560364,0.012576911461463051
MEK_ERK,-0.01375925010837469,0.045932257936104254,-0.24542214463286682,0.019819388205375585
PKC,-0.00835407296470632,0.01833426196831091,0.012817978205312277,-0.12330047578103458
DPD_LB,0,0,0,0
DPD_canc,0,0,0,0
