,iEGFR,iPI3K,iMEK,iPKC
EGFR,-0.02332644935597605,-0.033002516675307604,-0.02307209651853473,-0.007646006218196064
PI3K_AKT,-0.040311176983148615,-0.18363395975102978,-0.022596747932846564,-0.05150983733783292
MEK_ERK,-0.07502188733373115,-0.018154353468358003,-0.25418588294274025,-0.04593811778895556
PKC,-0.06884129153442264,-0.11086215928042553,-0.03177350247174874,-0.2504584241744452
DPD_LB,-1.6892454092585778,-1.0866767466689757,0.5467645663074666,-0.809179934164101
DPD_Canc,-1.0009434987920478,-0.503741974990337,-1.5663946224534746,-0.5932177122251934
