,iEGFR,iPI3K,iMEK,iPKC
EGFR,0.022981809341159613,0.004963054732276962,-0.0219782664968569,0.1158794597011777
PI3K_AKT,0.014037306088082686,-0.10510587442737994,0.01041674737545164,0.021808463454108255
MEK_ERK,-0.027858875167660654,0.007991063891958583,-0.29194117256033114,-0.012069068450135844
PKC,0.00985771256472689,-0.010340786464893236,0.0013325592529627942,-0.15656450960629797
DPD_LB,0,0,0,0
DPD_canc,0,0,0,0
