,iEGFR,iPI3K,iMEK,iPKC
EGFR,-0.061278620411592065,-0.051055974609057767,-0.008883390891103618,0.01731432477276273
PI3K_AKT,-0.016001859142570657,-0.13239002419392026,0.009496554455032445,0.0040001150761087585
MEK_ERK,-0.034704789701511515,0.03819538817810923,-0.24913591277824584,0.0033911160531944736
PKC,-0.01902740373243183,0.02149383400156597,0.013901260055422868,-0.12470331557259597
DPD_LB,0,0,0,0
DPD_canc,0,0,0,0
