,iEGFR,iPI3K,iMEK,iPKC
EGFR,0.007330447305524166,0.010670414610758662,-0.055310170140984966,0.0867335327656848
PI3K_AKT,-0.17074456262822857,-0.37278663300904785,0.03756778884571561,0.04005784471485932
MEK_ERK,-0.0329045040002511,0.037129053595975285,-0.2965379705866443,0.10943321900132763
PKC,-0.09147059002754918,-0.03644258690552593,0.009454144619263853,-0.12137717667920139
DPD_LB,0,0,0,0
DPD_canc,0,0,0,0
