,iEGFR,iPI3K,iMEK,iPKC
EGFR,-0.03385272898632492,-0.039577870442326996,-0.050746266259182105,0.02302222191689523
PI3K_AKT,-0.25243815930031416,-0.44615998170696813,0.041656340435862284,0.03946263690236645
MEK_ERK,-0.06327799585277127,0.013378767127821056,-0.27728288545745394,0.058180868186244634
PKC,-0.0513247991112683,-0.03442709609584686,-0.0025298709912204274,-0.12074749652946482
DPD_LB,0.02488069419773102,0.12223824098838101,0.014733028614362098,-0.10332897505873612
DPD_Canc,-0.027554268518139476,0.27002930809022463,-0.18679675573753624,0.36909443767919636
