,iEGFR,iPI3K,iMEK,iPKC
EGFR,0.14632137644831686,0.16496033060551568,0.10676775671618487,0.2461967059292451
PI3K_AKT,-0.10118717747371699,-0.2784063596399612,0.10764131475491107,0.11858945495423996
MEK_ERK,0.05007426434494398,0.13219975053983826,-0.20129969223914412,0.200619260285059
PKC,0.004359152270964825,0.06842701981862744,0.11538449154407691,-0.01495295857779358
DPD_LB,0,0,0,0
DPD_canc,0,0,0,0
