,iEGFR,iPI3K,iMEK,iPKC
EGFR,-0.13701213091614556,-0.10181287485385541,0.013452717619379103,-0.045679945017089704
PI3K_AKT,-0.5243818345082872,-0.4599388373643308,0.05804561689007389,0.013498044644633535
MEK_ERK,-0.1865366157679084,-0.0672699283006209,-0.29385888742595934,-0.0006738097593302961
PKC,-0.3514423009577021,-0.14912820390748527,-0.05956093019580626,-0.22491130515124588
DPD_LB,0,0,0,0
DPD_canc,0,0,0,0
