,iEGFR,iPI3K,iMEK,iPKC
EGFR,-0.14583760644016094,-0.057817347892158935,-0.004449038402830444,-0.010939094587577542
PI3K_AKT,-0.4955190078000235,-0.46445109354697633,0.03647026898741602,0.018651487143648494
MEK_ERK,-0.2000890716793497,-0.06217573885482453,-0.3114788243759809,0.023233150279293385
PKC,-0.2910840870837706,-0.16112048259256687,-0.08093946188099321,-0.21083181482081292
DPD_LB,0,0,0,0
DPD_canc,0,0,0,0
