,iEGFR,iPI3K,iMEK,iPKC
EGFR,0,-0.023886738687323075,-0.055729224556433074,0.02322963548020068
PI3K_AKT,0,-0.43741073849636386,-0.003748280412586258,-0.00821824758349924
MEK_ERK,0,-0.025243779156406486,-0.6338747552744608,-0.0022266078290487375
PKC,0,-0.10838029639927046,-0.037715783421023524,-0.23568055815987965
DPD_LB,0,0,0,0
DPD_canc,0,0,0,0
