,iEGFR,iPI3K,iMEK,iPKC
EGFR,0,-0.03137113658745084,-0.059416651549383824,0.018066616373495926
PI3K_AKT,0,-0.47908808114971957,-0.00631275009574312,-0.0069055260750882225
MEK_ERK,0,-0.06017626134545218,-0.6309946161289178,0.03623816713359742
PKC,0,-0.17432619200288987,-0.08273278463428659,-0.22325287711886066
DPD_LB,0,0,0,0
DPD_canc,0,0,0,0
