,iEGFR,iPI3K,iMEK,iPKC
EGFR,0,-0.03478366233878397,-0.053712893681782586,0.06897430107818854
PI3K_AKT,0,-0.37344296768437435,0.01874240905663532,0.018324041673958305
MEK_ERK,0,-0.08915500038540707,-0.693329877725784,-0.014803448277429515
PKC,0,-0.11786324308248021,0.0013911851696534441,-0.21143403869282532
DPD_LB,0,0.07741911522439066,0.5682620934665397,0.2388833182122404
DPD_Canc,0,-0.0849262565834534,-0.01262769480728566,0.07547161544558952
