,iEGFR,iPI3K,iMEK,iPKC
EGFR,0,-0.03478366233878397,-0.053712893681782586,0.06897430107818854
PI3K_AKT,0,-0.37344296768437435,0.01874240905663532,0.018324041673958305
MEK_ERK,0,-0.08915500038540707,-0.693329877725784,-0.014803448277429515
PKC,0,-0.11786324308248021,0.0013911851696534441,-0.21143403869282532
DPD_LB,0,0,0,0
DPD_canc,0,0,0,0
