,iEGFR,iPI3K,iMEK,iPKC
EGFR,0,0.0030351176587764266,-0.0062579514015420785,0.08780839897010605
PI3K_AKT,0,-0.48164387480967674,0.03669267112981092,0.0319728967945729
MEK_ERK,0,0.03826213698594463,-0.4398210032370648,0.15174410745491268
PKC,0,-0.1655313973545295,0.024423057269880446,-0.08525310931178053
DPD_LB,0,0,0,0
DPD_canc,0,0,0,0
