,iEGFR,iPI3K,iMEK,iPKC
EGFR,0,-0.03247783710269713,-0.039561270398326756,0.0784759421887739
PI3K_AKT,0,-0.36891730355490365,-0.0025871085397089996,-0.019138049933633973
MEK_ERK,0,-0.1814980470592106,-0.7476756006586789,-0.15040680000581272
PKC,0,-0.27163135558483575,-0.108811054503007,-0.36186211563588544
DPD_LB,0,0,0,0
DPD_canc,0,0,0,0
