,iEGFR,iPI3K,iMEK,iPKC
EGFR,0,0.018373143806614273,0.0033872170004474516,0.09191919425152159
PI3K_AKT,0,-0.4672965593910695,0.05678250418850558,0.04797113606677186
MEK_ERK,0,0.01604129232765206,-0.40322547360643857,0.12034694227226128
PKC,0,-0.19056221614160296,0.04099883313041052,-0.09170588691679754
DPD_LB,0,0,0,0
DPD_canc,0,0,0,0
