,iEGFR,iPI3K,iMEK,iPKC
EGFR,0.014216824966311572,-0.02234067098484815,-0.0445500812938583,0.02498613423295733
PI3K_AKT,0.06663569337364351,-0.2905247018240429,0.09200189563855156,0.1559773010870656
MEK_ERK,0.0028768409809023297,-0.061784530761480466,-0.3553039076163716,0.06420676255520946
PKC,0.05665285259680509,-0.07897354455456572,-0.003532375366941033,-0.0904866755744456
DPD_LB,0,0,0,0
DPD_canc,0,0,0,0
