,iEGFR,iPI3K,iMEK,iPKC
EGFR,-0.04703085203991051,-0.07258756235634513,-0.02933611410344157,0.031754376355790044
PI3K_AKT,0.005005737291531918,-0.501920606856439,0.04263914704853759,0.05160054574906025
MEK_ERK,-0.18409110362577244,-0.17262343587238654,-0.33707682715465315,0.10436906139346006
PKC,-0.05433901693455583,-0.21900943670963496,-0.014117085881756607,-0.12381167673485567
DPD_LB,0,0,0,0
DPD_canc,0,0,0,0
