,iEGFR,iPI3K,iMEK,iPKC
EGFR,-0.01856298526068477,0.046469298992715145,0.08224657947384155,0.14977683014883197
PI3K_AKT,-0.009909842012612313,-0.041667110346658494,0.020540612978935627,0.037881443023230876
MEK_ERK,-0.06929614643273024,-0.022095817570966497,-0.06885074673577325,0.07650432218747473
PKC,-0.0102263497328651,0.024364269450739804,0.039601905317787546,-0.04498911438998593
DPD_LB,0,0,0,0
DPD_canc,0,0,0,0
