,iEGFR,iPI3K,iMEK,iPKC
EGFR,0.03640451882133461,0.011525339849055299,0.0901183874083099,0.06084845390331383
PI3K_AKT,-0.019682267527943394,-0.16272126456032415,0.028942292686286033,0.002608677540499487
MEK_ERK,0.018311158740434905,0.05422661527372508,-0.04443097116218283,0.06415391132163752
PKC,0.04689572585965646,-0.0057127270770165215,0.026896465483133427,-0.10977971676591879
DPD_LB,0.2743155914468761,0.041110244650336775,0.13507627505653122,0.0885914538035617
DPD_Canc,-0.1778883946877878,-0.1467007706962703,-0.19397711946768062,-0.19123296680584465
