,iEGFR,iPI3K,iMEK,iPKC
EGFR,0.010657689419416987,0.07762859169947978,0.10100297944818502,0.09195639514542302
PI3K_AKT,-0.004141240825947692,-0.054293878993275785,0.040533808799437014,0.03844429627568052
MEK_ERK,-0.040472560738443346,0.07818771234006493,-0.02928047074982948,0.02666612575516807
PKC,-0.002833343974610376,0.09245185828452328,-0.0015768737533313824,-0.008989363340132605
DPD_LB,0,0,0,0
DPD_canc,0,0,0,0
