,iEGFR,iPI3K,iMEK,iPKC
EGFR,-0.10024168276919505,-0.022361766470375386,0.0032217950266875323,0.051768607163632616
PI3K_AKT,-0.023695197827504105,-0.04792868983595356,0.00687566649457734,0.023161918152822102
MEK_ERK,-0.04590612814691448,0.014897439424635828,-0.04900087237055803,0.07948607748655896
PKC,-0.036883969646959225,0.01291852000167236,0.009814594041849683,-0.055772277955871016
DPD_LB,0,0,0,0
DPD_canc,0,0,0,0
