,iEGFR,iPI3K,iMEK,iPKC
EGFR,0.014026550050668217,-0.05253228921409618,0.06017406340371563,0.027325842499187403
PI3K_AKT,-0.019735813618843565,-0.1956513222880341,0.028171515902420362,-0.003557157759136463
MEK_ERK,0.020515254331969306,0.034137563413638675,-0.07568053599455268,0.07085152541077544
PKC,0.07889568372530802,-0.016630375393802226,0.07006903995244924,-0.1508577044152564
DPD_LB,0.5505609248723502,0.1369539243608172,0.38071738663352417,0.2583979915706052
DPD_Canc,-0.29096831628304914,-0.1852427851037679,-0.3219959393508869,-0.26802306062059855
