,iEGFR,iPI3K,iMEK,iPKC
EGFR,0.005581313197322443,0.06392114779445662,0.08599984649822358,0.10659663587037335
PI3K_AKT,0.001996202429870787,-0.036858552282055174,0.037859410496755085,0.04493605620414699
MEK_ERK,-0.013092102540167967,0.097889912471118,-0.021000353925596214,0.07208968942662468
PKC,0.009841847816073631,0.10704167557864691,0.03131728017066248,-0.005369306455689287
DPD_LB,0,0,0,0
DPD_canc,0,0,0,0
