,iEGFR,iPI3K,iMEK,iPKC
EGFR,0.01987704775278774,-0.009428732371541815,-0.11798627207846042,0.04028543270471625
PI3K_AKT,-0.022297005026559666,-0.33461940969343834,-0.03489267981512729,-0.03029259076029115
MEK_ERK,-0.028120662264646927,-0.03315483432409732,-0.5253682032038492,-0.04120636977238158
PKC,-0.004067259348373147,-0.060892259861164644,-0.044276278364087915,-0.24508748088779814
DPD_LB,0,0,0,0
DPD_canc,0,0,0,0
