,iEGFR,iPI3K,iMEK,iPKC
EGFR,0.007712285435641136,0.010600640475585803,0.05007524657369357,0.09525873741613845
PI3K_AKT,-0.008369241178581016,-0.30724987820331534,0.007843677320228865,0.004727692205967068
MEK_ERK,-0.0742706312590273,-0.0073763147538585564,-0.3575668987032974,0.005987789295437536
PKC,0.01776215454623289,-0.03728010917445964,-0.010540923249196464,-0.1763878455274604
DPD_LB,0.1608300758180807,0.20693968166501966,0.1520956142480343,0.23327678830620385
DPD_Canc,-0.16940484546755583,-0.042264957106657564,-0.5816704189049992,-0.22900275871315756
