,iEGFR,iPI3K,iMEK,iPKC
EGFR,-0.035650392626983524,-0.021802948596546592,0.061199865385038306,0.02790812287045907
PI3K_AKT,-0.01802619559861363,-0.22852330039600874,-0.0034865373917833324,-0.02670322174503157
MEK_ERK,-0.09398053322717384,-0.075459222851036,-0.2961634653512096,-0.030448366117333172
PKC,-0.0188048667252002,-0.10053460671339345,-0.04727795610532509,-0.24031180139635774
DPD_LB,0,0,0,0
DPD_canc,0,0,0,0
