,iEGFR,iPI3K,iMEK,iPKC
EGFR,-0.04042818386690455,-0.037844628339643506,-0.027601759974041826,0.04749794588734832
PI3K_AKT,-0.027295517267127995,-0.32495243220079706,-0.004872113576516096,-0.009576880718589061
MEK_ERK,-0.07497676486634108,-0.021800344193625254,-0.4044310407995137,-0.0072765555700609
PKC,-0.0012485826417548659,-0.05400352840959937,-0.022067159988160775,-0.19835818212161746
DPD_LB,0.050557861935646514,0.08996754894887946,0.08432378433525899,0.16453501772721563
DPD_Canc,0.09545867871383036,0.20723834824657483,-0.5081698001704194,0.06576759195555569
