,iEGFR,iPI3K,iMEK,iPKC
EGFR,0.0007553682871833852,-0.03463746200657967,-0.11293282302621642,0.027208287531052186
PI3K_AKT,-0.011285322067558277,-0.3255330368009473,-0.026495107691367824,-0.017387205797487773
MEK_ERK,-0.023750567958828045,-0.020827582186269677,-0.4945076034403152,-0.017553902078565487
PKC,-0.0007891703149997437,-0.05154967109562671,-0.041479924268706204,-0.2283271891444132
DPD_LB,0,0,0,0
DPD_canc,0,0,0,0
