,iEGFR,iPI3K,iMEK,iPKC
EGFR,-0.04042818386690455,-0.037844628339643506,-0.027601759974041826,0.04749794588734832
PI3K_AKT,-0.027295517267127995,-0.32495243220079706,-0.004872113576516096,-0.009576880718589061
MEK_ERK,-0.07497676486634108,-0.021800344193625254,-0.4044310407995137,-0.0072765555700609
PKC,-0.0012485826417548659,-0.05400352840959937,-0.022067159988160775,-0.19835818212161746
DPD_LB,0,0,0,0
DPD_canc,0,0,0,0
