,iEGFR,iPI3K,iMEK,iPKC
EGFR,-0.01812221500881144,-0.024540246364966108,-0.003892178241720151,0.00133985648855343
PI3K_AKT,-0.20344778046281725,-0.3352147343074913,0.03508674599580577,0.03696767724462561
MEK_ERK,-0.04660788570594953,-0.04365093427315632,-0.37862817646126834,-0.02945738038848963
PKC,-0.06499559985366107,-0.08139577338781474,0.026056413398967197,-0.19276956783209712
DPD_LB,0,0,0,0
DPD_canc,0,0,0,0
