,iEGFR,iPI3K,iMEK,iPKC
EGFR,-0.005832127742943641,-0.02976912412262609,-0.03014336953900319,-0.04853475225681919
PI3K_AKT,-0.11445504985511212,-0.26357109806802875,0.18138174168869894,0.17231246908762643
MEK_ERK,-0.02435379463413635,-0.03841247093600136,-0.25480050887400507,0.005346436695613388
PKC,0.020528432276843728,-0.05171779460551883,0.01376151069816752,-0.12295875762811259
DPD_LB,0,0,0,0
DPD_canc,0,0,0,0
