,iEGFR,iPI3K,iMEK,iPKC
EGFR,-0.038967941590133025,-0.009721422609669636,-0.03720258237996847,-0.07368420056333215
PI3K_AKT,-0.13988916740165697,-0.2403570108470375,0.17221944801761022,0.11119496185570672
MEK_ERK,-0.14650951532688122,-0.03045454774490303,-0.27459432006262074,0.059859161067571554
PKC,-0.0745811140613917,-0.04398266074515614,-0.01822269460255961,-0.12953895186083417
DPD_LB,0,0,0,0
DPD_canc,0,0,0,0
