,iEGFR,iPI3K,iMEK,iPKC
EGFR,-0.058473765628729815,-0.06718439959207258,-0.045781031154845865,-0.051996164167058004
PI3K_AKT,-0.1636641231575697,-0.3208042285841697,0.09768612364802542,0.09372413314044528
MEK_ERK,-0.07644188965617219,-0.08514128914716301,-0.3483193939034188,-0.05045522321634301
PKC,-0.08428926438795672,-0.11836721853080442,0.009491311026872399,-0.1994959486773037
DPD_LB,0,0,0,0
DPD_canc,0,0,0,0
