,iEGFR,iPI3K,iMEK,iPKC
EGFR,-0.015254500587440505,0.019240515879739108,-0.01921227293067749,-0.056138314729158444
PI3K_AKT,-0.1240664132336529,-0.20962616625063635,0.1805155783623016,0.09661819244139322
MEK_ERK,-0.1268749139778619,0.00090909326738405,-0.26863714026185875,0.087963033974619
PKC,-0.042511742499041244,-0.007502914475939992,0.011123248234608888,-0.12428048140294931
DPD_LB,0,0,0,0
DPD_canc,0,0,0,0
