,iEGFR,iPI3K,iMEK,iPKC
EGFR,-0.0979286226829606,-0.009742572811174476,0.04077343199616196,-0.0804847988141304
PI3K_AKT,-0.003588422166603049,-0.001057568602574724,0.04974238271330299,-0.06380517827776448
MEK_ERK,-0.08532400137192658,-0.16974650159857896,0.02122985986366374,-0.11261901898194646
PKC,-0.02411498203555377,-0.29636905309783096,0.05204886984635195,-0.09760324758038684
DPD_LB,0,0,0,0
DPD_canc,0,0,0,0
