,iEGFR,iPI3K,iMEK,iPKC
EGFR,0.01926408491755943,-0.03539006493763428,0.15375788825633405,0.12139765283377392
PI3K_AKT,0.0021223753824704,-0.04221185284483791,0.11348200539978912,0.04127136391780061
MEK_ERK,-0.014159516675894835,-0.15299833499681337,0.07055946259906166,-0.052748090890776346
PKC,0.014320994280612849,-0.2831135223875043,0.11236985923030816,0.01498045858597928
DPD_LB,0,0,0,0
DPD_canc,0,0,0,0
