,iEGFR,iPI3K,iMEK,iPKC
EGFR,0.4689910936741684,0.22640287158358358,0.31360309394645225,0.44199893147838604
PI3K_AKT,0.3243060284397349,0.16914536088460339,0.23916325219253334,0.28819339028290414
MEK_ERK,0.16130990917019056,-0.10558765953599145,0.08801069673984303,0.01787654062413202
PKC,0.21052864886294417,-0.2593440307825998,0.1574816312356843,0.09059553403945217
DPD_LB,0,0,0,0
DPD_canc,0,0,0,0
