,iEGFR,iPI3K,iMEK,iPKC
EGFR,-0.15132037269741197,-0.12668082018211438,-0.0037356504206262895,-0.2166383023235094
PI3K_AKT,0.03062997618922547,-0.042835270179461545,0.04764031247695953,-0.11349802682943032
MEK_ERK,-0.10011007718249533,-0.22411464771299355,0.013696819997634438,-0.15240522694274936
PKC,-0.005272375873625606,-0.34347705087403,0.0518077091928723,-0.12707918494128637
DPD_LB,0,0,0,0
DPD_canc,0,0,0,0
