,iEGFR,iPI3K,iMEK,iPKC
EGFR,0.09703769970154927,0.1045819244616961,0.1072529341224992,0.13270220119542717
PI3K_AKT,-0.4764791295130222,-0.43051061044429356,0.06923801447393908,0.07925438769388993
MEK_ERK,-0.060030494281663696,-0.051619838972541444,-0.05272654026546841,0.0932685819774403
PKC,-0.4000642256462551,-0.2838499646939468,0.03147526951913114,-0.12618771886226163
DPD_LB,0,0,0,0
DPD_canc,0,0,0,0
