,iEGFR,iPI3K,iMEK,iPKC
EGFR,-0.116033358166689,-0.0840731389975005,-0.13483133443100204,0.06512715153115359
PI3K_AKT,,,,
MEK_ERK,-0.22220862031540528,-0.15033339814918295,-0.2693957375653766,-0.09638152053231656
PKC,-0.22517134820431653,-0.28108905876984486,-0.0800298100511031,-0.3353907371127681
DPD_LB,0,0,0,0
DPD_canc,0,0,0,0
