,iEGFR,iPI3K,iMEK,iPKC
EGFR,-0.10584018896828333,-0.06794447574415301,-0.12695337436222456,0.06423540169780058
PI3K_AKT,,,,
MEK_ERK,-0.1372914708551663,-0.056456167402492756,-0.16100090270375642,-0.014270018046903763
PKC,-0.17422984989925172,-0.2236156520291011,-0.021297356203438863,-0.28192603492268264
DPD_LB,0,0,0,0
DPD_canc,0,0,0,0
