,iEGFR,iPI3K,iMEK,iPKC
EGFR,-0.09355249857398841,0.030057296236460466,0.027221420914092808,0.032150288457907295
PI3K_AKT,-0.21692262051289965,-0.31276567878642964,0.08807540163179377,0.06992095456338063
MEK_ERK,-0.18976124166021527,-0.079517505808744,-0.08225686019178506,-0.012202971652956834
PKC,-0.23890421659523073,-0.19903597346746957,0.05764072540707511,-0.2275082321128782
DPD_LB,0,0,0,0
DPD_canc,0,0,0,0
