,iEGFR,iPI3K,iMEK,iPKC
EGFR,-0.04352177905175965,0.010759912944494016,-0.051160823912434455,0.06621547821844052
PI3K_AKT,-0.2619110364402378,-0.4071777831786343,0.07071310655735213,0.06721940726131474
MEK_ERK,-0.0781622921079727,-0.08772324658527808,-0.143824797135028,0.026268015994901067
PKC,-0.12985147703049857,-0.2927448640107713,-0.03226917091299789,-0.1858797782329946
DPD_LB,0,0,0,0
DPD_canc,0,0,0,0
