,iEGFR,iPI3K,iMEK,iPKC
EGFR,0.04481553548180519,-0.018811176616102335,-0.008906594716328754,0.10623623726780393
PI3K_AKT,,,,
MEK_ERK,0.09040825183942534,0.05050702586725259,-0.07073997728618492,0.07939539052472569
PKC,-0.016883820300281606,-0.21733968427106876,0.047259312804462154,-0.18460667192499877
DPD_LB,0,0,0,0
DPD_canc,0,0,0,0
