,iEGFR,iPI3K,iMEK,iPKC
EGFR,-0.15546257553515339,-0.059138468503532146,-0.057342856205853734,-0.039578280978604406
PI3K_AKT,-0.19200517457258856,-0.3228807340552664,0.08571634060818056,0.05993664752638727
MEK_ERK,-0.212189842962342,-0.13197013637506153,-0.13488088453912173,-0.0640913604528727
PKC,-0.20974603480996223,-0.20751211448635928,0.03882061246751556,-0.24779077826279722
DPD_LB,0,0,0,0
DPD_canc,0,0,0,0
