,iEGFR,iPI3K,iMEK,iPKC
EGFR,-0.06848494445384784,-0.012079553962942241,-0.06669155174659934,0.07902220360309199
PI3K_AKT,,,,
MEK_ERK,-0.06877968188451838,0.05678046593116637,-0.05748987874466238,0.03048844865385537
PKC,-0.11398620275763141,-0.12364771609922846,0.09268777360707196,-0.17471975057518102
DPD_LB,-0.18029805692523979,-0.016354904197623404,-0.07294784888226495,0.0176584697649078
DPD_Canc,0.09965376933675121,-0.06039742393532095,-0.008334879579969234,-0.17565500290083624
