,iEGFR,iPI3K,iMEK,iPKC
EGFR,0.02184438285630994,0.04540705664171179,0.03330030471102932,0.10156528307921113
PI3K_AKT,-0.43790161883328094,-0.4463940812730691,0.0511770428273851,0.06444340981604693
MEK_ERK,-0.09940260268583587,-0.08379975150607967,-0.09271391985548245,0.06664381423559754
PKC,-0.3505370261916789,-0.3039441304135652,0.014553511796395927,-0.13818820119801536
DPD_LB,0.1866187407357774,-0.2324842304614303,0.45748169958722906,0.10082366308243576
DPD_Canc,-0.26717248547970324,-0.09297214802998406,-0.7343905868970232,-0.351215010511202
