,iEGFR,iPI3K,iMEK,iPKC
EGFR,-0.07604038454114459,0.003707754934048592,-0.05924716916498886,0.02801200410755851
PI3K_AKT,-0.23914597860773115,-0.3725269723842288,0.08575314452597625,0.08319895638323996
MEK_ERK,-0.1130787863493993,-0.10316568995354666,-0.15607816333626132,-0.0005078992961001263
PKC,-0.14385991826551156,-0.2774434226408928,-0.02276924953345328,-0.1914260305728972
DPD_LB,0.33692031338005385,-0.32438265714332204,0.15718816449814768,-0.19615561127940132
DPD_Canc,0.08629178578670742,0.21881819236145433,-0.2662775960276651,0.2801156474372922
