,iEGFR,iPI3K,iMEK,iPKC
EGFR,0.04481553548180519,-0.018811176616102335,-0.008906594716328754,0.10623623726780393
PI3K_AKT,,,,
MEK_ERK,0.09040825183942534,0.05050702586725259,-0.07073997728618492,0.07939539052472569
PKC,-0.016883820300281606,-0.21733968427106876,0.047259312804462154,-0.18460667192499877
DPD_LB,0.0898864953134537,0.08039188195469371,0.17429847171835583,0.09682348073847868
DPD_Canc,-0.1833797278339544,-0.22750996348237038,-0.04889713736325592,-0.24744200502039865
