,iEGFR,iPI3K,iMEK,iPKC
EGFR,-0.036977380099234854,-0.02586333545111623,-0.07663525668812088,0.012596921323839586
PI3K_AKT,-0.14379557830189493,-0.2787375059689934,-0.12765327726386919,-0.1326667551175587
MEK_ERK,-0.25925552762251963,-0.15202788997706435,-0.35297418843648654,-0.08103392326419166
PKC,-0.17313945481555185,-0.18627390374994926,-0.11069421607737594,-0.2864147249379832
DPD_LB,0,0,0,0
DPD_canc,0,0,0,0
