,iEGFR,iPI3K,iMEK,iPKC
EGFR,0.12824790951503295,0.06598018331232396,0.056600200635294445,0.13903329524648422
PI3K_AKT,0.010170310808657202,-0.31266868565026834,0.007613706625804863,0.016107442549386883
MEK_ERK,0.17697109442594003,0.1059620572290146,0.0017675605319893116,0.2086160517190099
PKC,0.12472226853193674,-0.10190164904102995,0.026633702228910323,-0.05197930704511871
DPD_LB,0,0,0,0
DPD_canc,0,0,0,0
