,iEGFR,iPI3K,iMEK,iPKC
EGFR,0.04553356815064473,0.06395465326843043,-0.06976053774725924,0.027179583838967285
PI3K_AKT,-0.03500605268295917,-0.2686651336965586,-0.08888351767919238,-0.057245196893966156
MEK_ERK,-0.023812500211877217,0.17872000732046886,-0.15758629642193153,0.10805180121553976
PKC,0.0048584317047900335,0.044817363240115565,-0.04620528768701262,-0.12164751231503695
DPD_LB,0,0,0,0
DPD_canc,0,0,0,0
