,iEGFR,iPI3K,iMEK,iPKC
EGFR,-0.040100955235175956,-0.02909588518588745,-0.06829797348005012,0.04618872567660196
PI3K_AKT,-0.10170369987572213,-0.20779575108240403,-0.06027925430011689,-0.05714714143317938
MEK_ERK,-0.32073442506901506,-0.23442746047293478,-0.3991703295750343,-0.11072257696465541
PKC,-0.22520184680228506,-0.2569733501975271,-0.16602789395501505,-0.32061411934082756
DPD_LB,0,0,0,0
DPD_canc,0,0,0,0
