,iEGFR,iPI3K,iMEK,iPKC
EGFR,0.08361772826087424,0.014757533103983384,0.033584249883941444,0.09972741984346208
PI3K_AKT,-0.00335024473708252,-0.34527817307572894,0.011239593422781873,0.002922370356869716
MEK_ERK,0.14574097425773774,-0.014204047274167084,0.009881369571099714,0.13712087957808736
PKC,0.08856416399443037,-0.22049557109723625,0.0226742942265288,-0.10028305369998158
DPD_LB,0,0,0,0
DPD_canc,0,0,0,0
