,iEGFR,iPI3K,iMEK,iPKC
EGFR,0.07502572325049668,0.04552907918772489,0.07198455581222493,0.11193744770578017
PI3K_AKT,-0.051573565953322915,-0.48726655346436465,0.0904887775806061,0.01114434755482775
MEK_ERK,-0.10048069961257317,-0.0430241710320541,-0.4409375795515747,0.10656191492649564
PKC,0.03912813459146522,-0.153264618320188,0.07994635906642925,-0.14105656845965342
DPD_LB,0,0,0,0
DPD_canc,0,0,0,0
