,iEGFR,iPI3K,iMEK,iPKC
EGFR,-0.046630633830283374,-0.004242745350916313,0.027214618783851993,0.07720903688862696
PI3K_AKT,-0.047852006518360905,-0.46916366537849397,0.12018729769890817,0.05750370339570236
MEK_ERK,-0.1472342779812566,0.023563434924047687,-0.513724281348372,0.09447158953301181
PKC,-0.0007432033871180341,-0.047963333247768074,0.07213439880602697,-0.07553097624226489
DPD_LB,0,0,0,0
DPD_canc,0,0,0,0
