,iEGFR,iPI3K,iMEK,iPKC
EGFR,-0.07885456432807701,-0.017501544952310696,-0.015924560993726165,0.07150326980682309
PI3K_AKT,-0.04931137939507464,-0.4563854031208428,0.14049617611873103,0.07402921384076655
MEK_ERK,-0.13449030858776176,0.033073186693217016,-0.573288730747667,0.08102926468944825
PKC,-0.024810193268596188,-0.039409231918111326,0.07110642177907396,-0.10411953006309689
DPD_LB,0,0,0,0
DPD_canc,0,0,0,0
