,iEGFR,iPI3K,iMEK,iPKC
EGFR,-0.10788109390989074,-0.05485544577071164,-0.11029263878527697,0.06182362063206587
PI3K_AKT,-0.048061679133990794,-0.4485939471487446,0.1529363035601614,0.0867571565373702
MEK_ERK,-0.09396241704446356,-0.008478721827286201,-0.7640010012053168,0.034170566211844125
PKC,-0.05507121841039268,-0.0923087729907435,0.01018568141722053,-0.1777153930300348
DPD_LB,0,0,0,0
DPD_canc,0,0,0,0
