,iEGFR,iPI3K,iMEK,iPKC
EGFR,-0.15315495958161265,-0.10021449005846053,-0.17466090575660384,0.0443399630280481
PI3K_AKT,-0.1266177327412219,-0.49885338341001123,0.07647595433624654,0.01524152137801953
MEK_ERK,-0.17153971664949005,-0.10227224365132377,-0.8671831865517482,-0.06321302404326407
PKC,-0.17273045237364046,-0.2094048861534063,-0.1166510185382156,-0.32360913813116704
DPD_LB,-1.3527716852498426,-1.2454202904674005,-0.8759807308726478,-0.7660340809788553
DPD_Canc,0.37480944705286645,0.30915646147069187,-0.2977648849320803,0.14911058911964706
