,iEGFR,iPI3K,iMEK,iPKC
EGFR,0.08948763315904987,0.035221302372696384,0.0596746370081184,0.07958864871127583
PI3K_AKT,-0.043103074989878774,-0.4782563680455418,0.0984542813600886,0.012754124390473796
MEK_ERK,-0.06935021220889823,-0.05239560246350429,-0.38622656474779843,0.12727063594450283
PKC,0.016813858304177753,-0.20553581475576252,0.06880593361851163,-0.18698905377202393
DPD_LB,0,0,0,0
DPD_canc,0,0,0,0
