,iEGFR,iPI3K,iMEK,iPKC
EGFR,-0.09709719759621105,-0.04273396848259291,-0.076700037140127,-0.054688643905357555
PI3K_AKT,-0.12970789954675066,-0.2018630141288026,0.03389067375460828,0.016752181798743916
MEK_ERK,-0.23661340202570136,-0.07358486103348377,-0.4501406603081136,0.05807404020389957
PKC,-0.06619307759308138,-0.12734274547134508,-0.06246756225759868,-0.10887542655705508
DPD_LB,0,0,0,0
DPD_canc,0,0,0,0
