,iEGFR,iPI3K,iMEK,iPKC
EGFR,-0.022736183114054877,-0.05290521041939454,-0.10941357742772116,0.15431911775747034
PI3K_AKT,-0.09275027529410007,-0.32051632041430494,-0.04521814017040643,-0.023174981930183962
MEK_ERK,-0.085602222813617,-0.05913991755986495,-0.5076600436881574,0.0063335569200466775
PKC,-0.09021661913794261,-0.12654158359137962,-0.0572640578859226,-0.21922700846528784
DPD_LB,1.3885525667663516,-0.8137057895430132,1.0793785159119123,-0.8423013988936829
DPD_Canc,0.03353332531733559,0.49843929395507997,-1.848685807571949,0.01141811853247671
