,iEGFR,iPI3K,iMEK,iPKC
EGFR,-0.06831822610699144,-0.023190302491121913,-0.21980026028172778,0.11743054412014146
PI3K_AKT,-0.006548970408218925,-0.12207627374513673,0.04716044914068335,0.032962238403318855
MEK_ERK,-0.009160532974492487,-0.08704152983812022,-0.6076840232772096,0.10603589272202034
PKC,0.018612798221862382,-0.032260780344466854,0.08117463795900326,-0.14520778678196467
DPD_LB,0,0,0,0
DPD_canc,0,0,0,0
