,iEGFR,iPI3K,iMEK,iPKC
EGFR,-0.11256078583532626,-0.04617229992041105,-0.02405743107672729,0.09618857042210227
PI3K_AKT,-0.32363786308725073,-0.31997480731979444,0.0005934425314308721,0.03123476127291937
MEK_ERK,-0.26758488803869634,-0.09785748385003352,-0.297138120708226,0.18792396819388849
PKC,-0.2040433053301491,-0.2034899356674768,-0.058070650760799813,-0.09692479059675108
DPD_LB,0,0,0,0
DPD_canc,0,0,0,0
