,iEGFR,iPI3K,iMEK,iPKC
EGFR,-0.07939500159693415,-0.02926406441153338,0.045475894777533436,0.07810477889048383
PI3K_AKT,-0.07630093865202808,-0.23718932527452982,0.010982819527943765,-0.000588735764658126
MEK_ERK,-0.11382105286795256,-0.03275208371471071,-0.10206226226702717,0.016091917854148586
PKC,-0.08419294847080383,-0.04919522534249467,0.013677712835320516,-0.15268301896607755
DPD_LB,0,0,0,0
DPD_canc,0,0,0,0
