,iEGFR,iPI3K,iMEK,iPKC
EGFR,-0.13957755729499088,-0.058971364183634516,-0.06560237292141825,0.054603144641607586
PI3K_AKT,-0.12985138153687317,-0.3681646521360467,0.062347789305145965,0.11867550375222048
MEK_ERK,-0.1676392788003069,-0.10095152266685903,-0.28690683826311475,-0.024344721857444334
PKC,-0.14484287084745412,-0.13714510745563255,-0.025063668050081405,-0.16848895412859793
DPD_LB,0,0,0,0
DPD_canc,0,0,0,0
