,iEGFR,iPI3K,iMEK,iPKC
EGFR,-0.06932354749176797,-0.09780776691167342,-0.06660081229305351,0.11416171579781594
PI3K_AKT,-0.12189052809447233,-0.3443123344798305,-0.013370018073906734,0.01802191620922266
MEK_ERK,-0.14977416095963073,-0.11901390350692227,-0.3856707471616342,0.08028786244729091
PKC,-0.01463173351747385,-0.1704190490303177,-0.09755896749069808,-0.11667859954207398
DPD_LB,0,0,0,0
DPD_canc,0,0,0,0
