,iEGFR,iPI3K,iMEK,iPKC
EGFR,-0.07739951724899362,-0.0755037130751782,-0.05528792248266861,0
PI3K_AKT,-0.14039663837538616,-0.49047805416595125,0.05002184008836111,0
MEK_ERK,-0.05532836148176813,-0.05919599153325007,-0.6958970006735797,0
PKC,-0.08667497668093513,-0.100105233897405,-0.07288392441099596,0
DPD_LB,-1.4318808541658778,-1.136947822719597,-0.45053999868341943,0
DPD_Canc,-0.2296779203503686,0.006299277868280623,-0.2598136630170255,0
