,iEGFR,iPI3K,iMEK,iPKC
EGFR,-0.11835528570075901,-0.0523690496452039,-0.02222292143285516,0.10347757447296331
PI3K_AKT,-0.3131460744477334,-0.3536350735306911,-0.02611450156342069,-0.008342355177294501
MEK_ERK,-0.2823794514520554,-0.10996577406683235,-0.29881812383094464,0.1353009938563944
PKC,-0.21954561548647467,-0.22239677216910067,-0.08780451791936422,-0.16450527651764002
DPD_LB,0,0,0,0
DPD_canc,0,0,0,0
