,iEGFR,iPI3K,iMEK,iPKC
EGFR,-0.14322241482216486,-0.04776725122249044,0.06477653771381317,0
PI3K_AKT,0.06079845092670047,-0.38195648832896556,0.18265035736099106,0
MEK_ERK,0.13061680321140287,-0.06960967263374403,-0.22261660300414077,0
PKC,0.06556099111380312,-0.10205322509897005,0.0027051314684040616,0
DPD_LB,0,0,0,0
DPD_canc,0,0,0,0
