,iEGFR,iPI3K,iMEK,iPKC
EGFR,-0.07056184127473553,-0.08007247485926526,-0.10165865785626804,0.05607630493341151
PI3K_AKT,-0.08778701222336405,-0.25311402887728335,0.026328965873316595,0.040618557608018045
MEK_ERK,-0.07018295289467745,-0.06329490067414789,-0.5549339214796143,0.0019717451375759667
PKC,-0.025554844692235526,-0.07381341989377425,0.040557319657255564,-0.10280044375624943
DPD_LB,0,0,0,0
DPD_canc,0,0,0,0
