,iEGFR,iPI3K,iMEK,iPKC
EGFR,-0.06064869288442217,-0.02896577580106679,-0.027804409110892665,0.03996682528164843
PI3K_AKT,-0.04506023802920774,-0.1932475686801152,-0.0122052645104561,-0.007861272140622672
MEK_ERK,-0.07100578560652065,-0.056386956739948424,-0.13920911893936488,-0.02384502468674027
PKC,-0.056893853549838336,-0.06229463972672963,0.008197558027820868,-0.15121543364854848
DPD_LB,-1.7956982792630627,-1.6551825386712689,0.24365663753964437,-0.8379614843182542
DPD_Canc,-0.22510461638457033,0.012538577792050577,-0.5150931883674511,-0.341009979385894
