,iEGFR,iPI3K,iMEK,iPKC
EGFR,-0.07460195978893411,-0.04780011177265347,-0.03400936383467128,0.022206551875221765
PI3K_AKT,-0.03259099066270701,-0.18698351556587806,-0.0027026909500405412,-0.0010841468429518292
MEK_ERK,-0.03858870559181435,-0.035090699180569014,-0.09076616652455329,0.0009053744325488975
PKC,-0.05208973831311526,-0.06297551384098046,0.0008163427063932147,-0.1554377242851631
DPD_LB,0,0,0,0
DPD_canc,0,0,0,0
