,iEGFR,iPI3K,iMEK,iPKC
EGFR,-0.0787968945210972,-0.11777181064178241,-0.1533206192793606,0.05072008243034566
PI3K_AKT,-0.10027923722337809,-0.45955076351529395,-0.05635115920337312,0.004153841671454118
MEK_ERK,-0.0977484365718179,-0.11568604661479169,-0.5034814590225315,-0.017918866122968342
PKC,-0.023924319376213646,-0.24519251416936585,-0.17504912079801804,-0.2247436926379054
DPD_LB,0,0,0,0
DPD_canc,0,0,0,0
