,iEGFR,iPI3K,iMEK,iPKC
EGFR,-0.10857567138967533,-0.03562299183187511,0.032813725855364115,0.06258590474195647
PI3K_AKT,-0.07233949252882592,-0.24358174112272493,0.010880456735837861,0.006948393477668444
MEK_ERK,-0.12499848066634162,-0.044309064081590424,-0.08879489839371135,0.009244496305788746
PKC,-0.09001332232947686,-0.05738370988928845,0.00809060425015467,-0.14024489042111227
DPD_LB,0,0,0,0
DPD_canc,0,0,0,0
