,iEGFR,iPI3K,iMEK,iPKC
EGFR,-0.11183567853482486,0.03452137607590722,0.026865315718047223,-0.0849301745842463
PI3K_AKT,-0.07983358079476607,-0.004408890386885041,0.0365144647160523,-0.02806283203395248
MEK_ERK,-0.09918561229544832,0.07130381198748849,-0.04183700453601437,-0.0920820290503423
PKC,-0.09853446064949645,-0.0006713567961986025,0.05437327052478508,-0.3478471733298751
DPD_LB,0,0,0,0
DPD_canc,0,0,0,0
