,iEGFR,iPI3K,iMEK,iPKC
EGFR,-0.09566964596444184,-0.08895067760934194,-0.07456364817832749,0.0700883507068924
PI3K_AKT,-0.10067601305220167,-0.3525208724847431,-0.015559632300802758,-0.000694028579866335
MEK_ERK,-0.12674892534194665,-0.040341308634238994,-0.4534352497138646,0.007181285231951358
PKC,-0.07888373461968388,-0.06911862907142974,-0.033709067546255654,-0.16466425516368588
DPD_LB,0,0,0,0
DPD_canc,0,0,0,0
