,iEGFR,iPI3K,iMEK,iPKC
EGFR,-0.02935818332526062,-0.09271119502917019,-0.24153447928403887,0.05196306326818926
PI3K_AKT,-0.05970249258253334,-0.22752964862281227,-0.04850647959849968,-0.0075419110822462715
MEK_ERK,-0.049692949054686866,-0.07145467657890761,-0.6883455427795406,-0.022690073809211713
PKC,-0.01865598803970068,-0.09103233984008734,-0.12216146975235763,-0.20400034560765257
DPD_LB,-0.2668007529763487,-0.44463223900603727,-0.10786462780753803,-0.8557275495980323
DPD_Canc,-0.2179522581563256,0.012976192402175374,-0.8462425798380131,-0.35592617923871384
