,iEGFR,iPI3K,iMEK,iPKC
EGFR,-0.051501199276785654,0.006097067344916928,-0.1672159440190398,0.057156033509578145
PI3K_AKT,-0.029797727445237256,-0.166767164223182,0.01312475837560466,0.016636007685113505
MEK_ERK,-0.10811406702308479,-0.022667456107919887,-0.6129769297844979,0.0883089123462536
PKC,0.0026172947627893413,-0.020750881481927608,0.013669977079337273,-0.12722876091595797
DPD_LB,0,0,0,0
DPD_canc,0,0,0,0
