,iEGFR,iPI3K,iMEK,iPKC
EGFR,-0.061118856030553156,-0.0868783631606673,-0.13746968729871273,0.10588112891094177
PI3K_AKT,-0.06772929435447347,-0.3145625237518107,-0.031755121717300244,-0.008111985319994793
MEK_ERK,-0.0742829070621051,-0.06033631941563032,-0.5045343407428529,0.0007466740742635609
PKC,-0.08330324732766982,-0.12372087550549533,-0.06285745559415942,-0.2192919913491052
DPD_LB,0,0,0,0
DPD_canc,0,0,0,0
