,iEGFR,iPI3K,iMEK,iPKC
EGFR,-0.10073391251829299,-0.05225673336904554,-0.06359342537774179,-0.04297023289164588
PI3K_AKT,-0.15257538995183456,-0.24812150196314411,0.023976559154183483,0.0038132611763703915
MEK_ERK,-0.24616750999029763,-0.0603286286051997,-0.46789164838683855,0.047754298128191465
PKC,-0.06177942157983797,-0.10484640320760301,-0.06272931560993353,-0.1024357455007912
DPD_LB,0,0,0,0
DPD_canc,0,0,0,0
