,iEGFR,iPI3K,iMEK,iPKC
EGFR,-0.028461567516970595,-0.08226217697354887,-0.2051707958715072,0.07145279637828512
PI3K_AKT,-0.011099753513191927,-0.20133947766190147,0.024296292923016948,0.0469347149301233
MEK_ERK,-0.005078290311194825,-0.017515861197239472,-0.6022005585692563,0.04575830336504376
PKC,0.040568866686240025,-0.024511760372836332,-0.013014174382761099,-0.12101274234128662
DPD_LB,0.19253983239757863,-0.3155958546808207,0.36571114520235626,-0.9840494465742937
DPD_Canc,-0.03873153705117849,0.2783064410249197,-0.7485022252571955,-0.21944637124974117
