,iEGFR,iPI3K,iMEK,iPKC
EGFR,-0.2555286116406396,-0.06531836505207715,0.06965770704261551,0
PI3K_AKT,-0.019263555574909424,-0.03854402309731532,0.007388631490572423,0
MEK_ERK,-0.18718914050802565,-0.07398858743996135,-0.37112068610835147,0
PKC,-0.0018172407749641956,-0.07238747720732737,-0.03869523292600939,0
DPD_LB,0.3026287932503202,-0.1485077322024252,0.08814787609721982,0
DPD_Canc,-0.1628285654040672,-0.33300593396230493,-0.7636234469173835,0
