,iEGFR,iPI3K,iMEK,iPKC
EGFR,-0.20128465358465147,0.0035558375904371844,-0.12198287707176403,0.06231422421905047
PI3K_AKT,-0.06992250080055529,-0.16360655626316267,-0.0005092975533321813,0.01247769747957027
MEK_ERK,-0.24519827546302117,-0.007721482260659424,-0.4830734801637693,0.14332733868863762
PKC,-0.14787805170692664,-0.07393143417210567,-0.033290836411448005,-0.1270952293296983
DPD_LB,0,0,0,0
DPD_canc,0,0,0,0
