,iEGFR,iPI3K,iMEK,iPKC
EGFR,0.008985631319001396,-0.07332321886689652,-0.03546182073485404,0
PI3K_AKT,-0.13596299067727277,-0.280488158047801,0.07832315396910557,0
MEK_ERK,0.09973460239320929,-0.027886483168567105,-0.19226831809786007,0
PKC,-0.03495020823059387,-0.11708982960342607,0.023207724356805272,0
DPD_LB,0,0,0,0
DPD_canc,0,0,0,0
