,iEGFR,iPI3K,iMEK,iPKC
EGFR,-0.13806325651142243,-0.0733499767209465,0.028943385026017135,0
PI3K_AKT,0.09471935174775474,-0.36039357866149685,0.21070420173469814,0
MEK_ERK,0.08585496244529964,-0.08342770382277705,-0.3661341695174414,0
PKC,0.0700869621821958,-0.07078734204303826,0.006062132666024817,0
DPD_LB,0,0,0,0
DPD_canc,0,0,0,0
