,iEGFR,iPI3K,iMEK,iPKC
EGFR,-0.12535257692894677,-0.17094229979703573,-0.03818224903088708,-0.21956669563353454
PI3K_AKT,-0.1279503572397906,-0.14517759479081266,-0.05243002609842711,-0.18485555371113743
MEK_ERK,-0.006040884312226394,-0.015453698181721764,-0.010684403721493249,-0.1351003601426031
PKC,0.025924732021811954,-0.04807884333618707,0.013812106041815304,-0.5080459275900033
DPD_LB,0.0430407968557141,0.18112049246703593,0.07224975801538448,-0.09351776427755154
DPD_Canc,0.33040946476594957,0.37337551781938166,0.19222772220381448,0.5160246697831442
