,iEGFR,iPI3K,iMEK,iPKC
EGFR,-0.1975129560125635,-0.04861980693673255,-0.046054303799608065,0.0958061165515889
PI3K_AKT,-0.4814964016651594,-0.44971897272636085,0.018933426564866705,0.13540949222931029
MEK_ERK,-0.1098227681326602,-0.03023351768845533,-0.29541054107907155,0.01716614412752976
PKC,-0.2640872835790064,-0.21275104953534826,-0.10938635386541566,-0.16356232655708866
DPD_LB,0.17718614142710032,-0.026620593079913175,-0.019043896652326135,0.0375685259845333
DPD_Canc,0.03032495024265101,-0.03176076884050402,-0.14776833702969538,-0.1807257779394483
