,iEGFR,iPI3K,iMEK,iPKC
EGFR,-0.0879029397209582,0.04368623341125867,0.027187089141309823,-0.03654614920905838
PI3K_AKT,-0.06196232033254448,0.004581320686932957,0.0398944426649279,0.011560281374720165
MEK_ERK,-0.09796045031411955,0.05141016105065267,-0.024625242570298765,-0.05093886037615424
PKC,-0.08017882449396041,-0.015071965831031266,0.0330802611962174,-0.32692471634101405
DPD_LB,-0.09360834115359108,0.12691057984423415,0.010115834021566452,-0.10899990413405387
DPD_Canc,0.09319796365571835,-0.9483246321354258,-0.2904450008178473,0.330276597304132
