,iEGFR,iPI3K,iMEK,iPKC
EGFR,-0.21946755388787056,-0.0028695426908354527,0.16775168099141366,0
PI3K_AKT,-0.030600944013545548,-0.02801849536012065,0.003373938546357206,0
MEK_ERK,-0.22739875166335646,-0.053855407993383925,-0.33479056191478546,0
PKC,-0.010269558618146163,-0.06236420998527459,-0.03968512113076857,0
DPD_LB,0,0,0,0
DPD_canc,0,0,0,0
