,iEGFR,iPI3K,iMEK,iPKC
EGFR,-0.029056294491270864,-0.09590161457778248,-0.11346108456007524,0.11363337184780588
PI3K_AKT,-0.051288758800814946,-0.2827608249084147,-0.0079041164059867,0.047966232654012904
MEK_ERK,-0.06685616447445497,-0.09308005766338504,-0.4940592491328124,0.07625217369448023
PKC,0.056311114710478005,-0.11838213352510797,-0.11566613914602085,-0.08517971103696213
DPD_LB,0,0,0,0
DPD_canc,0,0,0,0
