,iEGFR,iPI3K,iMEK,iPKC
EGFR,-0.13018029117645696,-0.13405266573502214,-0.14594862078928378,0.03148364576811585
PI3K_AKT,-0.13179613495158138,-0.4500565115676008,-0.038256507720657446,-0.00021746207015806496
MEK_ERK,-0.14008815761364732,-0.09263067217298566,-0.4732386492944237,-0.008312117688821343
PKC,-0.034064256587897634,-0.1832228559399596,-0.10406271687744217,-0.19996430978668692
DPD_LB,1.4698074920990933,0.052948251831657675,1.8339750370697219,-0.18583659512060263
DPD_Canc,1.9693650844206174,1.7506045290137258,-0.7187917006007757,0.957175254486112
