,iEGFR,iPI3K,iMEK,iPKC
EGFR,0.04447353675708903,0.08869733608444516,0.04434540144853574,0.14362294385957497
PI3K_AKT,0.01891206622029176,0.046239105830198864,0.029872380986687312,0.10544811413788177
MEK_ERK,-0.0543915764661637,0.17290810606437576,0.052436420136168053,0.15421706154940912
PKC,-0.020370157513324737,0.09493325861853871,0.05664784275231308,-0.24180929506456117
DPD_LB,0,0,0,0
DPD_canc,0,0,0,0
