,iEGFR,iPI3K,iMEK,iPKC
EGFR,-0.12863483165605719,0.010947746752421907,-0.03714135445129343,0
PI3K_AKT,-0.03650628398888823,-0.04341618974934519,-0.026498911521675272,0
MEK_ERK,-0.11247161921569579,-0.049418634060893606,-0.44111527521084754,0
PKC,-0.06231217121234489,-0.03720442036780317,-0.055887918716626725,0
DPD_LB,0,0,0,0
DPD_canc,0,0,0,0
