,iEGFR,iPI3K,iMEK,iPKC
EGFR,-0.1382962909225243,-0.025977359943679626,0.022770574923072502,0
PI3K_AKT,-0.08416904431488258,-0.05591343282601572,-0.05437842620271657,0
MEK_ERK,-0.2726665284445671,-0.08210679204009232,-0.2948016482738138,0
PKC,-0.11121172912314738,-0.10664525060735229,-0.08420656009118567,0
DPD_LB,0,0,0,0
DPD_canc,0,0,0,0
