,iEGFR,iPI3K,iMEK,iPKC
EGFR,-0.07563074207128499,-0.05316374378145684,-0.01001783407476221,0
PI3K_AKT,-0.014193553601064907,-0.3936837883222568,0.1752450902849476,0
MEK_ERK,-0.002610366084920692,-0.02346925567846955,-0.6145189824942434,0
PKC,-0.02272083620861503,-0.04093963356778166,-0.0056655421563202215,0
DPD_LB,-1.1684315739865785,-1.0606253573536988,0.4416700101905173,0
DPD_Canc,-0.15230959144049067,0.07677343123647244,-0.19077057208939652,0
