,iEGFR,iPI3K,iMEK,iPKC
EGFR,-0.24333456382436058,-0.12341558887254503,-0.05811067885219207,0.09757230378995506
PI3K_AKT,-0.51960594657996,-0.4738946004623154,0.0008551110135260081,0.12991336848221502
MEK_ERK,-0.12559386982396792,-0.09904126879009965,-0.34606448166571563,0.008893259250181007
PKC,-0.3231190363524241,-0.2922014416643891,-0.15611710006700735,-0.18941863180707674
DPD_LB,0.13425590173783092,-0.07918354242775741,-0.056112078393306335,0.015875973793185658
DPD_Canc,0.013375958252642426,-0.006143605381304647,-0.13357840318225017,-0.21053439110015132
