,iEGFR,iPI3K,iMEK,iPKC
EGFR,-0.3596895190265604,0.1554783511725525,0.1396911329721686,0.13919987104069634
PI3K_AKT,-0.38033261153033915,0.2005200897765899,0.18972382926105982,0.1925748104662144
MEK_ERK,-0.24759923832254604,0.013266539142062666,0.06659777758333474,-0.18366849413804462
PKC,-0.3683118221914504,-0.14368177232530982,0.14810810936039429,0.10976294243092885
DPD_LB,0,0,0,0
DPD_canc,0,0,0,0
