,iEGFR,iPI3K,iMEK,iPKC
EGFR,-0.16703889062579802,-0.06980531900205923,-0.11326960678834617,0.014328490569530441
PI3K_AKT,-0.34645312438554715,-0.4284962713986582,0.039423295601861176,0.11355166063754432
MEK_ERK,-0.23660584194437786,-0.03044620864090988,-0.2718354212861173,-0.03377882282826515
PKC,-0.18065920591237875,-0.11637910132258428,-0.047968070552205325,-0.1588605912893448
DPD_LB,0,0,0,0
DPD_canc,0,0,0,0
