,iEGFR,iPI3K,iMEK,iPKC
EGFR,-0.28262526620962375,0.22705801867981867,0.15838160457391198,0.2464638204963655
PI3K_AKT,-0.3370468756231189,0.1997246686413504,0.1387687802148566,0.23286362928753732
MEK_ERK,-0.19691310980449914,0.09616987985370232,0.1019750536408885,-0.07877599941787398
PKC,-0.31288774416558635,-0.13300655978482634,0.11963484501508381,0.18026966020780724
DPD_LB,0,0,0,0
DPD_canc,0,0,0,0
