,iEGFR,iPI3K,iMEK,iPKC
EGFR,-0.029056294491270864,-0.09590161457778248,-0.11346108456007524,0.11363337184780588
PI3K_AKT,-0.051288758800814946,-0.2827608249084147,-0.0079041164059867,0.047966232654012904
MEK_ERK,-0.06685616447445497,-0.09308005766338504,-0.4940592491328124,0.07625217369448023
PKC,0.056311114710478005,-0.11838213352510797,-0.11566613914602085,-0.08517971103696213
DPD_LB,0.6130626175821188,-0.6380620373723989,0.0347442524167808,-0.8964134449498801
DPD_Canc,-0.14952402822500666,0.18052809999464026,-0.91874051791301,-0.5004148265302902
