,iEGFR,iPI3K,iMEK,iPKC
EGFR,-0.06708235395004454,-0.0870119979016389,-0.032613741565053485,0
PI3K_AKT,-0.12637226941570853,-0.3506939461212192,0.06788447084345839,0
MEK_ERK,0.07553329044479164,-0.07209591519880361,-0.22441170859869433,0
PKC,-0.021977337922764392,-0.13317506363232084,-0.01021348956436275,0
DPD_LB,0,0,0,0
DPD_canc,0,0,0,0
