,iEGFR,iPI3K,iMEK,iPKC
EGFR,-0.10538929417668472,-0.03821789404226118,-0.046321780677747906,0.069709747938944
PI3K_AKT,-0.09542105271893621,-0.3253362382788853,0.08916828538102033,0.1490256577025282
MEK_ERK,-0.11461128773229308,-0.059107107266779084,-0.2509007597212159,0.009491661849596586
PKC,-0.058765935429469195,-0.07918250621520163,0.03674628576224696,-0.11583237042328398
DPD_LB,0.01872802594616852,-0.006653053034479018,0.058403809339777235,0.02982788572128059
DPD_Canc,-0.01937028541714512,0.08668280028545976,-0.14155381879387793,-0.09963925707768087
