,iEGFR,iPI3K,iMEK,iPKC
EGFR,0.06201398907768009,-0.0922340385702723,0.18111555973344087,-0.03565696594658521
PI3K_AKT,-0.13626021311902914,-0.19753402054951838,0.2362840375361082,-0.030913687139609777
MEK_ERK,0.08180253373198147,-0.02309385900735953,0.22283463676829213,-0.20031063319118805
PKC,-0.0526596278745072,-0.40565424979076836,0.23485164997397717,-0.06586126956271428
DPD_LB,0,0,0,0
DPD_canc,0,0,0,0
