,iEGFR,iPI3K,iMEK,iPKC
EGFR,-0.17930805770777444,-0.11681955438981188,-0.08144949409949229,-0.20816064722944755
PI3K_AKT,-0.17037965730132512,-0.11462679913393892,-0.08664541038612424,-0.18305681823897965
MEK_ERK,-0.1421214281635913,-0.0014231925605594365,-0.1371752005519118,-0.17180497582015586
PKC,-0.10311489707124397,-0.05128630418939356,-0.062251955757659565,-0.5152694019007996
DPD_LB,0,0,0,0
DPD_canc,0,0,0,0
