,iEGFR,iPI3K,iMEK,iPKC
EGFR,-0.010444461311240999,0.03062634566669717,-0.15401770134357995,0.10158854027193082
PI3K_AKT,-0.013430766794145479,-0.15222371175203797,0.020832333982167137,0.02172222810192509
MEK_ERK,-0.0435957801732975,-0.036214441331311346,-0.6137893842164592,0.09682409906772889
PKC,0.03324711794204856,-0.0026022000262998497,0.023396276868034752,-0.12909965309702964
DPD_LB,1.4010112399493841,1.2960070549834628,1.1054176168108716,1.317937963786854
DPD_Canc,-0.23314092758170515,-0.21434251693581272,-0.659181387000635,-0.18072019305042622
