,iEGFR,iPI3K,iMEK,iPKC
EGFR,-0.056050319527540395,-0.10931024311572005,-0.002139367608293113,0.11913313760565541
PI3K_AKT,-0.04747764790364531,-0.248651019926333,0.04802896328662958,0.05917832887626788
MEK_ERK,-0.029987247607942927,0.05461608268548054,-0.3158294146931269,0.07359520514679795
PKC,-0.005587861997208362,-0.018599674507157195,0.05086885910264586,-0.01909713970790751
DPD_LB,0,0,0,0
DPD_canc,0,0,0,0
