,iEGFR,iPI3K,iMEK,iPKC
EGFR,0.05302943254298383,0.048608376758007284,-0.03232193391844287,0.019317396754169148
PI3K_AKT,,,,
MEK_ERK,0.04182979821823747,-0.020784286424015218,-0.02515893474576374,-0.04638852306886387
PKC,-0.003035316630905527,-0.10818535297429097,-0.03777152160719219,0.014125268201954666
DPD_LB,0,0,0,0
DPD_canc,0,0,0,0
