,iEGFR,iPI3K,iMEK,iPKC
EGFR,-0.11678671367623779,-0.1442288188319191,0,-0.0034329342925900844
PI3K_AKT,-0.18949726249318227,-0.4100416021865777,0,0.11881900176769256
MEK_ERK,-0.20872444927722125,-0.18685912311268488,0,-0.08099885127145148
PKC,-0.11945035422488469,-0.2103879345079506,0,-0.2010438818762888
DPD_LB,0,0,0,0
DPD_canc,0,0,0,0
