,iEGFR,iPI3K,iMEK,iPKC
EGFR,0.07236514272389549,0.12507732543347996,0.032157403611158146,0.05077704676690221
PI3K_AKT,,,,
MEK_ERK,0.029655497710409314,0.0058047995447012835,0.0034761350989478837,-0.0371361641124712
PKC,-0.005442213752334628,-0.1328733382716011,0.008453263709870354,0.019571265626796924
DPD_LB,0,0,0,0
DPD_canc,0,0,0,0
