,iEGFR,iPI3K,iMEK,iPKC
EGFR,0.1030237929121787,0.23805656913640158,0.16338170207852293,0.1767919808855288
PI3K_AKT,,,,
MEK_ERK,0.061692901868243895,0.09988123038423216,0.07736804633783932,-0.005172564481957074
PKC,-0.01947286646576397,-0.1036236826672821,0.0694871567873346,0.01627469041185792
DPD_LB,0,0,0,0
DPD_canc,0,0,0,0
