,iEGFR,iPI3K,iMEK,iPKC
EGFR,-0.2162108950520638,-0.2197650050006504,0,-0.1624029503845686
PI3K_AKT,-0.5552343823414544,-0.5097136964715386,0,0.05378578509013375
MEK_ERK,-0.2894115101308887,-0.19986180417349955,0,-0.09447219445726919
PKC,-0.43590893259031716,-0.31999549840338837,0,-0.3248084433985678
DPD_LB,-0.01776869917689866,-0.0020688366326619355,0,-0.07065117416010303
DPD_Canc,-0.24671009146275844,0.2514340569300882,0,0.022522976048862237
