,iEGFR,iPI3K,iMEK,iPKC
EGFR,-0.20363939929639377,-0.0701775835410352,0,0.0043740386920141415
PI3K_AKT,-0.18820882613875053,-0.36852031217755066,0,0.04836594327943605
MEK_ERK,-0.33491300654330525,-0.1413805034548632,0,-0.14343986290873154
PKC,-0.18209408995330692,-0.13103342042898872,0,-0.25026512166368936
DPD_LB,-0.06065672742830937,-0.05026362796210458,0,-0.05014463282522643
DPD_Canc,0.24796738630077453,0.06083402239121394,0,0.2532359789402784
