,iEGFR,iPI3K,iMEK,iPKC
EGFR,0.19083103228678303,0.10467454454451651,0.12760381815791033,0.2992255562887674
PI3K_AKT,0.0073773305684812504,-0.26092836964759575,0.04283455749293204,0.05758665772343884
MEK_ERK,0.06441473268451627,0.08952573581460851,-0.31532632188259485,0.15602364349490686
PKC,0.07232092841706372,-0.08860586913802643,-0.024590961979329192,-0.038161584638969605
DPD_LB,0,0,0,0
DPD_canc,0,0,0,0
