,iEGFR,iPI3K,iMEK,iPKC
EGFR,-0.2504257277210469,-0.20564997489235842,0,-0.10734405919158427
PI3K_AKT,-0.5501416945454108,-0.5080654187395717,0,0.045526514050300185
MEK_ERK,-0.3447301782920685,-0.18924748933935842,0,-0.06311944434960308
PKC,-0.43832913164018694,-0.3011651930372565,0,-0.27733969727296515
DPD_LB,-0.05212721064178086,-0.021759874705452147,0,-0.07590637335894501
DPD_Canc,0.13114856788977775,0.32603830153046903,0,-0.14242528761005396
