,iEGFR,iPI3K,iMEK,iPKC
EGFR,-0.11341211556657167,-0.13910589161317774,0,0.015507485207791107
PI3K_AKT,-0.2736946863647199,-0.44449125448651416,0,0.11390523199304284
MEK_ERK,-0.23124579281474603,-0.1798317662813536,0,-0.04753092903607662
PKC,-0.1846916619940918,-0.25019721020278823,0,-0.20552484151426542
DPD_LB,0,0,0,0
DPD_canc,0,0,0,0
