,iEGFR,iPI3K,iMEK,iPKC
EGFR,0.10577993194345676,0.2739422337520117,0.22695524579196238,0.23697471863315558
PI3K_AKT,,,,
MEK_ERK,0.05710343451924012,0.10250283400961509,0.10174289969769672,-0.0030724894839925143
PKC,-0.06258274142718197,-0.11629891557398193,0.09696019535386975,0.03634857462629026
DPD_LB,0.12299291562786437,0.22663532748686663,0.21479247996484577,0.27714507056353754
DPD_Canc,-0.07028871504268816,-0.12615547214588757,-0.09997456884233911,-0.2384829184801913
