,iEGFR,iPI3K,iMEK,iPKC
EGFR,0.10577993194345676,0.2739422337520117,0.22695524579196238,0.23697471863315558
PI3K_AKT,,,,
MEK_ERK,0.05710343451924012,0.10250283400961509,0.10174289969769672,-0.0030724894839925143
PKC,-0.06258274142718197,-0.11629891557398193,0.09696019535386975,0.03634857462629026
DPD_LB,0,0,0,0
DPD_canc,0,0,0,0
