,iEGFR,iPI3K,iMEK,iPKC
EGFR,-0.009798806421975375,0.06323125658581435,0.12331153075595516,-0.08695807112876279
PI3K_AKT,-0.020268964262345812,0.008911547891794125,-0.021963729608583414,0.007200048299240328
MEK_ERK,-0.10257899017639961,0.02486911218774039,0.007035236423032369,-0.4003167436439648
PKC,-0.018226611451844687,-0.012566408741610765,-0.22440498936293723,0.016823236780973694
DPD_LB,0,0,0,0
DPD_canc,0,0,0,0
