,iEGFR,iPI3K,iMEK,iPKC
EGFR,0.1692395697728433,0.16162354412096533,0.09858771285993695,0.12101690070068935
PI3K_AKT,,,,
MEK_ERK,0.11041822054855298,0.038406187979628824,0.05564835886098506,0.029497286481881123
PKC,0.044717521000786804,-0.036374541850262475,0.0026082950434150624,0.034161272046473415
DPD_LB,0,0,0,0
DPD_canc,0,0,0,0
