,iEGFR,iPI3K,iMEK,iPKC
EGFR,0.05138283049886879,-0.012682978522727612,-0.0857375854862251,-0.03639584018297722
PI3K_AKT,0.017667398658827566,0.03466565284166376,-0.13713501653771465,0.03448989630024635
MEK_ERK,-0.02503224245410255,-0.017880654783447608,-0.11889276980284552,-0.36404707924758556
PKC,-0.016750078877120378,0.018373792998163295,-0.14191365325953134,-0.004377559731953551
DPD_LB,0,0,0,0
DPD_canc,0,0,0,0
