,iEGFR,iPI3K,iMEK,iPKC
EGFR,-0.1119983068290859,-0.14339936574949125,-0.07202013917035285,0.06551007322203392
PI3K_AKT,-0.0630975964798425,-0.25125676907624406,0.02977609556463487,0.03273723731726782
MEK_ERK,-0.0618495847595528,0.0002222078142583417,-0.44607309512952703,0.004299777673424833
PKC,-0.03579071805685758,-0.06197115539599221,0.022110187496961323,-0.08858709103437247
DPD_LB,0,0,0,0
DPD_canc,0,0,0,0
