,iEGFR,iPI3K,iMEK,iPKC
EGFR,-0.2529589614488693,-0.14948490528502054,0,-0.04230708999567044
PI3K_AKT,-0.1811488808607533,-0.36991485532818974,0,0.0906104702344933
MEK_ERK,-0.38775781534318754,-0.204340747385693,0,-0.18164856304411028
PKC,-0.1886278269427762,-0.15440721581999456,0,-0.23964943812470615
DPD_LB,-0.04787185679361032,-0.05698093633957551,0,-0.05221323468450783
DPD_Canc,0.5299176409207752,0.5169802999608942,0,0.5708144720676315
