,iEGFR,iPI3K,iMEK,iPKC
EGFR,-0.0706252865247389,-0.06957076168537005,-0.14013506690646696,0.03918236915366074
PI3K_AKT,-0.11561192425574256,-0.3428517338690063,0.0024502807563956835,-0.04901790348237625
MEK_ERK,-0.10046803351288558,-0.07640865689018007,-0.5758401305220824,-0.08695681698175982
PKC,-0.05242182689375967,-0.14321125559478423,-0.025691068234151935,-0.2744049382010735
DPD_LB,0,0,0,0
DPD_canc,0,0,0,0
