,iEGFR,iPI3K,iMEK,iPKC
EGFR,-0.09983098107315641,-0.10879664213563356,-0.07606058323570118,0.07292359911949599
PI3K_AKT,-0.15787493841192723,-0.339497258653563,0.01775967848827207,0.022888000551543226
MEK_ERK,-0.2547073014167789,-0.09100162123655298,-0.21567778002659987,0.0555538754638396
PKC,-0.0844863342018614,-0.17894106861454376,-0.02762284392680888,-0.11412151933181805
DPD_LB,0,0,0,0
DPD_canc,0,0,0,0
