,iEGFR,iPI3K,iMEK,iPKC
EGFR,-0.05085120582087122,-0.02326116618308014,0.06235766510071649,0.13711867500430605
PI3K_AKT,-0.2321882508392521,-0.32561096205331586,0.14951514895324555,0.1338601593485175
MEK_ERK,-0.18443249113789184,-0.012639958619949182,-0.2032637569992072,0.04143043355902368
PKC,-0.08461195518014616,-0.045615585119262926,0.036002265098259545,-0.1693453682210485
DPD_LB,0.40055031186114876,0.009889608688332944,0.34286058859944823,-0.07589437004248416
DPD_Canc,0.6752671660128411,0.7311926189975128,-1.4870670360758658,0.5216621373546912
