,iEGFR,iPI3K,iMEK,iPKC
EGFR,-0.0706252865247389,-0.06957076168537005,-0.14013506690646696,0.03918236915366074
PI3K_AKT,-0.11561192425574256,-0.3428517338690063,0.0024502807563956835,-0.04901790348237625
MEK_ERK,-0.10046803351288558,-0.07640865689018007,-0.5758401305220824,-0.08695681698175982
PKC,-0.05242182689375967,-0.14321125559478423,-0.025691068234151935,-0.2744049382010735
DPD_LB,0.22792817262716258,-1.6219406139304635,0.7028846189556954,-1.4446335734083138
DPD_Canc,-0.03558533252280201,0.10772465415950645,-0.20891485235130586,0.2002067317245093
