,iEGFR,iPI3K,iMEK,iPKC
EGFR,-0.0757735333394748,-0.09826814028337345,-0.05650305114770207,0.0893259404828754
PI3K_AKT,-0.10839626758914833,-0.4118443928524793,0.030059121342732847,0.02899908592199641
MEK_ERK,-0.21165611182654862,-0.10364727740274349,-0.287029879367472,0.04058326606445753
PKC,-0.0128503107536986,-0.15861044740119004,0.008547774903253348,-0.09239280909022421
DPD_LB,0,0,0,0
DPD_canc,0,0,0,0
