,iEGFR,iPI3K,iMEK,iPKC
EGFR,-0.10768327256680166,-0.10844351985624959,-0.0385133554957298,0.1001204509465726
PI3K_AKT,-0.22156349274659817,-0.34501108494678306,0.14101380958922535,0.15178056980976143
MEK_ERK,-0.10498285894628795,-0.03644917252014034,-0.40377945117886394,0.016551421657564704
PKC,-0.06274242695401894,-0.0813851902291746,0.042153345793921874,-0.17497288390107282
DPD_LB,0,0,0,0
DPD_canc,0,0,0,0
