,iEGFR,iPI3K,iMEK,iPKC
EGFR,-0.049352345714191434,-0.0775754001887688,-0.0609080267908815,0.08621686695767164
PI3K_AKT,-0.05451800682005686,-0.36284300033338734,0.06413233092947879,0.04909501611631615
MEK_ERK,-0.12643099097148514,-0.08498840379435395,-0.3542817383933062,0.019478626487408827
PKC,0.0166489849476641,-0.1347042961878811,0.01967820829946419,-0.11926303448035644
DPD_LB,0,0,0,0
DPD_canc,0,0,0,0
