,iEGFR,iPI3K,iMEK,iPKC
EGFR,-0.1189900208842798,-0.10890239826019796,-0.055693399457115184,0.08114588645835077
PI3K_AKT,-0.28868532552269643,-0.40709783162849944,0.06088442715118149,0.057524955124667605
MEK_ERK,-0.14094526531466134,-0.06852720934360741,-0.475977226398316,-0.04384069998150086
PKC,-0.11472885040054802,-0.13857368843146906,-0.010800409492246171,-0.2758376996844769
DPD_LB,0,0,0,0
DPD_canc,0,0,0,0
