,iEGFR,iPI3K,iMEK,iPKC
EGFR,-0.07357289700962928,-0.08474552522310835,-0.06627851037504087,0.08654979741080013
PI3K_AKT,-0.14929551670601496,-0.27791420733912453,0.03147593687981238,0.04128682512965078
MEK_ERK,-0.20587935737630209,-0.06154242822762331,-0.19697931911773348,0.07387107948443013
PKC,-0.08668562338739662,-0.15752754299639474,-0.0358965941499355,-0.10891145408101145
DPD_LB,0,0,0,0
DPD_canc,0,0,0,0
