,iEGFR,iPI3K,iMEK,iPKC
EGFR,-0.05751632385637539,-0.011924150704260816,0.07379313805543444,0.1320235655487119
PI3K_AKT,-0.2870276831775502,-0.3359128496548941,0.10867409636003691,0.10433447053025384
MEK_ERK,-0.2374728768794904,-0.009945064029233149,-0.15308898872351248,0.06495857444846587
PKC,-0.14103583045387164,-0.044278440626737386,0.019187341101815813,-0.14859849580495485
DPD_LB,0,0,0,0
DPD_canc,0,0,0,0
