,iEGFR,iPI3K,iMEK,iPKC
EGFR,-0.041988058331047996,-0.051569850949752444,-0.11401600992545982,0.07429567398546276
PI3K_AKT,-0.054511311919010014,-0.3092525121647134,0.0683294809584658,0.023385504629687245
MEK_ERK,-0.06759912046612107,-0.047624545207194315,-0.4991854758430402,-0.027365222439415304
PKC,-0.003950442059500065,-0.11354051752942218,0.020114269699106114,-0.20840826232929002
DPD_LB,0,0,0,0
DPD_canc,0,0,0,0
