,iEGFR,iPI3K,iMEK,iPKC
EGFR,0.009075937341222962,-0.019645029286145185,-0.027427885238697162,0.11606011878084174
PI3K_AKT,-0.0156353550901238,-0.30715755229058883,-0.00864927673813232,-0.0006579225923206843
MEK_ERK,0.007658639189575665,0.005441995487485206,-0.520917908220917,-0.07269967531831772
PKC,0.031662470650820604,-0.053102382803213354,-0.04278036401474722,-0.2838949769506795
DPD_LB,0,0,0,0
DPD_canc,0,0,0,0
