,iEGFR,iPI3K,iMEK,iPKC
EGFR,-0.0011188207816209697,-0.017465485159911844,-0.020522136278530632,0.06214737382899685
PI3K_AKT,-0.07591932417863888,-0.5777351429927099,0.052453469946818466,0.03555984549818729
MEK_ERK,-0.06732305676608306,-0.011525078900583248,-0.3689335216823832,0.10620547897095485
PKC,-0.005465267616272463,-0.1760934325105685,0.06056409727556986,-0.11673107129469082
DPD_LB,0,0,0,0
DPD_canc,0,0,0,0
