,iEGFR,iPI3K,iMEK,iPKC
EGFR,-0.014012521740725207,-0.027916564757625616,-0.033673607385619024,0.05666206625632556
PI3K_AKT,-0.08648134240291708,-0.5625189151208826,0.06682610379705341,0.06017419500651695
MEK_ERK,-0.07370033188470163,-0.013152063885321016,-0.3358314498174162,0.1211489749311803
PKC,-0.004970872756249484,-0.16943533590830775,0.07311993985086845,-0.081267079929136
DPD_LB,0,0,0,0
DPD_canc,0,0,0,0
