,iEGFR,iPI3K,iMEK,iPKC
EGFR,-0.05350036539290088,-0.07234920722945942,-0.08891655844819925,0.028651944209034184
PI3K_AKT,-0.05118642434858553,-0.39840645884563536,-0.03794462240196406,-0.026963147278922156
MEK_ERK,-0.01878756164420406,-0.011647271186589502,-0.5438154136401101,-0.07734036365818794
PKC,-0.03374406776921206,-0.10246049600258028,-0.09567835795056828,-0.32057671060720533
DPD_LB,-0.44270461825129975,-0.31673019914660056,0.22117225280420366,-0.182471548480364
DPD_Canc,-0.01693926617116795,-0.013470555813502663,-0.1434617238246642,-0.11533920070145123
