,iEGFR,iPI3K,iMEK,iPKC
EGFR,-0.02068532208015396,-0.004328904756169899,-0.03920539391990211,0.03441438224960045
PI3K_AKT,-0.028562818474123487,-0.5020783865660787,0.042782712255230504,0.022966502708314192
MEK_ERK,-0.02128428897795446,0.02774388218760983,-0.42255652737623817,0.07272410185686963
PKC,0.03971702596760407,-0.0650517140524132,0.044335201820727775,-0.14614807858018833
DPD_LB,0,0,0,0
DPD_canc,0,0,0,0
