,iEGFR,iPI3K,iMEK,iPKC
EGFR,-0.05350036539290088,-0.07234920722945942,-0.08891655844819925,0.028651944209034184
PI3K_AKT,-0.05118642434858553,-0.39840645884563536,-0.03794462240196406,-0.026963147278922156
MEK_ERK,-0.01878756164420406,-0.011647271186589502,-0.5438154136401101,-0.07734036365818794
PKC,-0.03374406776921206,-0.10246049600258028,-0.09567835795056828,-0.32057671060720533
DPD_LB,0,0,0,0
DPD_canc,0,0,0,0
