,iEGFR,iPI3K,iMEK,iPKC
EGFR,-0.0015704929748714045,0.014101282522171873,-0.031145327940484507,0.02712529518111539
PI3K_AKT,-0.07184101142317088,-0.15277368136730432,0.030706380197640604,0.00828065803059683
MEK_ERK,-0.12647864494429187,-0.006108328747893356,-0.42261431142291234,0.056549879771107744
PKC,-0.012313379386544546,-0.037037047392850186,-0.012481110273840067,-0.1277826769127267
DPD_LB,1.5857022903154698,1.24076757549029,1.6566328291334012,1.4458329888473405
DPD_Canc,-0.23225045820882717,-0.36914379442767054,-0.4866597982478285,-0.3728783195407878
