,iEGFR,iPI3K,iMEK,iPKC
EGFR,-0.04539542730264001,-0.008140189289078588,-0.04634722058480244,0.041064478933598554
PI3K_AKT,-0.04685462670006235,-0.12620234904104727,0.02721282554246332,0.04257705579383152
MEK_ERK,-0.09358730952028312,0.006337713678707015,-0.5182368711296477,0.05589600352786959
PKC,0.018932723322095023,-0.0028129848938791857,-0.02974383273359462,-0.056829518153632595
DPD_LB,0,0,0,0
DPD_canc,0,0,0,0
