,iEGFR,iPI3K,iMEK,iPKC
EGFR,-0.04793996186724084,0.0019753353362181193,-0.032080828118767085,0.03478229794401122
PI3K_AKT,-0.06968133010657428,-0.15491793518065947,0.01890011683139702,0.03668746437849454
MEK_ERK,-0.14062015074541917,0.00983531731038325,-0.490773415922814,0.0715199336703031
PKC,0.0026655820019626094,-5.6124711215291494e-05,-0.04049982639371309,-0.025561161282381135
DPD_LB,0,0,0,0
DPD_canc,0,0,0,0
