,iEGFR,iPI3K,iMEK,iPKC
EGFR,-0.002669061723496624,-0.015243335585480472,-0.0398955402964882,0.09196692574697579
PI3K_AKT,-0.04363685368352731,-0.11958127666474658,0.013183074487242714,0.01958475002023768
MEK_ERK,0.014599906421455313,-0.017788785484745093,-0.5104537968530933,0.05111095884521705
PKC,0.056667422296808406,-0.03157647743777176,0.052819461440369746,-0.1122978108608054
DPD_LB,0,0,0,0
DPD_canc,0,0,0,0
