,iEGFR,iPI3K,iMEK,iPKC
EGFR,-0.035981256579878794,-0.037103879381925504,-0.06694399928601209,0.0633233101707469
PI3K_AKT,-0.0325113258812766,-0.11541902793863909,0.025099229921811066,0.03661294088950585
MEK_ERK,0.00028103666206032727,-0.015393482076696555,-0.542316263425679,0.054059424777596815
PKC,0.03623502790427476,-0.03515563366602964,0.013056325638470263,-0.0990810045566586
DPD_LB,-0.1415530383808212,-0.31665913439646715,0.29121760274711944,0.45203964022655096
DPD_Canc,-0.21091102274337403,0.08559122577555073,-0.46492304511623384,-0.3453146374763914
