,iEGFR,iPI3K,iMEK,iPKC
EGFR,-0.04399978565592479,-0.007881169111891633,-0.027417454708041744,0
PI3K_AKT,-0.05221260356887569,-0.4020137947948974,0.0449886791864392,0
MEK_ERK,-0.04627845020197186,0.09974689784810083,-0.4119768171287983,0
PKC,-0.027834907052698518,-0.08668232362976613,-0.006175042440837171,0
DPD_LB,0,0,0,0
DPD_canc,0,0,0,0
