,iEGFR,iPI3K,iMEK,iPKC
EGFR,0.16068040243566906,-0.009785501147963406,0.1358382228701372,0
PI3K_AKT,-0.04027096528574347,-0.4130203590835518,0.029660247387214123,0
MEK_ERK,0.08359575836978969,0.09675925360024462,-0.33408572205532305,0
PKC,0.044231779057755306,-0.13751386164963877,0.018155791081415594,0
DPD_LB,0.08235827566728854,-0.07194692753497363,-0.11622618980472614,0
DPD_Canc,-0.19231088096531063,-0.07448949840942974,-0.3115188334923112,0
