,iEGFR,iPI3K,iMEK,iPKC
EGFR,-0.1208268595054493,-0.10222825061524936,-0.1640170324604251,0
PI3K_AKT,-0.06966360511996612,-0.3447568048221352,0.06911920058319308,0
MEK_ERK,0.005486479967927604,0.057173361419682926,-0.5965291403289437,0
PKC,-0.017635401167107604,-0.05448272480065288,0.08436638262963544,0
DPD_LB,0,0,0,0
DPD_canc,0,0,0,0
