,iEGFR,iPI3K,iMEK,iPKC
EGFR,-0.0599913334278293,-0.016822156944615488,-0.060953921215849624,0.06629214784968679
PI3K_AKT,-0.19973010084235238,-0.17236379460051862,0.004635237682497216,0.030487979225535696
MEK_ERK,-0.13492614420645868,-0.05963629767398422,-0.3017273358628489,0.03168627637106686
PKC,-0.17796939197780431,-0.1426066536173973,-0.12681535589699788,-0.1713332826957528
DPD_LB,0,0,0,0
DPD_canc,0,0,0,0
