,iEGFR,iPI3K,iMEK,iPKC
EGFR,0.07211248849010321,-0.025111256955638046,0.04934590469207415,0.24438148356940262
PI3K_AKT,-0.04457275129558943,-0.23913443083269798,0.020156665002777144,0.07324818953538131
MEK_ERK,0.06887229673829746,-0.09661152100227792,-0.17805007640551876,0.058674015739733
PKC,0.06737756614464517,-0.1404313930420765,0.015295141675682756,-0.14006907979796393
DPD_LB,0,0,0,0
DPD_canc,0,0,0,0
