,iEGFR,iPI3K,iMEK,iPKC
EGFR,-0.11716019380309513,0.015899729041096104,0.0837468111680977,0.1281233714045016
PI3K_AKT,-0.12418004032312034,-0.1466216284584275,0.011286424576141497,0.02807412678276437
MEK_ERK,-0.08009015940334166,0.005732714642549224,-0.16859813233116105,-0.01245658115949041
PKC,-0.06943006293659611,-0.009947129423628265,-0.07377624950872648,-0.20482757347998928
DPD_LB,0,0,0,0
DPD_canc,0,0,0,0
