,iEGFR,iPI3K,iMEK,iPKC
EGFR,-0.11708869423121772,-0.022555980929845194,0.02742247315221836,0.10830326403348556
PI3K_AKT,-0.1216584409598513,-0.1719319835369415,-0.009800537608989787,0.02317866156778977
MEK_ERK,-0.10446265645017022,-0.041204146182158154,-0.2252939474027666,-0.05427386029717491
PKC,-0.11073378615438337,-0.06506772914286618,-0.1288164692517257,-0.2571745964257041
DPD_LB,-1.6204020049927264,-0.1781563840782644,-1.2679914835522355,-1.596013087671201
DPD_Canc,0.4690066375768633,0.4047774679531054,-0.08696269749955238,0.028339649978307416
