,iEGFR,iPI3K,iMEK,iPKC
EGFR,-0.10792205820658655,-0.052575549155538824,-0.01972157075732461,0.074647290931378
PI3K_AKT,-0.20525378941689235,-0.20282644171305111,-0.00677385960526694,0.013167238612705159
MEK_ERK,-0.14714636019282992,-0.10305950748888382,-0.27976310280790245,0.005395150920422788
PKC,-0.17565308431893842,-0.1804034966968712,-0.13162328635150175,-0.20022517838024617
DPD_LB,0,0,0,0
DPD_canc,0,0,0,0
