,iEGFR,iPI3K,iMEK,iPKC
EGFR,-0.0698853510431119,-0.04761449406998461,0.023927790551617437,0.1502512911597
PI3K_AKT,,,,
MEK_ERK,-0.1218826897842905,0.055718513707388076,-0.11976264805404122,-0.007352177321909078
PKC,-0.046067651151093895,-0.00861355976823092,0.03011426225261059,-0.2374439003778819
DPD_LB,-0.05111468944818582,0.06022532065394542,-0.08535017316524468,-0.08747633598964093
DPD_Canc,0.3341848127802066,0.12264328141797934,-0.15767172678843264,0.25065883402812394
