,iEGFR,iPI3K,iMEK,iPKC
EGFR,-0.14283018083834628,-0.006428612648544869,0.028994105509529192,0.1266818813694943
PI3K_AKT,,,,
MEK_ERK,-0.09009628872850503,-0.22148882102139508,-0.1582731924641071,0.03494409779957622
PKC,-0.09945340278740995,-0.0491659536870368,-0.028031069820596017,-0.20083844763297065
DPD_LB,0,0,0,0
DPD_canc,0,0,0,0
