,iEGFR,iPI3K,iMEK,iPKC
EGFR,0.10481200625587304,0.010788153758688131,-0.0252016980418573,0.06398183633499464
PI3K_AKT,,,,
MEK_ERK,0.07370816088931778,0.07615193920595899,-0.15074717369782012,0.002153606901368429
PKC,0.09007632467139626,-0.12726761352358307,-0.04701500057457144,-0.2487141475098337
DPD_LB,0,0,0,0
DPD_canc,0,0,0,0
