,iEGFR,iPI3K,iMEK,iPKC
EGFR,-0.17351817157473906,-0.057490437751949244,0.013180414742713004,0.09661875370427513
PI3K_AKT,,,,
MEK_ERK,-0.0698091815673772,-0.14408154646765525,-0.09898977680933772,0.06065307209084634
PKC,-0.04205040427036954,0.0013376182065682992,0.05482352916002532,-0.12595416408290216
DPD_LB,0,0,0,0
DPD_canc,0,0,0,0
