,iEGFR,iPI3K,iMEK,iPKC
EGFR,0.0635154966105144,-0.002050438615648358,-0.02111106246381271,0.10187426313107141
PI3K_AKT,,,,
MEK_ERK,0.004331112064210673,0.04468871395065893,-0.19654315313859164,-0.014682656404500416
PKC,0.04919475892273563,-0.11033092323175975,-0.05856368369248014,-0.24886928598280125
DPD_LB,0,0,0,0
DPD_canc,0,0,0,0
