,iEGFR,iPI3K,iMEK,iPKC
EGFR,-0.031335239357797445,-0.002051570679384353,-0.041690068570723035,0.08857839187235378
PI3K_AKT,,,,
MEK_ERK,-0.05445277206927051,0.012484269463207794,-0.4202243807333854,0.05070655715357523
PKC,-0.07389707769959021,-0.015492666847416766,0.09997485912521598,-0.1630335368296656
DPD_LB,0,0,0,0
DPD_canc,0,0,0,0
