,iEGFR,iPI3K,iMEK,iPKC
EGFR,-0.054082552881864004,-0.02304750401482773,-0.01940657740787585,0.030202927700375023
PI3K_AKT,,,,
MEK_ERK,-0.06656966926913925,0.0031693690560077336,-0.33023626409487444,0.1129073792240988
PKC,-0.09715603910366245,-0.075783542077404,-0.0063811404063821185,-0.1409369525902947
DPD_LB,0,0,0,0
DPD_canc,0,0,0,0
