,iEGFR,iPI3K,iMEK,iPKC
EGFR,-0.05043429404469041,-0.020979414349768254,-0.0635103560355744,0.01619153732909978
PI3K_AKT,,,,
MEK_ERK,-0.008466841717713837,-0.03548208148882989,-0.44976845867476584,0.026694670272090274
PKC,-0.000543101781514697,-0.10231733932004289,-0.025260297561274375,-0.17118857288072972
DPD_LB,0,0,0,0
DPD_canc,0,0,0,0
