,iEGFR,iPI3K,iMEK,iPKC
EGFR,-0.04923928696844699,-0.020805739166849316,-0.02511993871635903,0.037384734155816335
PI3K_AKT,,,,
MEK_ERK,-0.06163658399503775,-0.0034550030084987454,-0.32556704327193825,0.10118871389971328
PKC,-0.11491752601350073,-0.09414005587691175,-0.054746885451958736,-0.19778475206189358
DPD_LB,0,0,0,0
DPD_canc,0,0,0,0
