,iEGFR,iPI3K,iMEK,iPKC
EGFR,-0.06541833973321898,-0.028454356515472606,-0.05496552045142006,0.048936622888162785
PI3K_AKT,,,,
MEK_ERK,-0.07380556304713867,-0.004726112716602408,-0.42227085583428525,0.029317177123557647
PKC,-0.10502536157362599,-0.02873590168688915,0.09758121250238407,-0.1671795841871315
DPD_LB,0,0,0,0
DPD_canc,0,0,0,0
