,iEGFR,iPI3K,iMEK,iPKC
EGFR,-0.05043429404469041,-0.020979414349768254,-0.0635103560355744,0.01619153732909978
PI3K_AKT,,,,
MEK_ERK,-0.008466841717713837,-0.03548208148882989,-0.44976845867476584,0.026694670272090274
PKC,-0.000543101781514697,-0.10231733932004289,-0.025260297561274375,-0.17118857288072972
DPD_LB,-0.08424218578310715,-0.11291723568475266,-0.20909809967856088,0.12424822766268888
DPD_Canc,1.5139754046650398,1.2345471442433211,-0.8650758360506419,1.2691314704922554
