,iEGFR,iPI3K,iMEK,iPKC
EGFR,-0.061573713896922615,-0.024749067102288524,-0.053776490552039924,-0.003348257162918595
PI3K_AKT,,,,
MEK_ERK,-0.045469968098624976,-0.03324707490772638,-0.4218752462979575,0.03535301523957971
PKC,-0.030585953857388635,-0.09957326625333175,-0.027082722346898833,-0.15217677867163795
DPD_LB,0,0,0,0
DPD_canc,0,0,0,0
