,iEGFR,iPI3K,iMEK,iPKC
EGFR,0,0.04839724273225249,-0.01505737955456228,0.1664667828497452
PI3K_AKT,0,-0.31897527177337087,0.10636564651431137,0.14971847740983282
MEK_ERK,0,0.002939967699851625,-0.4981391982276688,0.12756762388315895
PKC,0,0.02236582129069927,0.07516774673135597,0.046066162409964244
DPD_LB,0,0,0,0
DPD_canc,0,0,0,0
