,iEGFR,iPI3K,iMEK,iPKC
EGFR,-0.003596336130596479,0.004407617272006596,-0.010246797375252518,0.11081847073516216
PI3K_AKT,-0.12917650198491587,-0.3004530958145181,0.039604390087157965,0.07182904088409012
MEK_ERK,-0.009371700904484729,-0.10488170283881545,-0.39934048614408396,0.16917375895622722
PKC,-0.08255981664664293,-0.196263317058203,-0.027372196575708975,-0.02145833741730072
DPD_LB,-0.6193971118724685,-0.15604586417924482,0.28303174114183577,0.3394859535117854
DPD_Canc,0.2890160563342287,0.6650481601201502,-0.37758326423166333,0.1852676399710262
