,iEGFR,iPI3K,iMEK,iPKC
EGFR,-0.09623627318950471,-0.14062950477273306,-0.22298515127213744,-0.062481877649867644
PI3K_AKT,-0.07568708924778289,-0.2512395329157482,0.013072335425975409,0.04991313754169175
MEK_ERK,-0.05532688059056484,-0.14303050015645935,-0.4973845685821946,-0.03349474739624496
PKC,-0.08033346911925388,-0.20125353691809159,-0.06446567794412691,-0.22866051069119558
DPD_LB,-0.6863252484496718,-0.3295405674154684,0.26730885505470653,-0.09702654861128863
DPD_Canc,0.37582077801765845,0.8466904776922674,-0.3654785100639743,0.42134668771993794
