,iEGFR,iPI3K,iMEK,iPKC
EGFR,0,-0.004437491266792717,0.07909651713174572,0.0920724240520889
PI3K_AKT,0,-0.3458100034042608,0.1679057808817416,0.039720587699819676
MEK_ERK,0,-0.05905221991579852,-0.21372317119995266,0.16840673415407992
PKC,0,-0.2070553850039708,0.042574868895632015,-0.17858763588306725
DPD_LB,0,0.9412314535556731,0.9356795584407133,0.9341886862008374
DPD_Canc,0,-0.2548348754915617,-1.1625836150333557,-0.7676245319744557
