,iEGFR,iPI3K,iMEK,iPKC
EGFR,-0.04033347454987502,0.020663624373924137,-0.16704215867537467,0.11785642669455881
PI3K_AKT,-0.17394824252210433,-0.20566905235763322,0.17167471606318613,0.20842146794255026
MEK_ERK,-0.13109525561136773,-0.010938992987264544,-0.35938466436523103,0.16106448564242634
PKC,-0.0484193958261714,0.008346597228017873,0.05053101583313835,-0.014796332330983838
DPD_LB,0,0,0,0
DPD_canc,0,0,0,0
