,iEGFR,iPI3K,iMEK,iPKC
EGFR,-0.11714992919084273,-0.012559258359340004,-0.19930230116688752,0.06470463262306038
PI3K_AKT,-0.2393280083507341,-0.2488413580812843,0.16610047524481403,0.17787650633606605
MEK_ERK,-0.2491798760152701,-0.0471187976687353,-0.3182291494242733,0.1546744125025154
PKC,-0.13622712425866576,-0.03899821946417789,0.04982699867536088,-0.01369777738324725
DPD_LB,0.08399005529483118,-0.099494040592798,0.21320455193121415,0.23974810458386986
DPD_Canc,0.728900639371751,0.4184150719654101,0.5931183483296245,0.6222243159224471
