,iEGFR,iPI3K,iMEK,iPKC
EGFR,-0.060869272332042715,-0.04296944957792044,-0.1134400980232505,0.18648831654366071
PI3K_AKT,-0.13771806745987047,-0.2371118589491157,0.1525544505274527,0.2603118961398802
MEK_ERK,0.03279672519846742,0.01441555324433386,-0.2488451105595342,0.2155189273849437
PKC,0.10094365204338976,0.016003734558359427,0.19637826978788742,0.09592601727821347
DPD_LB,0,0,0,0
DPD_canc,0,0,0,0
