,iEGFR,iPI3K,iMEK,iPKC
EGFR,0,-0.0873716021585547,-0.007782657501579605,-0.008829240307274612
PI3K_AKT,0,-0.41518352097176714,0.17245755173871666,0.10823469729127892
MEK_ERK,0,-0.04096499905943839,-0.38204105152926066,0.12033624177756799
PKC,0,-0.12563064910139968,0.019046613503816322,-0.12136447190416524
DPD_LB,0,0,0,0
DPD_canc,0,0,0,0
