,iEGFR,iPI3K,iMEK,iPKC
EGFR,-0.09329996895490726,-0.10002028313340927,-0.16319508741441638,0.14611577615603066
PI3K_AKT,-0.23170874949672343,-0.306448951358444,0.021181524441001093,0.12544047629372385
MEK_ERK,-0.040479619092279887,-0.08337474252228508,-0.3811167997642541,0.07199248776329333
PKC,-0.03544666565295578,-0.12013929372789466,0.021483551572568038,-0.0924135088643723
DPD_LB,0,0,0,0
DPD_canc,0,0,0,0
