,iEGFR,iPI3K,iMEK,iPKC
EGFR,0,-0.07859523705041087,-0.1338177516788651,0.0789933421208184
PI3K_AKT,0,-0.4301116013369597,-0.07386714698054324,-0.026510679973539838
MEK_ERK,0,-0.1290218019794738,-0.6019549862539113,-0.004528451093811968
PKC,0,-0.18038873217964319,-0.10396734003509793,-0.16080021133105904
DPD_LB,0,0,0,0
DPD_canc,0,0,0,0
