,iEGFR,iPI3K,iMEK,iPKC
EGFR,-0.001133716719725788,-0.02430204675858088,-0.05158429087242842,0.06672002040252659
PI3K_AKT,-0.07281380068439078,-0.22605192282258285,0.11597728340401066,0.10822310114612411
MEK_ERK,0.010229020285175855,-0.04864275518372307,-0.4191361831644803,0.12697175976952496
PKC,0.016446655038218853,-0.09234709558474723,0.06659152807253643,-0.036015894096144245
DPD_LB,-0.4962462309949167,0.12511119310453112,0.3623932487128203,0.26567679894257645
DPD_Canc,0.042283978738712404,0.9058344062022593,-0.20308150273512987,0.4697062366381033
