,iEGFR,iPI3K,iMEK,iPKC
EGFR,0,0.041378680516795836,0.1593623912428934,0.15802306208309766
PI3K_AKT,0,-0.3182842251259835,0.24950087142480984,0.1272789382486346
MEK_ERK,0,0.021132952048726297,-0.1425878144883487,0.26651586731960597
PKC,0,-0.18010312974757642,0.11736967421412751,-0.08929216032494666
DPD_LB,0,0,0,0
DPD_canc,0,0,0,0
