,iEGFR,iPI3K,iMEK,iPKC
EGFR,0,-1.7628318987217328e-05,0.026084857975740332,0.08639520064149803
PI3K_AKT,0,-0.3518019998748979,0.16919226535649287,0.147339923344521
MEK_ERK,0,0.006327000092030573,-0.4055319934345909,0.14326707653061393
PKC,0,-0.013942557810243762,0.0780380618717447,-0.019450910034465942
DPD_LB,0,0,0,0
DPD_canc,0,0,0,0
