,iEGFR,iPI3K,iMEK,iPKC
EGFR,-0.05700727102694542,-0.11541283099129915,-0.12666927139662634,-0.008909597133068018
PI3K_AKT,-0.09483335230087361,-0.2442082117384785,0.07736300286102268,0.07392767154017042
MEK_ERK,-0.009590372042773337,-0.09305036028117301,-0.44375957644113306,0.06466798481354467
PKC,-0.03558016398556749,-0.14968525172002228,0.01436588632153996,-0.13015990568833388
DPD_LB,0,0,0,0
DPD_canc,0,0,0,0
