,iEGFR,iPI3K,iMEK,iPKC
EGFR,0.01385872839365992,0.009100670253638412,0.03717719096667203,0.11789839646484415
PI3K_AKT,-0.07928821729132604,-0.26626269328359403,0.07497015153569117,0.10335531216564561
MEK_ERK,0.0871372875887886,-0.06559761038157882,-0.2990514712695734,0.21920899808133626
PKC,0.009638936734158964,-0.14109694110354104,0.043648720383418556,0.03140517523348405
DPD_LB,0,0,0,0
DPD_canc,0,0,0,0
