,iEGFR,iPI3K,iMEK,iPKC
EGFR,-0.15152877930814473,-0.18331776287976628,-0.16708611695566708,0.006738661958694268
PI3K_AKT,-0.1408885970694157,-0.19774163932882166,-0.08973349068640872,-0.0653060884326535
MEK_ERK,-0.22625559256229347,-0.18710815323732471,-0.28903486758884567,-0.05095564864833532
PKC,-0.15643026222360057,-0.23540975828795577,-0.06698102040451358,-0.4154693644608857
DPD_LB,0,0,0,0
DPD_canc,0,0,0,0
