,iEGFR,iPI3K,iMEK,iPKC
EGFR,-0.05312291478763495,-0.15563953388957008,-0.02676132113228942,-0.012386344500592346
PI3K_AKT,-0.010555946808828652,-0.11585575455577074,-0.004752744061759127,3.4193874385176585e-05
MEK_ERK,-0.08831318152282411,-0.15890376283273502,-0.10272439044777079,-0.10004735112416469
PKC,-0.02478958514936277,-0.2377191840162529,-0.15065833365395623,-0.18245398376044472
DPD_LB,0,0,0,0
DPD_canc,0,0,0,0
