,iEGFR,iPI3K,iMEK,iPKC
EGFR,-0.07182154791043056,-0.15589086894453552,-0.035649738770723235,-0.002546677342393763
PI3K_AKT,-0.0417543737017486,-0.13741714976329147,-0.038288193308464766,-0.01357807916520487
MEK_ERK,-0.09188356395062247,-0.17350119742750436,-0.11768310959998285,-0.08855156793702465
PKC,-0.06693313398452548,-0.2736375140012008,-0.15974494062886443,-0.18372466928274123
DPD_LB,0,0,0,0
DPD_canc,0,0,0,0
