,iEGFR,iPI3K,iMEK,iPKC
EGFR,-0.08850106765244439,-0.04536974257473044,-0.015404481313976249,-0.002951651311912823
PI3K_AKT,-0.10642876551598571,-0.12449874116063574,-0.0486723309655531,-0.05730887418439811
MEK_ERK,-0.08186738509848265,-0.08638646311495952,-0.10209419051599905,-0.009736293731224477
PKC,-0.1469324320324862,-0.2462164319140732,-0.04909503693057629,-0.405864418035412
DPD_LB,0,0,0,0
DPD_canc,0,0,0,0
