,iEGFR,iPI3K,iMEK,iPKC
EGFR,-0.10123060670698339,-0.047689783142569456,-0.021999577507552305,-0.07565874809616521
PI3K_AKT,-0.10974755961603472,-0.12252700216152053,-0.04851036750765344,-0.08776209994647927
MEK_ERK,-0.049616472122741194,-0.06499499696428267,-0.05783982204619109,-0.03615582925240346
PKC,-0.151485460350765,-0.24965716298291032,-0.061652635445123796,-0.4998935783450851
DPD_LB,0,0,0,0
DPD_canc,0,0,0,0
