,iEGFR,iPI3K,iMEK,iPKC
EGFR,-0.13469410650195524,-0.01949713986024109,-0.11920175299861918,0.11143264275803304
PI3K_AKT,-0.3298173700562262,-0.39826798294903004,0.011992552081171082,0.05646616679711789
MEK_ERK,-0.06531384058251588,-0.02443019344152636,-0.16808544227953692,0.0007572271564629126
PKC,-0.18935489799575922,-0.25087258941520785,0.01289846373611133,-0.19097618441789693
DPD_LB,0,0,0,0
DPD_canc,0,0,0,0
