,iEGFR,iPI3K,iMEK,iPKC
EGFR,-0.19623445214344626,-0.12108224973772612,-0.10693807605070824,0.06805079497716791
PI3K_AKT,-0.2353892606703666,-0.20359680139413103,0.14727087340469744,0.1220997683702829
MEK_ERK,-0.07887567113177464,0.006859194099657659,-0.14741558101020147,0.007251343509226509
PKC,-0.1938465537845169,-0.18279656028879582,0.07067836856198619,-0.1746488951364988
DPD_LB,0,0,0,0
DPD_canc,0,0,0,0
