,iEGFR,iPI3K,iMEK,iPKC
EGFR,-0.2840433282529681,-0.19769175194846197,-0.19534540615424023,-0.007364136443037642
PI3K_AKT,-0.28689440731032806,-0.2793816470651264,0.10275329812660845,0.10316257919144756
MEK_ERK,-0.09027240681141305,-0.0158087877175681,-0.16420685330809012,-0.0021559889980863798
PKC,-0.1596971686938439,-0.20177343555594565,0.08168674755364592,-0.15342002330674034
DPD_LB,-0.045738161802948575,0.002521394607979995,0.3394708031933992,0.038630590241885206
DPD_Canc,0.1556873391059258,0.0017582864553060801,0.029480763120786797,0.07273168302044737
