,iEGFR,iPI3K,iMEK,iPKC
EGFR,-0.27598039171675603,-0.15448709745273642,-0.2709349733669083,-0.010428634349101821
PI3K_AKT,-0.2947402104810875,-0.36686149963262776,0.040808744571615124,0.06931517599546443
MEK_ERK,-0.08651635185157695,-0.02366823068399558,-0.19302929535254026,-0.013305116346582355
PKC,-0.1752420715813954,-0.22360065774492258,0.04228313825007311,-0.19132407049949687
DPD_LB,0,0,0,0
DPD_canc,0,0,0,0
