,iEGFR,iPI3K,iMEK,iPKC
EGFR,0.02228665664077519,0.10836371824826521,0.0045421442443954576,0.049251682763881935
PI3K_AKT,-0.27680099222249016,-0.24133829197687115,0.15188912630493048,0.06338095838901604
MEK_ERK,-0.05112218232744108,0.01307547927997683,-0.11190566337837,-0.001270308750326364
PKC,-0.44635144139116695,-0.30273040891429237,-0.07007219142677533,-0.29700831748183887
DPD_LB,-0.1256392747521119,-0.14163974319657927,0.023700416854164328,-0.08212392844752976
DPD_Canc,-0.11155429767241686,-0.12478879308079235,-0.25189391837351816,-0.10378051946904222
