,iEGFR,iPI3K,iMEK,iPKC
EGFR,-0.04312418758032749,0.07073852584774062,-0.023346944000669587,0.05934621432448612
PI3K_AKT,-0.23785889529601612,-0.15984115156324089,0.1837779500154457,0.10769726301488158
MEK_ERK,-0.06541828016408192,0.020690850444736675,-0.12416192017337307,0.0007296506772747338
PKC,-0.35714338240699733,-0.2055944866309155,1.6557371794188753e-05,-0.2322443771858106
DPD_LB,0,0,0,0
DPD_canc,0,0,0,0
