,iEGFR,iPI3K,iMEK,iPKC
EGFR,-0.054325302955608064,-0.008308021970074478,0.01157314129014774,-0.03142576624865079
PI3K_AKT,-0.18934641840383984,-0.1255698573771204,0.044864892593135274,0.01875305844958654
MEK_ERK,-0.0621751103756592,0.022819554550523133,-0.059613573081390564,-0.017237527907524468
PKC,-0.35950232759375206,-0.07169811904763436,0.005732860479771035,-0.3578503892892024
DPD_LB,0.42104991481044174,0.07002672105056101,0.7141470779740172,-0.18601523847575566
DPD_Canc,-0.5852551237854734,-0.40839358903534845,-0.5065371365490285,-0.143620566546264
