,iEGFR,iPI3K,iMEK,iPKC
EGFR,0.17905624476112703,-0.060084236858517756,0.0809963104413636,0.21099597026711428
PI3K_AKT,-0.020965598460397708,-0.5495916314241873,0.0028410077206359554,0.06780472876502919
MEK_ERK,0.08488017567729435,-0.04534828758646212,-0.16571544645240158,0.12412633425264227
PKC,0.10279959692561165,-0.19499312632629365,0.0030810490002314904,-0.09489855536463597
DPD_LB,0,0,0,0
DPD_canc,0,0,0,0
