,iEGFR,iPI3K,iMEK,iPKC
EGFR,0,-0.07908086498394201,-0.08144935232399153,0.054540492963186325
PI3K_AKT,0,-0.0869737125315612,-0.03418404654426423,-0.010293053603435886
MEK_ERK,0,-0.04810262778129694,-0.197757939107843,0.14631400264005986
PKC,0,-0.08975361263764985,-0.08277908910079695,-0.18493887251273566
DPD_LB,0,0,0,0
DPD_canc,0,0,0,0
