,iEGFR,iPI3K,iMEK,iPKC
EGFR,-0.018512231492564105,-0.04651314282930916,0.1561007687509505,0.1257706300818742
PI3K_AKT,-0.18592460820456666,-0.4756140282736166,0.17931108857865463,0.19537908944374102
MEK_ERK,-0.05797973150308506,-0.054345092098182016,-0.14522219277978551,0.171531996519085
PKC,-0.015837978626794837,-0.01514239805425757,0.08198527530872754,-0.08325384936854917
DPD_LB,0,0,0,0
DPD_canc,0,0,0,0
