,iEGFR,iPI3K,iMEK,iPKC
EGFR,0.18163903157279607,-0.042401447198599375,0.07201928637102827,0.21998142962532283
PI3K_AKT,-0.05408288146107873,-0.5598742188460387,-0.044188274915322255,0.06399555003183413
MEK_ERK,0.07793627631254803,-0.03468870815615154,-0.1783450542018025,0.151692421378328
PKC,0.0675561811198537,-0.21721925180427387,-0.021093786273258683,-0.07551810274305258
DPD_LB,0,0,0,0
DPD_canc,0,0,0,0
