,iEGFR,iPI3K,iMEK,iPKC
EGFR,-0.0740705750964291,0,-0.1277735331852254,-0.017024289808524353
PI3K_AKT,-0.07918952787167968,0,-0.015709092607194493,-0.028625409364090207
MEK_ERK,-0.2175788188562121,0,-0.44544930727631926,-0.0688755928384553
PKC,-0.32728004166987196,0,-0.19655909448208284,-0.37251456053134774
DPD_LB,0,0,0,0
DPD_canc,0,0,0,0
