,iEGFR,iPI3K,iMEK,iPKC
EGFR,0.02986595954783119,0.03204790782499646,0.0036026835867514254,0.060037756084359024
PI3K_AKT,-0.007680023092351948,-0.18887876434962525,0.0026640303443702736,-0.014620921856823265
MEK_ERK,0.027192008252465014,0.024506701290833974,-0.07881344015524851,0.0038793855416650036
PKC,0.009337337014877264,-0.07575233051214122,0.023588120864275905,-0.22474759125362923
DPD_LB,0.09849960212806175,0.3033303740413784,0.18470264846709858,-0.03823955143440786
DPD_Canc,-0.6673406683360557,0.28236191245562436,-0.07766825727366018,0.04536877622645982
