,iEGFR,iPI3K,iMEK,iPKC
EGFR,-0.16646082741880697,-0.08812289110070941,-0.14695505300272493,0.014705287355325133
PI3K_AKT,-0.5984436768331195,-0.5361269682478349,0.01937095283312979,0.08808655692853129
MEK_ERK,-0.14261886211529565,-0.10338561258387982,-0.2301838590658984,0.12573406244113225
PKC,-0.18397877435157875,-0.18214824271307864,-0.05098476702606546,-0.22397271274033426
DPD_LB,0,0,0,0
DPD_canc,0,0,0,0
