,iEGFR,iPI3K,iMEK,iPKC
EGFR,-0.10606860696513185,-0.0296589142199257,-0.0765303883038696,-0.027324274058431602
PI3K_AKT,-0.10162364331799852,-0.37166394941733183,-0.006839457839495019,-0.0025122477262380007
MEK_ERK,-0.08165486564285754,-0.017324867699936852,-0.16770088224621435,0.024764894032999883
PKC,-0.09184905488087192,-0.1700178008729851,-0.03223437806585603,-0.14972646924330604
DPD_LB,0,0,0,0
DPD_canc,0,0,0,0
