,iEGFR,iPI3K,iMEK,iPKC
EGFR,-0.1759836356892894,-0.08838581576989632,-0.1511170143902639,0.07798330768374016
PI3K_AKT,-0.14750233547878908,-0.03338132280423567,-0.056910173655617124,-0.07696141931538085
MEK_ERK,-0.1143356602193814,-0.06096342755641001,-0.5722338815513545,-0.0688211315981249
PKC,-0.13737503301692486,-0.04527509103691391,-0.15321520830179144,-0.6679327142542835
DPD_LB,0,0,0,0
DPD_canc,0,0,0,0
