,iEGFR,iPI3K,iMEK,iPKC
EGFR,-0.11308463586418573,0,-0.1609952957654003,0.017828861616297362
PI3K_AKT,-0.07618782404091012,0,-0.005253892425705167,0.03296895727054136
MEK_ERK,-0.1875745358748788,0,-0.528620285805362,-0.015628928304727882
PKC,-0.11426614703179774,0,-0.166715512751827,-0.3791935530761357
DPD_LB,1.011259098947923,0,1.0162362058106678,1.0818626134225584
DPD_Canc,0.04383823457281613,0,-0.16898380910163183,0.1347362585877
