,iEGFR,iPI3K,iMEK,iPKC
EGFR,-0.0340476860865289,-0.09136100700157865,-0.07479885334709171,0.2157128491950842
PI3K_AKT,-0.3101658344434231,-0.5213189341718955,0.06941530895618787,0.12295932393209034
MEK_ERK,-0.07324612933032022,-0.05493013776047333,-0.15335738623495057,0.059805219657803395
PKC,-0.1877906172073119,-0.2159744398386411,0.1126134255663539,-0.1462010718261652
DPD_LB,-0.02695975340496072,-0.0682664705574408,0.306667191608505,0.11921595007543538
DPD_Canc,-0.04618322868376395,0.0674816311149169,-0.15797731723064554,-0.02983813263511599
