,iEGFR,iPI3K,iMEK,iPKC
EGFR,-0.14924493815198925,-0.15733149717209444,-0.12136445640039215,0.045581963765814304
PI3K_AKT,,,,
MEK_ERK,-0.02708287729265935,-0.024814636813414004,-0.29458378422275183,-0.03576493161573391
PKC,-0.042942326265968576,-0.07951167722042946,0.022522890174995598,-0.24855375095522808
DPD_LB,0,0,0,0
DPD_canc,0,0,0,0
