,iEGFR,iPI3K,iMEK,iPKC
EGFR,-0.15173647878346985,0.018179679428240142,-0.09317630517813222,0.031998026566259406
PI3K_AKT,-0.22592483473908276,-0.11232415842739335,0.007300380338982798,0.022365929821824067
MEK_ERK,-0.131177343844993,0.01876370566019578,-0.11909760304015295,-0.027748613000324503
PKC,-0.43655678734612396,-0.06838441212414784,-0.05566391341243364,-0.3568224676876638
DPD_LB,0.2238223148376645,0.13498315414661813,0.4892165493641622,-0.19575664108985985
DPD_Canc,-0.29802014656880477,-0.383474971386343,-0.2059235938886054,0.010111683073848807
