,iEGFR,iPI3K,iMEK,iPKC
EGFR,0,-0.08346905353769529,-0.06244270446954427,0.047818016612281786
PI3K_AKT,0,-0.07179245915351422,-0.04689821453003632,-0.024883434535619087
MEK_ERK,0,-0.0776738772040905,-0.38227498059346815,0.027069497653394253
PKC,0,-0.10353337219843957,-0.07994128331015449,-0.22125924918638545
DPD_LB,0,0,0,0
DPD_canc,0,0,0,0
