,iEGFR,iPI3K,iMEK,iPKC
EGFR,-0.16025955703395955,-0.20178402766566278,0.0399138151877693,0.15989691959064947
PI3K_AKT,-0.30036538941058927,-0.3993817108577015,0.19383474110639382,0.15118090436597625
MEK_ERK,-0.06172719711791573,-0.08846238215277767,-0.1344486638433445,0.04348281341571025
PKC,-0.22369183680953048,-0.26815453634087405,0.1229398107907895,-0.16736119748321118
DPD_LB,0,0,0,0
DPD_canc,0,0,0,0
