,iEGFR,iPI3K,iMEK,iPKC
EGFR,-0.10688468252269084,0,-0.18627352519454832,0.010067451619806234
PI3K_AKT,-0.07099504509241296,0,-0.04390626848705863,0.025416744306652136
MEK_ERK,-0.14689122086747383,0,-0.5345189203211976,-0.020921275920331255
PKC,-0.0987971571616619,0,-0.1720697518621233,-0.43253882286978074
DPD_LB,0,0,0,0
DPD_canc,0,0,0,0
