,iEGFR,iPI3K,iMEK,iPKC
EGFR,-0.1804564143107837,-0.23977806473389765,-0.16848617944520028,0.1426962952810213
PI3K_AKT,-0.30495192938626464,-0.50438390157318,0.10631612556880994,0.15465876509745338
MEK_ERK,-0.13644996204106366,-0.14019442380616481,-0.21376011422023647,0.018733714654289683
PKC,-0.22513978802067114,-0.2724549732126849,0.08967725693068365,-0.1673519998322033
DPD_LB,-0.004248181686081789,-0.07502131750288557,0.3056702116319052,0.10840198719878182
DPD_Canc,0.038374088125956184,0.15640854676497637,-0.08514942665554277,0.04036274419257092
