,iEGFR,iPI3K,iMEK,iPKC
EGFR,0.014296796590077489,0.00955968654566271,0.005334111960666378,-0.05171223618472612
PI3K_AKT,-0.3806517655442755,-0.33031347521598775,0.23412447393758307,0.05593360788877038
MEK_ERK,-0.02847074108001163,-0.0798092438977642,-0.10523447973750163,-0.0062127180424516055
PKC,-0.31433379302685716,-0.27258467348042903,0.04612866002360993,-0.28755505175149365
DPD_LB,0,0,0,0
DPD_canc,0,0,0,0
