,iEGFR,iPI3K,iMEK,iPKC
EGFR,-0.12034462598352702,-0.1338868308104946,-0.04764375454714988,0.1902025222545708
PI3K_AKT,-0.1340935144585157,-0.5352351786206254,0.03533887568689175,0.0180888617413277
MEK_ERK,-0.03988732464297092,-0.049463578481638716,-0.22240484199545832,0.024330718000151463
PKC,-0.08662078269729262,-0.28734173011013064,-0.02045941592923085,-0.20160157783492466
DPD_LB,0,0,0,0
DPD_canc,0,0,0,0
