,iEGFR,iPI3K,iMEK,iPKC
EGFR,-0.08303570431388177,-0.030679638135923754,-0.05242723350315692,-0.012389864545859245
PI3K_AKT,-0.08847396379323078,-0.3530359258098206,-0.011700222501150721,-0.005982314480159777
MEK_ERK,-0.07439680930221884,-0.020796503441884082,-0.15715655976239482,0.01825457132204826
PKC,-0.08452480775204683,-0.1661051860332451,-0.030739343982512476,-0.17373197794538509
DPD_LB,0,0,0,0
DPD_canc,0,0,0,0
