,iEGFR,iPI3K,iMEK,iPKC
EGFR,-0.11321756999481018,-0.054488655473240284,-0.031136671391141728,0.07953879916403082
PI3K_AKT,-0.5586116541858701,-0.5503113556035317,0.05592866821805072,0.13469747014792197
MEK_ERK,-0.08702650209337302,-0.07218312866279361,-0.16809288654201493,0.19648760983980706
PKC,-0.12555783259349246,-0.15329683852631512,-0.009482758538592708,-0.13566879540446514
DPD_LB,0.220892527234767,0.13321987003723204,0.15872903532297364,0.1794347858140531
DPD_Canc,-0.27088589422061227,-0.37785183763722885,-0.15758666985672393,-0.12700557820876165
