,iEGFR,iPI3K,iMEK,iPKC
EGFR,-0.05637158463152895,-0.036492204518948496,-0.07757670925090421,0.1396185827346063
PI3K_AKT,-0.03180449246704645,-0.048947140513044794,-0.019773186708295455,0.03469053609088714
MEK_ERK,-0.020521698614159194,0.005868180233016631,-0.5342450730226576,-0.03409088668787221
PKC,-0.04536705945798119,0.0008770891152907895,-0.08809527656968945,-0.561967267273449
DPD_LB,0,0,0,0
DPD_canc,0,0,0,0
