,iEGFR,iPI3K,iMEK,iPKC
EGFR,0.07497558888136611,0.03886552757445008,-0.004364427547944845,0.11197932475744023
PI3K_AKT,-0.0256276980809674,-0.03373710399836248,-0.01357749016054469,-0.012555307434630573
MEK_ERK,0.025907139447485378,0.0019218567377648555,-0.5277895981764305,0.02580621096342527
PKC,-0.026665395453346646,-0.03587616320396412,-0.08119149234107025,-0.5213507268947424
DPD_LB,0,0,0,0
DPD_canc,0,0,0,0
