,iEGFR,iPI3K,iMEK,iPKC
EGFR,-0.14176623537171731,-0.13771156599676337,0.1284628670701416,0.20354313770412885
PI3K_AKT,-0.320184831059509,-0.33750950545781533,0.2550642766844201,0.165014431962072
MEK_ERK,-0.061872245193092035,-0.0793536577276176,-0.09909020611588262,0.06861629789009116
PKC,-0.297956543277194,-0.31007681055135267,0.12063511093290798,-0.17833289728351506
DPD_LB,0,0,0,0
DPD_canc,0,0,0,0
