,iEGFR,iPI3K,iMEK,iPKC
EGFR,-0.2758380059763738,-0.06165757637995092,-0.2565571884926372,0.055409596996408336
PI3K_AKT,-0.19570373238059222,-0.09070882606799166,0.002160227274925852,0.044612751684791195
MEK_ERK,-0.14815419457320725,0.007894005823357897,-0.1584936723519986,-0.0318943926784656
PKC,-0.34857477846577545,-0.027624546784144312,-0.040132212354617974,-0.34808781106187175
DPD_LB,0,0,0,0
DPD_canc,0,0,0,0
