,iEGFR,iPI3K,iMEK,iPKC
EGFR,0,-0.13129397171663384,-0.16297882969918284,-0.014739815130362365
PI3K_AKT,0,-0.09882541193373098,-0.042756471764764596,-0.024114718764281885
MEK_ERK,0,-0.08006999279401844,-0.22363083576131745,0.11753938676157873
PKC,0,-0.13049477019234065,-0.12623866068291534,-0.2449204485449772
DPD_LB,0,0,0,0
DPD_canc,0,0,0,0
