,iEGFR,iPI3K,iMEK,iPKC
EGFR,-0.21601477758725696,-0.05564823801964123,-0.24155852701963232,0.05031404476918865
PI3K_AKT,-0.17688995396367524,-0.09366043036707916,0.021875261406440732,0.05103860971206623
MEK_ERK,-0.13378200034685567,-0.005611097420409844,-0.16754822183389623,-0.02218071339044073
PKC,-0.3035220209000505,-0.04048659545327198,-0.04038637146118635,-0.32708726113354064
DPD_LB,-0.02520781113746644,0.00461466039042086,0.15123947066956595,-0.2588024761548786
DPD_Canc,0.1896180398950297,0.012839933082584194,0.24573324509637537,0.20904997699673514
