,iEGFR,iPI3K,iMEK,iPKC
EGFR,-0.07671648580710641,0,-0.12855393845619875,0.004904619597401756
PI3K_AKT,-0.0894750429608523,0,-0.014839464893306646,-0.018800893716182685
MEK_ERK,-0.23307153874508388,0,-0.4638466492802209,-0.05553438751235405
PKC,-0.2824888579547987,0,-0.18890116863278825,-0.40303315810618956
DPD_LB,0.09031334567048407,0,0.6980112254934437,-1.2074372253002414
DPD_Canc,-0.17006931076628734,0,-0.20267875588387774,-0.24617584291610659
