,iEGFR,iPI3K,iMEK,iPKC
EGFR,-0.037958835276044774,0.03541262945289505,-0.046427512660063106,0.08623035465991191
PI3K_AKT,-0.01410710206846056,-0.06895131032949339,-0.0036452495419239616,-0.016232679575372406
MEK_ERK,-0.02883632689710689,0.052887781954130755,-0.08939009528231587,-0.004176889597800007
PKC,-0.026138849601769727,-0.027305803576967054,0.021304472057203518,-0.2321042871128548
DPD_LB,-0.2487974019593716,0.2346162320974572,0.19458379262743528,0.04274214131073171
DPD_Canc,-0.19280870038395218,-0.5284984352909557,-1.0215367483956312,-0.23950494673249428
