,iEGFR,iPI3K,iMEK,iPKC
EGFR,-0.16232292237766083,-0.15880907633451954,-0.1365234226083832,0.036486136449678734
PI3K_AKT,,,,
MEK_ERK,-0.10192203678618515,-0.10596124156385642,-0.410149905082934,-0.10842671432507332
PKC,-0.12207228995668873,-0.15612831465486754,-0.07094997648758303,-0.35667251145854195
DPD_LB,0,0,0,0
DPD_canc,0,0,0,0
