,iEGFR,iPI3K,iMEK,iPKC
EGFR,-0.07449784992694365,-0.05902157518781137,0.010170235376968855,0.03251140416972256
PI3K_AKT,-0.18243378450148895,-0.5284153982834132,0.06009299503917736,0.07099855591711018
MEK_ERK,-0.14184646496941747,-0.1340345625498789,-0.36626197088318113,0.022645679161624924
PKC,-0.10508180079167405,-0.13787008043939727,-0.024833849029919475,-0.22804720240555207
DPD_LB,0,0,0,0
DPD_canc,0,0,0,0
