,iEGFR,iPI3K,iMEK,iPKC
EGFR,0.1326243753170261,0.0834283048354542,0.059587871614300104,0.22118197089787367
PI3K_AKT,0.057986245539261815,0.017883585068625956,0.062113176637006905,0.08869189855396868
MEK_ERK,0.0458217376280899,0.021025035711120164,-0.5103519676447569,0.03888892697153123
PKC,-0.007429291526386674,-0.0043433319217094585,-0.0602581609331988,-0.5057111703759195
DPD_LB,0,0,0,0
DPD_canc,0,0,0,0
