,iEGFR,iPI3K,iMEK,iPKC
EGFR,0.00900176292886644,0.06432504212600035,-0.025851901938226046,0.11426680447029308
PI3K_AKT,-0.01957523714552577,-0.09560050925266553,-0.016612300396671744,-0.02179679642934085
MEK_ERK,-0.010505711308950947,0.060548583850932404,-0.07128246142315763,0.018011553052298995
PKC,-0.022130445530789584,-0.0480331984958358,0.0023099613426714764,-0.2398182621677802
DPD_LB,0,0,0,0
DPD_canc,0,0,0,0
