,iEGFR,iPI3K,iMEK,iPKC
EGFR,-0.13451574922246312,-0.11400792366284075,-0.004094350602261242,0.18026269110357135
PI3K_AKT,,,,
MEK_ERK,-0.1297329679012038,-0.0856883094910001,-0.15390410494308737,0.04071618858207886
PKC,-0.10204341542506418,-0.22667990488971035,-0.0028649760655363,-0.13395106610886262
DPD_LB,0,0,0,0
DPD_canc,0,0,0,0
