,iEGFR,iPI3K,iMEK,iPKC
EGFR,-0.10864342003715137,-0.12911441636396095,-3.2185892552377283e-06,0.17812872737687635
PI3K_AKT,,,,
MEK_ERK,-0.1866486925133104,-0.04984030277741475,-0.13528050730447272,0.1068582907292902
PKC,-0.08986004930386708,-0.19783550526309057,0.000937605380839484,-0.1031913266154493
DPD_LB,0,0,0,0
DPD_canc,0,0,0,0
