,iEGFR,iPI3K,iMEK,iPKC
EGFR,-0.12340066898581761,-0.1188130993104632,-0.03376587907116903,0.14827179349416944
PI3K_AKT,,,,
MEK_ERK,-0.05346013312964165,-0.05300498976445181,-0.18621783570763395,0.036746324671140106
PKC,-0.04625818976910451,-0.16742715179405487,0.005582119504708418,-0.13861240902817717
DPD_LB,1.1008155522146963,-0.6508678092798575,1.6027379616933792,1.1622073822802315
DPD_Canc,-0.28127487664278955,0.18197932200012482,-0.13911179168415336,-0.0019086472928380328
