,iEGFR,iPI3K,iMEK,iPKC
EGFR,-0.07068031983159569,0,-0.14726080249515336,0.03397687782554543
PI3K_AKT,-0.030743370723984056,0,-0.00537332839469236,0.04908629761184775
MEK_ERK,-0.1374973073168682,0,-0.5248740417284694,-0.03976713744885239
PKC,-0.0642614038327171,0,-0.13522147612651128,-0.4383877985173796
DPD_LB,1.3276411780915929,0,1.3787883095014069,0.6244990845902337
DPD_Canc,0.20818736137299626,0,0.16013312609012095,0.3113445605939585
