,iEGFR,iPI3K,iMEK,iPKC
EGFR,-0.04198569633370902,-0.021988923622455157,0.04803833648324846,0.004058538162426894
PI3K_AKT,-0.38181496037376533,-0.32630017792381016,0.2516346685741039,0.0928853349385507
MEK_ERK,-0.08689946141451134,-0.10598770192760901,-0.11172885429017367,0.008864204368237158
PKC,-0.3822794274603943,-0.31505914551000247,0.05193349799077069,-0.26142513550180857
DPD_LB,0,0,0,0
DPD_canc,0,0,0,0
