,iEGFR,iPI3K,iMEK,iPKC
EGFR,-0.1411688445419996,-0.16291587600481955,-0.07688368099740298,0.23471552441065208
PI3K_AKT,-0.22574356356693873,-0.5688563622367188,-0.05677983642732299,-0.06474086294886586
MEK_ERK,-0.09867702582234489,-0.11530472795435057,-0.30524578270011177,-0.028832168844713575
PKC,-0.17868070392447372,-0.37603746058458976,-0.1144632937302404,-0.2765251819101533
DPD_LB,-0.8286273874046081,-1.8295657231299494,0.04615617439723434,-0.03397074008472668
DPD_Canc,0.21588320240641562,0.25924090454670795,0.1551575446247499,0.3013312291021632
