,iEGFR,iPI3K,iMEK,iPKC
EGFR,-0.05417232585927345,-0.1367496271962811,-0.04991301413615242,0.13109398302374822
PI3K_AKT,,,,
MEK_ERK,-0.14882254786229743,-0.044284149525564136,-0.17274855688513768,0.11170939171449502
PKC,-0.04655146495371816,-0.18103695914938397,-0.02596834619674159,-0.10596601060239526
DPD_LB,0,0,0,0
DPD_canc,0,0,0,0
