,iEGFR,iPI3K,iMEK,iPKC
EGFR,-0.10111265626589896,0,-0.14927998450661745,0.027666702337583313
PI3K_AKT,-0.07860744455928625,0,-0.002310697856906869,0.02739998647945952
MEK_ERK,-0.19973145944773,0,-0.5247185757024241,-0.015496278164660126
PKC,-0.125778387287827,0,-0.1672475604434626,-0.36756254326210214
DPD_LB,0,0,0,0
DPD_canc,0,0,0,0
