,iEGFR,iPI3K,iMEK,iPKC
EGFR,-0.0009419801840344185,-0.020294808328107913,0.19699688438681887,0.1601633993892352
PI3K_AKT,-0.2504117449241015,-0.47510188806053893,0.2037936621995929,0.2252381312677482
MEK_ERK,0.006799905436595909,-0.013442029636452047,-0.0463655626876494,0.25035861040020835
PKC,0.017247467230491895,-0.016877713180864725,0.1004407042065508,-0.0429668424710351
DPD_LB,0,0,0,0
DPD_canc,0,0,0,0
