,iEGFR,iPI3K,iMEK,iPKC
EGFR,0.04640850136202258,0.13655966826800198,-0.061096751702003994,0.23711447512204167
PI3K_AKT,-0.1380025519712727,-0.07405682660175121,0.07946000045099458,0.09996589943730803
MEK_ERK,-0.06696811102306767,0.05204765659877326,-0.10981856854012116,0.06494233845971445
PKC,-0.2248611437283335,0.0008153568925835571,0.02972851785440477,-0.22408063059498928
DPD_LB,0.24619892201683619,0.20565007501636237,0.390357356853451,0.0936181053255481
DPD_Canc,-0.13760770922912818,-0.26940914766591817,-0.2242261363072854,-0.29347629642873063
