,iEGFR,iPI3K,iMEK,iPKC
EGFR,-0.14883834212205907,-0.019695139124322955,-0.12338879182929946,0.12767612113482085
PI3K_AKT,-0.1251874930955369,0.013417945302746122,-0.02471430770657026,-0.036383112201560305
MEK_ERK,-0.173294787863684,-0.1017124778279545,-0.6286623722682676,-0.12004269408044468
PKC,-0.18017232844466102,-0.0817562417725428,-0.1986162781407161,-0.7099372094083878
DPD_LB,0,0,0,0
DPD_canc,0,0,0,0
