,iEGFR,iPI3K,iMEK,iPKC
EGFR,0,-0.04361551678942522,-0.10197389344970767,0.03933687103102677
PI3K_AKT,0,-0.029718835812202568,-0.014050352023426613,-0.00843638552050817
MEK_ERK,0,0.0036615101119472277,-0.5519315528645254,0.05252847519392782
PKC,0,-0.0010657945564532477,0.019437027820642928,-0.1774448741919507
DPD_LB,0,0,0,0
DPD_canc,0,0,0,0
