,iEGFR,iPI3K,iMEK,iPKC
EGFR,-0.11014756593242107,-0.08473822095091181,-0.040665925711338834,0.004116679576458551
PI3K_AKT,-0.21241661335827058,-0.5418259820081303,0.01491214056389144,0.04736495159664985
MEK_ERK,-0.20315090177316678,-0.1747666997991201,-0.4247552171925397,-0.029116065353863445
PKC,-0.1454272290128371,-0.16617242842905405,-0.06298342942442924,-0.25158545693410045
DPD_LB,0,0,0,0
DPD_canc,0,0,0,0
