,iEGFR,iPI3K,iMEK,iPKC
EGFR,0,0.00344289554629869,-0.06951379127443079,0.09403867029404184
PI3K_AKT,0,-0.01763438304072103,-0.007007997403926145,0.0031865074801719724
MEK_ERK,0,-0.014766743412380807,-0.6383480519857052,0.021752183320062464
PKC,0,-0.009509956959051708,-0.009315486521727359,-0.2056289012165217
DPD_LB,0,0,0,0
DPD_canc,0,0,0,0
