,iEGFR,iPI3K,iMEK,iPKC
EGFR,-0.13451574922246312,-0.11400792366284075,-0.004094350602261242,0.18026269110357135
PI3K_AKT,,,,
MEK_ERK,-0.1297329679012038,-0.0856883094910001,-0.15390410494308737,0.04071618858207886
PKC,-0.10204341542506418,-0.22667990488971035,-0.0028649760655363,-0.13395106610886262
DPD_LB,0.8815684961019551,-1.2299042175886057,-0.7434095419373135,0.8859101328530389
DPD_Canc,-0.06718680793616137,0.24006779399960865,-0.09567737459391625,-0.09565929480290641
