,iEGFR,iPI3K,iMEK,iPKC
EGFR,-0.07068031983159569,0,-0.14726080249515336,0.03397687782554543
PI3K_AKT,-0.030743370723984056,0,-0.00537332839469236,0.04908629761184775
MEK_ERK,-0.1374973073168682,0,-0.5248740417284694,-0.03976713744885239
PKC,-0.0642614038327171,0,-0.13522147612651128,-0.4383877985173796
DPD_LB,0,0,0,0
DPD_canc,0,0,0,0
