,iEGFR,iPI3K,iMEK,iPKC
EGFR,0.03615005300234834,0.05006989615584508,0.03702448728567003,0.11486419320147638
PI3K_AKT,-0.012758795707617204,-0.10238862159469066,0.007476183137441008,-0.04673136276617731
MEK_ERK,0.005798536115620733,0.09092342462187633,-0.07589885755412241,-0.006781724796127479
PKC,0.013491100346824764,0.027986135649006687,0.048405605095791164,-0.22185009603200762
DPD_LB,0.17721832997792747,0.33880000312463904,0.25889380053088634,0.310057503013979
DPD_Canc,0.09515685722191625,-0.6334793155247882,-0.18981448564165096,-0.20187548905935288
