,iEGFR,iPI3K,iMEK,iPKC
EGFR,0.037552862827649906,0.03268003773363391,0.02728497012819133,0.11156556273852604
PI3K_AKT,-0.015270246629527915,-0.1020533674405662,0.004547937270943029,-0.04912317477080933
MEK_ERK,-0.03801063405739857,0.02455798089983341,-0.14620981967051971,-0.05305471459828312
PKC,-0.002086624350853141,-0.006685826308397226,0.019756495333715644,-0.24017045041058974
DPD_LB,0,0,0,0
DPD_canc,0,0,0,0
