,iEGFR,iPI3K,iMEK,iPKC
EGFR,-0.009271158193506072,0.03503686585225436,0.029877152778844472,0.10982802894367327
PI3K_AKT,-0.029012051820204564,-0.12610794021812813,0.01233217563502016,-0.036295935123731374
MEK_ERK,-0.025056928798562274,0.09118959508281592,-0.08224900189941574,-0.0044838375726536876
PKC,-0.019340555870727225,0.02637939088302654,0.04425033253527511,-0.16177847642636037
DPD_LB,0.052425535493310374,0.42084740771973483,0.2530533142066443,0.40663476497493345
DPD_Canc,0.20978099427469665,-0.7222205479455518,-0.009608205353172616,-0.23908796518849368
