,iEGFR,iPI3K,iMEK,iPKC
EGFR,-0.0252586018773264,0.029822887281148635,0.0217666654662811,0.0925848443263301
PI3K_AKT,-0.03279654850734242,-0.1469540044485802,0.007089551950838964,-0.036545684256870485
MEK_ERK,-0.06318862762932159,0.04107171963880264,-0.13650601597047926,-0.0646296531387083
PKC,-0.056211498139931766,-0.024307751004704475,0.006525314858938027,-0.19881975748535952
DPD_LB,0,0,0,0
DPD_canc,0,0,0,0
