,iEGFR,iPI3K,iMEK,iPKC
EGFR,-0.020848163289889917,-0.06599407664620248,-0.01870000276697723,-0.016709517287507386
PI3K_AKT,-0.004111726962379433,-0.20080857495282184,0.024130799091896384,-0.013860046518316396
MEK_ERK,0.00985063873126532,-0.04987044713808048,-0.19940418825412676,-0.11053031137613066
PKC,-0.007985999110645615,-0.1439301330069329,0.008165551009945144,-0.23420083190956267
DPD_LB,0,0,0,0
DPD_canc,0,0,0,0
