,iEGFR,iPI3K,iMEK,iPKC
EGFR,-0.04077127783617973,-0.0642317724429212,-0.0342898004043439,-0.006255105214400972
PI3K_AKT,-0.02520928259893403,-0.21188180151600197,0.004842393436541061,-0.03377681667767047
MEK_ERK,-0.04357534460681928,-0.07542420334569988,-0.22445740627475402,-0.1357157141685452
PKC,-0.06623864647438242,-0.17428924326349096,-0.03924192736960176,-0.2689362621738443
DPD_LB,0,0,0,0
DPD_canc,0,0,0,0
