,iEGFR,iPI3K,iMEK,iPKC
EGFR,-0.07053694088356449,0.0006472383921271922,-0.16150713667684954,0.029933108342807817
PI3K_AKT,-0.11398351939668415,-0.08116054713820656,0.014312489029365208,0.05160777883301932
MEK_ERK,-0.06034445834613153,-0.04731645551238759,-0.29826039225701734,0.03267382730541013
PKC,-0.13269683728649323,-0.11646967825529726,-0.09463624035091521,-0.2844416786014194
DPD_LB,0,0,0,0
DPD_canc,0,0,0,0
