,iEGFR,iPI3K,iMEK,iPKC
EGFR,-0.05834706473777446,-0.017088154737600576,-0.13859064476776498,0.004789385437104025
PI3K_AKT,-0.10484933237020626,-0.11858964388989626,0.04932972557289611,0.059968633360962566
MEK_ERK,-0.032658828354164886,-0.023189132599687096,-0.2743197918507801,-0.006086583325176191
PKC,-0.10228833150541808,-0.1149629669373958,-0.04891966562646867,-0.2872587513935831
DPD_LB,0,0,0,0
DPD_canc,0,0,0,0
