,iEGFR,iPI3K,iMEK,iPKC
EGFR,-0.037317961796171466,-0.08434746444928867,-0.09919693552985877,0.04084157877314137
PI3K_AKT,-0.18188607676161406,-0.2367459995427715,0.06435631851508576,0.04867396916840179
MEK_ERK,0.059144482595912116,-0.08238497543760699,-0.22309635748302015,0.07430405027444092
PKC,-0.0800613409279744,-0.23512392658230113,0.009687336539448957,-0.2681445456460553
DPD_LB,0.17405689910260158,-0.13217652145206985,0.07200547300365759,0.11067717663170662
DPD_Canc,0.09328578560196069,0.200616353866928,-0.04620199526444583,-0.07604340714613012
