,iEGFR,iPI3K,iMEK,iPKC
EGFR,-0.02534884229739468,-0.05493961989935183,-0.08853580424152312,0.04869620543825812
PI3K_AKT,-0.13340666569632628,-0.18252390764249793,0.11537153462814789,0.1055626314342074
MEK_ERK,0.060386321973895055,-0.061729925530075044,-0.22198194600585958,0.06392428219023977
PKC,-0.04102696444958034,-0.17634335529176323,0.050107651788447456,-0.21518319914068215
DPD_LB,0.10209279618280351,-0.18096259146947535,-0.07484983563981949,-0.06031685070705613
DPD_Canc,0.01150159111175584,0.097596366585664,-0.09855000387627985,-0.16352433785573145
