,iEGFR,iPI3K,iMEK,iPKC
EGFR,-0.054497123448381125,-0.04621430348785301,0.023558592873678195,0.08899856438676376
PI3K_AKT,-0.10528040884101321,-0.18214447767995975,0.02088539001115139,0.005979652140588282
MEK_ERK,-0.09812623455412525,-0.024915067095967254,-0.3032766479287427,0.12166844516583931
PKC,-0.013482698659049688,-0.045257006248293395,0.029269075809272068,-0.11136002942941742
DPD_LB,0,0,0,0
DPD_canc,0,0,0,0
