,iEGFR,iPI3K,iMEK,iPKC
EGFR,0.03161695306442491,0.022803710650321895,0.10008212008145408,0.1502849598138008
PI3K_AKT,-0.10765810550246034,-0.09867364914187939,0.007641609132120278,-0.004215770825478796
MEK_ERK,0.035002558336601625,0.0234934262679327,-0.1736257475137067,0.12588511186727114
PKC,0.058036172791250125,-0.04668944271969791,0.04898662277250775,-0.1396823293271304
DPD_LB,0,0,0,0
DPD_canc,0,0,0,0
