,iEGFR,iPI3K,iMEK,iPKC
EGFR,-0.115530333807133,-0.08719907660185588,-0.06354103413559825,0.09785456746089798
PI3K_AKT,-0.09314487541749703,-0.32026366564419956,0.028432604646408777,0.05320122192606316
MEK_ERK,-0.07573936041166514,-0.06297893724103056,-0.45610238749239873,0.07989702144015676
PKC,-0.034305527058908616,-0.06918843866937063,0.005608706850411123,-0.08464270224088206
DPD_LB,0.05450930046418032,0.21694335453520963,0.1234049539230404,0.09403872920519947
DPD_Canc,0.021192466902581242,-0.02350262936742417,-0.2913894544305521,-0.07843771711526581
