,iEGFR,iPI3K,iMEK,iPKC
EGFR,-0.16778779631800722,-0.08566013101374717,0.10282593122381238,0.09868639597393943
PI3K_AKT,-0.24633368972921144,-0.3703167526988165,0.06674718444541547,0.03990114556633303
MEK_ERK,-0.14357965070214374,-0.03664905421739109,-0.25187118316482926,0.07295747927474794
PKC,-0.12424664210778799,-0.09633790797557797,0.03273502139834893,-0.1418790466766886
DPD_LB,0,0,0,0
DPD_canc,0,0,0,0
