,iEGFR,iPI3K,iMEK,iPKC
EGFR,0.019169384961638294,-0.04800192633840415,0.023142320672636996,0.05339126064289396
PI3K_AKT,-0.44477653461566996,-0.19556982793333755,0.06618391923013207,0.04537824928633497
MEK_ERK,0.013863158590328035,0.02087947184002269,-0.06553344646233945,0.010049362290625344
PKC,-0.20018974238014708,-0.07361695223790928,0.019120039706798934,-0.1561571167820517
DPD_LB,0,0,0,0
DPD_canc,0,0,0,0
