,iEGFR,iPI3K,iMEK,iPKC
EGFR,-0.1856592599673255,0,-0.08100735163694835,0.028978453107075055
PI3K_AKT,-0.4565650286855469,0,0.12694477380597075,-0.01200270057809382
MEK_ERK,-0.17102865827162958,0,-0.34804335372258516,-0.013283084392207803
PKC,-0.24681407433614697,0,-0.09368452434301604,-0.19127852649065155
DPD_LB,0,0,0,0
DPD_canc,0,0,0,0
