,iEGFR,iPI3K,iMEK,iPKC
EGFR,-0.21535200514995737,0,-0.048722312607191474,0.13502614017737094
PI3K_AKT,-0.4750663854650908,0,0.2714616417855693,0.05900864476978972
MEK_ERK,-0.2514135784698199,0,-0.32304019113438387,0.06883136087339659
PKC,-0.4702902302602934,0,-0.040456962396915624,-0.18708583130540601
DPD_LB,0,0,0,0
DPD_canc,0,0,0,0
