,iEGFR,iPI3K,iMEK,iPKC
EGFR,-0.07772482727681118,0,-0.16070815541873576,-0.008915077665597812
PI3K_AKT,-0.24908990124139538,0,0.06388322143610042,-0.06658135623187916
MEK_ERK,-0.03907666663753829,0,-0.3577849899119425,-0.034466162628186366
PKC,-0.07345419378685963,0,-0.002908129571939312,-0.20661206323234915
DPD_LB,0,0,0,0
DPD_canc,0,0,0,0
