,iEGFR,iPI3K,iMEK,iPKC
EGFR,-0.1260475662509455,0,-0.11471356367078107,0.012575516092420863
PI3K_AKT,-0.38493165312651345,0,0.09174987018733141,-0.02302683960908878
MEK_ERK,-0.09150789519020609,0,-0.3486132027207386,-0.0126094186144344
PKC,-0.13538691436200884,0,-0.05237425535594464,-0.17215976164528474
DPD_LB,0,0,0,0
DPD_canc,0,0,0,0
