,iEGFR,iPI3K,iMEK,iPKC
EGFR,-0.11868559356661972,-0.1185926693697446,-0.02245312349117841,0.05206886755981057
PI3K_AKT,-0.28718733574394134,-0.5104832856988413,0.034049376765734406,0.06316854372967888
MEK_ERK,-0.2402425823394467,-0.08836427568238285,-0.1975070483963791,0.03603718783774518
PKC,-0.10602692140659516,-0.13199637159045502,-0.012627906106562028,-0.1297338684702121
DPD_LB,-0.0626270918453977,-0.14056731400101874,-0.1362755266841989,-0.09047700141705632
DPD_Canc,-0.033636203215216244,0.089378051004689,-0.2999903472370204,-0.11642298764284101
