,iEGFR,iPI3K,iMEK,iPKC
EGFR,-0.1022927018366979,-0.05545313277205842,0.05988436526189464,0.1120085458092213
PI3K_AKT,-0.204500437775594,-0.41096441983680143,0.06617767794220884,0.06755130483178355
MEK_ERK,-0.06334653369890647,0.017533354919154184,-0.050382290167772625,0.0370071972339705
PKC,-0.014131762978807801,-0.03720340173242041,0.0356064673463274,-0.07127824638793127
DPD_LB,0,0,0,0
DPD_canc,0,0,0,0
