,iEGFR,iPI3K,iMEK,iPKC
EGFR,-0.13463644005338496,-0.11266957635219618,-0.007842576340422786,0.048123542413866585
PI3K_AKT,-0.16509121440550437,-0.35541364574471107,0.053187510732963225,0.044920487520055244
MEK_ERK,-0.04334355226728704,0.01725876602570898,-0.0971858265498345,0.021167092161168362
PKC,-0.003414129934320407,-0.028558662881064137,0.03808216946106191,-0.08666047085389296
DPD_LB,0.05980191408025592,-0.07420178928568401,-0.07872283124609553,-0.038235969109184954
DPD_Canc,0.07466779079320766,-0.007634007906178019,-0.18339945611820346,-0.09566735259445185
