,iEGFR,iPI3K,iMEK,iPKC
EGFR,-0.1546921332592764,-0.158767559440089,-0.10057905766648799,-0.007491967907125222
PI3K_AKT,-0.3164155182790572,-0.5261226418843442,0.01711069069036388,0.06003590011433773
MEK_ERK,-0.3004587219270995,-0.11930182526301152,-0.26041147625541156,0.04598257659386373
PKC,-0.13501727347353376,-0.17100562282205184,-0.035549856283959805,-0.14138008626243584
DPD_LB,0,0,0,0
DPD_canc,0,0,0,0
