,iEGFR,iPI3K,iMEK,iPKC
EGFR,-0.14603713526994466,-0.10436890234209359,-0.07449227661835058,-0.044484476074125166
PI3K_AKT,-0.25017401449021137,-0.1821516479947866,0.09308409456241494,0.05636623387313362
MEK_ERK,-0.28288954262945204,-0.12052297071098156,-0.26924877792249,0.044108124070464785
PKC,-0.4140366423706313,-0.27301027610215833,-0.025738739847073637,-0.3324290399288462
DPD_LB,0.06712563707171192,-0.1265196434569964,0.10342070140218453,-0.03758026468451677
DPD_Canc,0.05597294719799344,-0.1325566106284686,-0.17290832343697593,-0.008174779403067212
