,iEGFR,iPI3K,iMEK,iPKC
EGFR,-0.11934435110566873,0,-0.07172487334285742,0.06584016615905092
PI3K_AKT,-0.11556635930043137,0,-0.018546814124940934,0.008655670322353289
MEK_ERK,-0.2564545098688127,0,-0.32042184678124663,0.026973758816493963
PKC,-0.19640928823743298,0,-0.16865822445278414,-0.2023509063825524
DPD_LB,0.1230103435366595,0,0.6131853386789425,1.2321928282134453
DPD_Canc,1.6555167272188975,0,-0.7509181304843503,-0.7127971857424189
