,iEGFR,iPI3K,iMEK,iPKC
EGFR,0.06659170988516729,-0.002758767897181013,-0.0010679424240440441,0.10470501135589931
PI3K_AKT,-0.05675120087250483,-0.17537978407378635,0.13847564452233663,0.08547348176700152
MEK_ERK,0.03483418956635856,-0.02147215147949834,-0.25106233468911693,0.07058121423124916
PKC,0.02479047547180466,-0.09420716846132893,0.11783081098312885,-0.1695291017371965
DPD_LB,0.14720274110512824,0.04420898209996215,0.24958867948130303,0.24792218672174218
DPD_Canc,-0.2640892673861844,0.07992317917216483,-0.32669039696882757,-0.025049580444205216
