,iEGFR,iPI3K,iMEK,iPKC
EGFR,-0.15219732612029965,-0.18160171395046765,-0.038481457020155235,-0.018724701037186556
PI3K_AKT,-0.4592009327196763,-0.35029202364903933,0.16497138686696966,0.11540906163444203
MEK_ERK,-0.20377015224476053,-0.21126593306157676,-0.18444574109347142,-0.0036564869110532723
PKC,-0.5364206146366696,-0.36573528708441483,-0.03275603459353348,-0.19853044188617336
DPD_LB,0,0,0,0
DPD_canc,0,0,0,0
