,iEGFR,iPI3K,iMEK,iPKC
EGFR,-0.13651180333435914,-0.04292981465030114,-0.0683151861686509,-0.037230575612012276
PI3K_AKT,-0.25630239862977655,-0.14545918769737248,0.10258156297637078,0.07307513257826823
MEK_ERK,-0.2813877899518531,-0.08156921934701944,-0.2546984345954389,0.06720022750317867
PKC,-0.44777962195834076,-0.22844263606433657,-0.012836109059858984,-0.3178162464140463
DPD_LB,0,0,0,0
DPD_canc,0,0,0,0
