,iEGFR,iPI3K,iMEK,iPKC
EGFR,-0.037692762803401905,0,-0.06268956445029426,0.036805124072893415
PI3K_AKT,-0.042448546120713096,0,-6.671374751321474e-05,0.04695953677101251
MEK_ERK,-0.10705836233581435,0,-0.3256208172996323,-0.016433183582972553
PKC,-0.07039246354514016,0,-0.12364879838376006,-0.23339108062278502
DPD_LB,1.1924812890628134,0,1.6560276751889182,0.9264375193102974
DPD_Canc,-0.9854053635240377,0,-0.9858662232598996,1.0173442978085412
