,iEGFR,iPI3K,iMEK,iPKC
EGFR,-0.18145516587238833,-0.10824120579198993,0.05742532741777263,0.2034875261662546
PI3K_AKT,-0.40653767450812933,-0.40998599784414025,0.14298598429400516,0.13965456366507206
MEK_ERK,-0.08471439714101352,-0.07625093518311832,-0.1259061398858082,0.1349091084911936
PKC,-0.3506427448762592,-0.2887839848522416,0.07588292774428897,-0.11112022455211008
DPD_LB,0,0,0,0
DPD_canc,0,0,0,0
