,iEGFR,iPI3K,iMEK,iPKC
EGFR,-0.20445754946663908,-0.13417205697349943,-0.025502847088162816,0.15483443434965796
PI3K_AKT,-0.40329712919718197,-0.4335498564862177,0.08866502162215426,0.09870497962531213
MEK_ERK,-0.02330859884872247,-0.027728375210123852,-0.12443310661525932,0.1302115316293039
PKC,-0.24602389645844053,-0.22529486160877155,0.07357373199101593,-0.12986963912364344
DPD_LB,0,0,0,0
DPD_canc,0,0,0,0
