,iEGFR,iPI3K,iMEK,iPKC
EGFR,-0.17245324909432017,-0.18875165875906882,0.013660487729612305,0.0483612852999854
PI3K_AKT,-0.441088984625668,-0.3540951965374309,0.19746602271749375,0.15716862089773298
MEK_ERK,-0.21858975741648376,-0.2234693193252169,-0.16644224673930677,0.03091906777400942
PKC,-0.5445245907462364,-0.3810672941393,0.0038283747850605876,-0.17115794050911487
DPD_LB,0,0,0,0
DPD_canc,0,0,0,0
