,iEGFR,iPI3K,iMEK,iPKC
EGFR,-0.0959935740474818,0,-0.07193351648626495,0.07623262087442556
PI3K_AKT,-0.11891279928722343,0,-0.02544590231152322,-0.015734830257591485
MEK_ERK,-0.2313615792090223,0,-0.36549050117490034,0.014075544991092764
PKC,-0.19259215431022803,0,-0.20367040391689337,-0.23925885676742278
DPD_LB,0,0,0,0
DPD_canc,0,0,0,0
