,iEGFR,iPI3K,iMEK,iPKC
EGFR,-0.05096003405216173,0,-0.1123577189714501,-0.0024944143189701154
PI3K_AKT,-0.0637246902546864,0,0.0023648328968691548,0.020991774431120977
MEK_ERK,-0.039813650110655296,0,-0.4301514000218841,-0.030066808174211267
PKC,0.038153101230779564,0,-0.03744878286767147,-0.22574057397439545
DPD_LB,0.8264166133565536,0,1.9717809435422273,0.6297081628076668
DPD_Canc,1.4342713996253698,0,-0.7674145584617041,1.1738264202920237
