,iEGFR,iPI3K,iMEK,iPKC
EGFR,-0.05071617361010053,0,-0.14045962536403492,-0.015411007288507849
PI3K_AKT,-0.08160811623854958,0,-0.016643422412066986,-0.011902754625920954
MEK_ERK,-0.06121640546271954,0,-0.5223300862915777,-0.08847642389785022
PKC,-0.023599433279566248,0,-0.11958517068394202,-0.3319660366030226
DPD_LB,-0.11849730289676441,0,1.166213497028908,-0.5061123928509148
DPD_Canc,1.6151194738167554,0,-0.3019732632650305,1.5331371893171588
