,iEGFR,iPI3K,iMEK,iPKC
EGFR,-0.17246150959208906,-0.0627399061463389,-0.1735482173600526,-0.0415788212833365
PI3K_AKT,-0.21142319915263172,-0.14710823572336817,0.07756889845132768,0.04669167197098154
MEK_ERK,-0.2297873762571221,-0.049054621751744326,-0.3360501260535013,-0.006784601073146427
PKC,-0.2910977598721598,-0.12142078357498025,-0.06375640701499687,-0.31459695678034866
DPD_LB,-0.024619956727447385,-0.059424178918101755,-0.09100513488185133,-0.09367065973957246
DPD_Canc,0.18419403231995718,0.09625380493992512,0.04068192303639454,0.2227810830088034
