,iEGFR,iPI3K,iMEK,iPKC
EGFR,-0.14626141160669326,-0.24092575465444732,-0.18125776934338053,0.07415100547805532
PI3K_AKT,-0.3067997943188423,-0.4414621695503571,0.05198825287945762,0.07063446359582695
MEK_ERK,0.009494943923311239,-0.12181174310401045,-0.1472427234251792,0.06233564186070427
PKC,-0.13671632943373385,-0.21662410005639116,0.07247056823492753,-0.199403722228246
DPD_LB,0.16951955876786942,-0.04663151278848017,0.3392189964530129,0.13061401397640043
DPD_Canc,-0.05834194193269184,0.07780304969865322,-0.16026788064463876,-0.0673156744356894
