,iEGFR,iPI3K,iMEK,iPKC
EGFR,-0.15680789728948122,-0.05750495085513091,-0.18509568542859764,-0.03593213063068978
PI3K_AKT,-0.19406787332932435,-0.1642535630616526,0.06870577052408497,0.030915318788203267
MEK_ERK,-0.17690551779244057,-0.03659518151660918,-0.345883126441011,-0.012292232820094224
PKC,-0.24120952327185335,-0.10836636699477437,-0.049930066072685325,-0.3119019516469639
DPD_LB,0,0,0,0
DPD_canc,0,0,0,0
