,iEGFR,iPI3K,iMEK,iPKC
EGFR,-0.06751910699175742,0,-0.05355505762411822,0.046235775758531016
PI3K_AKT,-0.05111851766194384,0,-0.005027815771190445,0.051521295319053556
MEK_ERK,-0.18540508114463422,0,-0.26230550606626796,0.002785713681489812
PKC,-0.13862259697675144,0,-0.12397956960154641,-0.20432714513770076
DPD_LB,0.888392163942112,0,1.3926789523684726,1.2783692884837168
DPD_Canc,-0.4763786707765061,0,-0.7061254646562042,0.7024410382129538
