,iEGFR,iPI3K,iMEK,iPKC
EGFR,-0.14603713526994466,-0.10436890234209359,-0.07449227661835058,-0.044484476074125166
PI3K_AKT,-0.25017401449021137,-0.1821516479947866,0.09308409456241494,0.05636623387313362
MEK_ERK,-0.28288954262945204,-0.12052297071098156,-0.26924877792249,0.044108124070464785
PKC,-0.4140366423706313,-0.27301027610215833,-0.025738739847073637,-0.3324290399288462
DPD_LB,0,0,0,0
DPD_canc,0,0,0,0
