,iEGFR,iPI3K,iMEK,iPKC
EGFR,-0.10130170181828554,-0.16669750399384106,-0.1487495433898667,0.09257877073351777
PI3K_AKT,-0.3397093895995887,-0.4602187035391072,0.01649300752771447,0.03886610740937183
MEK_ERK,-0.06972767619476551,-0.15846280754184272,-0.21630291479165875,-0.03151163359354556
PKC,-0.16727481969050934,-0.22305092119370276,0.024146870347769522,-0.2509355403863801
DPD_LB,0,0,0,0
DPD_canc,0,0,0,0
