,iEGFR,iPI3K,iMEK,iPKC
EGFR,-0.15680789728948122,-0.05750495085513091,-0.18509568542859764,-0.03593213063068978
PI3K_AKT,-0.19406787332932435,-0.1642535630616526,0.06870577052408497,0.030915318788203267
MEK_ERK,-0.17690551779244057,-0.03659518151660918,-0.345883126441011,-0.012292232820094224
PKC,-0.24120952327185335,-0.10836636699477437,-0.049930066072685325,-0.3119019516469639
DPD_LB,-0.07671461352964414,-0.05168301232324421,-0.09735912531214354,-0.06167627504854086
DPD_Canc,0.18621680986492878,0.25542119477619135,0.1465217521387339,0.32933991752767067
