,iEGFR,iPI3K,iMEK,iPKC
EGFR,-0.03030490336924464,-0.006510648795209662,0,0.016235053564381118
PI3K_AKT,0.04010760593061316,-0.23678667359768518,0,0.13332535209091795
MEK_ERK,0.014347604375470328,0.04930024915824885,0,-0.022811001313615426
PKC,0.08009600136104711,0.069908751521201,0,-0.2017259702874823
DPD_LB,0,0,0,0
DPD_canc,0,0,0,0
