,iEGFR,iPI3K,iMEK,iPKC
EGFR,-0.10439616472315755,-0.05357238088055396,0,0.03445161871970122
PI3K_AKT,-0.24153879829508954,-0.3711627272184755,0,-0.011064009657082572
MEK_ERK,-0.12401783850617272,-0.0813564883746379,0,0.017957076068704524
PKC,-0.07332103611283554,-0.24467709956280187,0,-0.21504456772324412
DPD_LB,-0.05177654784020708,-0.2929607399246128,0,-0.004192834727824598
DPD_Canc,-0.06241010089913906,0.01771010083404014,0,-0.048896311496514244
