,iEGFR,iPI3K,iMEK,iPKC
EGFR,-0.13897213306641312,-0.029853809348211323,-1.54763512504233e-05,0.15652955974130375
PI3K_AKT,-0.09215213719879316,-0.10259316596151198,0.07008467884824009,0.025329945907397452
MEK_ERK,-0.23850052504256775,-0.07714540978745682,-0.11841086844465007,-0.0008684460259270531
PKC,-0.2721499630907569,-0.09626522903920771,-0.010077058931202212,-0.35453600874768953
DPD_LB,0,0,0,0
DPD_canc,0,0,0,0
