,iEGFR,iPI3K,iMEK,iPKC
EGFR,0.04009686495860972,0.03120895872944344,0,0.0498831265978506
PI3K_AKT,-0.024431821751650627,-0.34528611780269963,0,0.02932350589476752
MEK_ERK,0.06008091345249757,0.0535081928190436,0,-0.03267613489112397
PKC,0.12151237323720755,0.057369781782810644,0,-0.2275163391665162
DPD_LB,0,0,0,0
DPD_canc,0,0,0,0
