,iEGFR,iPI3K,iMEK,iPKC
EGFR,-0.1524027618963714,-0.05795716668604992,-0.03847347409443668,0.09411572505678122
PI3K_AKT,-0.055621369719165155,-0.05524469239121661,0.06227642946064237,0.029774101207175652
MEK_ERK,-0.15142145799731402,-0.06353196046902351,-0.13430598608650474,0.017958832244924523
PKC,-0.20462944547422518,-0.07928323113098794,-0.04346277327424697,-0.31208851745316146
DPD_LB,0.17835282876145336,-0.005363292760025433,-0.1096819687844078,-0.27530987349730807
DPD_Canc,-0.17370752242481785,0.2881868259629801,-0.19296187491498903,0.11055468115771931
