,iEGFR,iPI3K,iMEK,iPKC
EGFR,-0.10450721075583302,0.02571141702920066,0,0.21004185156659824
PI3K_AKT,-0.16752413959483792,-0.2702191459484754,0,0.06389202388137355
MEK_ERK,-0.1805288355960366,0.02481838825254299,0,0.08492808259244121
PKC,-0.11419991634431853,-0.021054204325931934,0,-0.14556180025430035
DPD_LB,-0.08625643519340018,0.11391884989617182,0,-0.10837978083851499
DPD_Canc,-0.12231994366485205,-0.08596670069265684,0,-0.05895404958066323
