,iEGFR,iPI3K,iMEK,iPKC
EGFR,-0.11561969949977075,-0.06188341698067362,0,0.015528969059938308
PI3K_AKT,-0.24162221677751178,-0.35853973789154114,0,-0.020085208450314317
MEK_ERK,-0.19998008464342418,-0.10995928835236736,0,-0.023574989241795706
PKC,-0.1355541965000411,-0.2469033805669206,0,-0.26786303399621936
DPD_LB,0,0,0,0
DPD_canc,0,0,0,0
