,iEGFR,iPI3K,iMEK,iPKC
EGFR,-0.18410880591901624,-0.1052961182008121,-0.04527916935515602,0.026988129202239888
PI3K_AKT,-0.057827475019127515,-0.050942195326813246,0.07167804343751012,0.03481368738189381
MEK_ERK,-0.13687062417961998,-0.05689549037320077,-0.1140151411944871,0.03489564414933639
PKC,-0.20289715969307034,-0.07181387386676216,-0.03546846694185895,-0.2872329150114579
DPD_LB,0.2493755062764234,0.10465854068058328,0.024609921318935753,-0.12059892674198648
DPD_Canc,-0.2491098650704354,0.28120479371186924,-0.1283877621708028,0.10646514863918415
