,iEGFR,iPI3K,iMEK,iPKC
EGFR,-0.15592430153343945,-0.08813710337179821,0.027139545313863835,-0.024977931102443732
PI3K_AKT,-0.1014478813761373,-0.10980025200914043,0.12706555172852957,0.06604552616862099
MEK_ERK,-0.11664307176218527,-0.035858224379601414,-0.10682955100915803,0.056064528998147414
PKC,-0.2002203210912494,-0.08254555713918729,0.008766313096250892,-0.22814923519853605
DPD_LB,0.47845346067013933,0.07930216588202356,0.3563621769844356,0.12697200510966566
DPD_Canc,-0.3279910329796642,-0.027681337546917983,-0.8300154762762878,-0.13816027128762265
