,iEGFR,iPI3K,iMEK,iPKC
EGFR,-0.03030490336924464,-0.006510648795209662,0,0.016235053564381118
PI3K_AKT,0.04010760593061316,-0.23678667359768518,0,0.13332535209091795
MEK_ERK,0.014347604375470328,0.04930024915824885,0,-0.022811001313615426
PKC,0.08009600136104711,0.069908751521201,0,-0.2017259702874823
DPD_LB,0.23514834028844886,0.16934451477386533,0,-0.16968775528190477
DPD_Canc,0.09189045309218709,0.061284469072386064,0,0.22106770841136986
