,iEGFR,iPI3K,iMEK,iPKC
EGFR,-0.1561174962696506,-0.054830379873328776,0,0.12734977932870217
PI3K_AKT,-0.1393865915633124,-0.3060172951079148,0,0.06443015137776047
MEK_ERK,-0.16140369686450703,-0.002375730692244874,0,0.027656279967812968
PKC,-0.11028785915638457,-0.03647260031992519,0,-0.1955827997929897
DPD_LB,0,0,0,0
DPD_canc,0,0,0,0
