,iEGFR,iPI3K,iMEK,iPKC
EGFR,-0.2382859130912078,-0.1630352882785615,-0.050188431750268755,-0.08528784049200623
PI3K_AKT,-0.10849828934415501,-0.10429222054578811,0.11142241363147519,0.05630120534312093
MEK_ERK,-0.15270541000769458,-0.05513512573305716,-0.11855070243605652,0.04968799649172229
PKC,-0.23823252662266503,-0.09469365668022846,-0.016629104941148453,-0.24802481034168355
DPD_LB,0,0,0,0
DPD_canc,0,0,0,0
