,iEGFR,iPI3K,iMEK,iPKC
EGFR,-0.1524027618963714,-0.05795716668604992,-0.03847347409443668,0.09411572505678122
PI3K_AKT,-0.055621369719165155,-0.05524469239121661,0.06227642946064237,0.029774101207175652
MEK_ERK,-0.15142145799731402,-0.06353196046902351,-0.13430598608650474,0.017958832244924523
PKC,-0.20462944547422518,-0.07928323113098794,-0.04346277327424697,-0.31208851745316146
DPD_LB,0,0,0,0
DPD_canc,0,0,0,0
