,EGFR,PI3K_AKT,mTOR,MEK_ERK,PKC,TGFb-SMAD,STAT3,DPD_NC,DPD_LB
0,0.0,0.11411136311917866,0.007751783337728571,0.3226133296350223,-0.10410089549536884,0.31782504430430164,0.006746720755278452,0.0,0.0
1,0.30604949572989054,0.0,-0.05457103354326468,-0.0863667715972734,0.0613773618694872,-0.15601460906171546,0.2043610770794831,0.0,0.0
2,-0.02268824912527724,0.07776897679037552,0.0,0.24757911126565466,0.5576488063193197,-0.1223273060849343,-0.09782269547747147,0.0,0.0
3,0.7223688203382022,0.052161328246147685,0.041686377481675474,0.0,0.0038194690356303193,-0.07230314460359046,0.10059876782839078,0.0,0.0
4,0.30602503381774954,0.18609603355500967,0.046285968122524425,0.019960984259467022,0.0,0.050445513132535535,0.05628110149141401,0.0,0.0
5,0.27628685747363424,-0.0028585714494361153,-0.006139591342986408,-0.007285625894596701,0.005832432665696612,0.0,0.2397178878621335,0.0,0.0
6,0.22050231264544948,0.005050993828263447,-0.0008975588179682692,-0.12861087609878488,-0.002474677757451804,0.22664748457062933,0.0,0.0,0.0
7,0.0,-2.360150721314049,-3.898931181224135,-2.3264251663043316,-4.515845387071893,-1.1884550138932055,9.800872626633588,0.0,0.0
8,0.0,1.3926472983442995,0.23313564822960023,0.7538613604349998,-0.4525749164945141,1.1789218315572925,-0.0033794444839988077,0.0,0.0
