,EGFR,PI3K_AKT,mTOR,MEK_ERK,PKC,TGFb-SMAD,STAT3,DPD_NC,DPD_LB
0,0.0,0.8901098901098901,0.9615384615384616,1.0,0.9230769230769231,1.0,0.04395604395604395,0.0,0.0
1,1.0,0.0,0.8901098901098901,0.9615384615384616,0.08241758241758242,1.0,0.9615384615384616,0.0,0.0
2,0.17032967032967034,0.8956043956043955,0.0,0.9230769230769231,1.0,0.3571428571428571,0.12637362637362637,0.0,0.0
3,1.0,0.9230769230769231,0.8901098901098901,0.0,0.04945054945054945,1.0,1.0,0.0,0.0
4,0.9285714285714286,0.554945054945055,0.10439560439560439,0.0934065934065934,0.0,0.13736263736263735,0.0769230769230769,0.0,0.0
5,0.8956043956043955,0.02197802197802197,0.14835164835164832,0.8516483516483516,0.005494505494505492,0.0,0.4835164835164835,0.0,0.0
6,0.9285714285714286,0.17032967032967034,0.23626373626373626,0.9340659340659341,0.26373626373626374,0.7197802197802198,0.0,0.0,0.0
7,0.0,0.8846153846153846,0.8186813186813187,0.9230769230769231,0.9285714285714286,0.9615384615384616,0.9285714285714286,0.0,0.0
8,0.0,0.967032967032967,0.9615384615384616,1.0,1.0,1.0,1.0,0.0,0.0
