EGFR,PI3K_AKT,mTOR,MEK_ERK,PKC,TGFb-SMAD,STAT3,DPD_NC,DPD_LB
0.0,0.10099397850589396,0.01604948822750257,0.11215959930811051,0.00022385664869898573,0.6127795255007384,-0.0008394916456543,0.0,0.0
0.2674913495521111,0.0,-0.2663067176479987,0.04438885455247544,0.0,-0.278514193701391,0.751527176686054,0.0,0.0
0.0,0.7390796604432234,0.0,0.02211970180584313,0.28955816033725285,0.0,0.0,0.0,0.0
0.8324156969715865,0.20015787696054552,0.03415605024869394,0.0,0.0,-0.1990043017727398,0.06732139793694146,0.0,0.0
1.0742550128916215,-0.3511934488370557,0.2278528784211486,0.0,0.0,0.0,0.19607893334948856,0.0,0.0
0.9352729132840911,0.0,0.0,-0.03892461371887875,0.0,0.0,0.0,0.0,0.0
0.6415115621534758,0.0,0.0024928442929429283,0.19710485440717213,0.03867412483077929,0.02252369468606643,0.0,0.0,0.0
0.0,-0.08065051061009827,0.21824353164294572,0.14908744665418824,-0.0038407888878211377,0.11176254197840371,0.26017908139287893,0.0,0.0
0.0,0.10602228917331687,-0.20207857342853236,0.018573438659468255,-0.1589241390421075,-0.8560648993777601,-0.06917617794670756,0.0,0.0
