EGFR,PI3K_AKT,mTOR,MEK_ERK,PKC,TGFb-SMAD,STAT3,DPD_NC,DPD_LB
0.0,0.095248887559954,0.01919828535136957,0.19154691079679087,-0.10540475306577628,0.936284852188561,0.0,0.0,0.0
0.5258798419656545,0.0,0.03947110400292171,0.08354765360021563,0.1558793169583643,-0.2873050681375529,-0.14216962355568027,0.0,0.0
0.0,-0.063305400325584,0.0,0.22085940402535384,1.1615731320364138,0.0,-0.10169093683176843,0.0,0.0
1.1088639569738536,0.1297813761892515,-0.05566587743387457,0.0,0.0,-0.2696492151695909,-0.37547241671259385,0.0,0.0
0.3393485376818671,0.22707435707263257,0.0,0.0,0.0,0.0,0.0,0.0,0.0
0.48084106846038743,0.0,-0.03430815069256514,-0.126420138140235,0.0,0.0,0.2474834535143106,0.0,0.0
0.5296452362017613,0.0,0.0,-0.20720836842692328,0.11376253555959215,0.0,0.0,0.0,0.0
0.0,0.0,-0.08982572153061315,0.1608451990336397,0.38982963345611277,0.3010039943072022,0.07524975834648086,0.0,0.0
0.0,0.22761074128141154,0.0018003564905417133,0.33095927867859815,0.3216570313564408,2.2597976097521326,-1.5566143347055852,0.0,0.0
