EGFR,PI3K_AKT,mTOR,MEK_ERK,PKC,TGFb-SMAD,STAT3,DPD_NC,DPD_LB
0.0,-0.15242305360420857,0.0,0.5801772213575923,-0.02444233458376014,0.2931862523189532,0.0,0.0,0.0
-0.09090661146834986,0.0,0.0,0.3622583996176137,0.0,0.01914591109449457,0.08589175095289991,0.0,0.0
-0.29745029627268427,0.20381400445087358,0.0,0.6058376084745263,0.8150562417791399,-0.29470761123681,-0.38544599366497717,0.0,0.0
0.431552834588624,0.010960582430133271,-0.0008048387133770286,0.0,0.0,-0.10607269482646972,0.3451924408262926,0.0,0.0
0.19526281251947045,0.0,0.0,0.0,0.0,0.0,0.0,0.0,0.0
0.5449931930413044,0.0,0.0,-0.188721204064696,0.0,0.0,0.15326144798978714,0.0,0.0
0.27914085703384284,0.0,0.0,0.2735673839259463,0.15387846852431,0.0,0.0,0.0,0.0
0.0,-0.6612151820388659,-0.817491747956869,3.6279305377924733,-0.11903206599667358,-1.097592984966504,2.153752129104905,0.0,0.0
0.0,0.08419900771223385,0.004074792547849014,0.34874651264638157,-0.13903143819205738,0.5603705181457029,0.9394846105172371,0.0,0.0
