EGFR,PI3K_AKT,mTOR,MEK_ERK,PKC,TGFb-SMAD,STAT3,DPD_NC,DPD_LB
0.0,0.0007032506589576224,0.04407575997744785,0.19564230906314073,0.0047982087710946005,0.26636701981266564,0.0,0.0,0.0
0.08172303366163726,0.0,-0.050560238032094,0.17834764948671275,0.0,0.12972669605335188,0.33773068723837335,0.0,0.0
0.0,0.8650358881633164,0.0,0.4605845362901341,-0.3059457801320674,-0.7644209378364679,-0.8348717325101676,0.0,0.0
0.8768990936603323,0.7709436582620107,0.13895742649935636,0.0,0.05017492568229725,0.1376641072786075,-0.5162251397991464,0.0,0.0
-0.3572953981318314,1.1525544600400575,0.43949244321354775,0.985842777682765,0.0,-1.045890218302425,0.0,0.0,0.0
0.356546811628015,0.0,0.0,-0.12700456588344225,0.0,0.0,0.7383905737223787,0.0,0.0
0.7486599156840783,0.0,0.0,-0.12647633886246176,0.0,0.24659626774167626,0.0,0.0,0.0
0.0,0.0266123254828895,0.0,0.0,0.078336986211902,0.17872274137656208,0.2882826635126875,0.0,0.0
0.0,12.519081414953469,1.135535027526255,-0.7599464533749885,-0.15926282131957253,-6.606491791705618,-2.374318043601861,0.0,0.0
