EGFR,PI3K_AKT,mTOR,MEK_ERK,PKC,TGFb-SMAD,STAT3,DPD_NC,DPD_LB
0.0,0.07820182306917975,0.06377430736719931,0.17616906751241976,-0.0992896449217825,0.29600565399492457,0.0,0.0,0.0
0.9417375078981678,0.0,-0.30785946378624945,-0.11367782889838825,0.0,-0.7804818533589553,0.3509642192318175,0.0,0.0
0.0,0.0,0.0,0.03058958796447175,0.27634378452754377,0.0,0.0,0.0,0.0
1.1398987903513367,0.11297573358518476,-0.30317502233008475,0.0,0.19221435428478326,0.24650395125685926,0.3223946528657913,0.0,0.0
0.35000608239352676,0.0,0.0,0.0,0.0,0.0,0.0,0.0,0.0
0.4206665630478782,0.0,0.0,0.007531981467002999,0.0,0.0,0.0,0.0,0.0
0.784712937788169,0.0,0.0,-0.274891349099878,0.0,0.2305566139597925,0.0,0.0,0.0
0.0,0.16433523867277,0.2114411438049775,-0.033169280269643275,0.03448952049462001,0.5541233908921386,-0.22174360442555927,0.0,0.0
0.0,0.2914898188945577,-0.08007361218681325,0.3688048870415008,-0.561928039506174,0.03903634742975348,1.0822478753983564,0.0,0.0
