EGFR,PI3K_AKT,mTOR,MEK_ERK,PKC,TGFb-SMAD,STAT3,DPD_NC,DPD_LB
0.0,0.022161429694416,0.19857595747729484,0.4017675211315485,0.006148717238315029,0.2765256535068173,0.0,0.0,0.0
0.9411253990397783,0.0,-0.3465668192712442,-0.027854134812500222,0.3422922858644179,-0.7143530622233563,0.3365045110455638,0.0,0.0
0.8739159217059095,0.2575702314334938,0.0,-0.9342922297741671,0.002546616353200276,-0.732096633392497,-0.4564174745665575,0.0,0.0
0.5228400365917043,0.6288728334285916,-0.27930759022252116,0.0,0.00032985054980445,0.21988662797438058,0.045978262079182444,0.0,0.0
0.05401926038322924,0.125667812039386,0.17229764102931375,0.0,0.0,0.0,0.48386952761495,0.0,0.0
-0.09261333269354,0.0,-0.31029152870411425,0.16152174628940075,0.0,0.0,0.236969027634751,0.0,0.0
0.9199703491594609,9.017733830299055e-05,-0.00020826491758,-0.28555737762386135,0.000384467222631475,0.34866564249046217,0.0,0.0,0.0
0.0,-0.40790180705025647,-0.7901286819816593,1.0708266852536021,0.9194654898255001,-4.031916378352753,2.697639274125825,0.0,0.0
0.0,0.017587756663832475,-0.6229780123965545,1.0965420029241257,-0.4286767167868117,-1.2746569202876912,0.06657308313908283,0.0,0.0
