EGFR,PI3K_AKT,mTOR,MEK_ERK,PKC,TGFb-SMAD,STAT3,DPD_NC,DPD_LB
0.0,-0.00518825866668045,0.16509879440894726,0.10949027518687551,-0.009996655008451125,0.5928502639803073,0.0,0.0,0.0
0.9417779154118524,0.0,-0.27452400217327577,-0.33324343984682214,0.201056454457055,-0.08808267361883076,0.16623808660684455,0.0,0.0
0.0,0.0726147490253305,0.0,0.137551229278945,0.6310782267744219,0.0,0.0,0.0,0.0
0.8826335897104194,0.1651787384642905,0.04149530567212137,0.0,0.0,-0.31918944891868,0.51435260695395,0.0,0.0
0.950027351416706,0.08441040429373625,0.1771924786737765,0.0,0.0,0.0,0.0,0.0,0.0
0.7807082900389726,0.0,0.0,-0.1143512517706565,0.0,0.0,0.0,0.0,0.0
0.6167578110471827,0.0,0.0,0.051563276161564,0.0,0.0,0.0,0.0,0.0
0.0,0.031749990844556,0.0170812727207097,0.05549628499283175,0.12699436670643724,0.2287984866907705,0.1800218515070029,0.0,0.0
0.0,-0.17361375489463438,0.0,-0.29822186272204254,0.906485205944013,-1.916387011854175,0.0,0.0,0.0
