EGFR,PI3K_AKT,mTOR,MEK_ERK,PKC,TGFb-SMAD,STAT3,DPD_NC,DPD_LB
0.0,0.038493328511752106,-0.1451589906746265,0.4344944800444763,0.164062698582666,0.2580143981609997,0.0,0.0,0.0
0.2874995999910033,0.0,0.610769271134886,-0.10786724227125075,-0.1642571320580695,0.6580527918794364,0.6707342666232807,0.0,0.0
0.0,0.10382123590822899,0.0,0.07807046011243676,0.692535133182446,-0.24895004371800425,-0.090446426824295,0.0,0.0
0.8798357613234302,0.0772717227146385,0.29586407763979916,0.0,-3.1456269816575e-05,-0.35665956931270426,0.10048745865708467,0.0,0.0
0.2564436286819325,0.21062559043412427,0.0814174111657305,0.13079685949178396,0.0,0.0,0.0,0.0,0.0
0.7772208629856445,0.0,-0.1239663900934565,-0.298437715290518,0.0,0.0,0.0,0.0,0.0
0.1867839651332805,0.0,0.0,0.08532948185333125,0.0,0.4062352478090605,0.0,0.0,0.0
0.0,0.002826849279014025,0.15161444811723102,0.23937825122949508,0.09805550389959265,0.0901208158836239,0.008766969911029474,0.0,0.0
0.0,5.928909868967833,0.4634840743197907,-1.0608659514162677,-3.1426865692922403,-5.641596165201406,8.723628149075624,0.0,0.0
