EGFR,PI3K_AKT,mTOR,MEK_ERK,PKC,TGFb-SMAD,STAT3,DPD_NC,DPD_LB
0.0,0.03543246276956522,-0.05004586522320735,0.12523588814185374,-0.03784888300372858,0.5669409986375348,0.000449628026469825,0.0,0.0
0.8072088065654718,0.0,0.0278551138744655,-0.2908523047633571,0.0,-0.8332433794954158,0.18028551675404647,0.0,0.0
-0.5625339701535375,0.06557029871145276,0.0,0.39292492751840374,-0.037735723662482956,0.0,0.0,0.0,0.0
1.2690851495244353,-0.062405127033162755,0.34087716150165126,0.0,0.0,-0.8024896746299318,-0.2041167110386065,0.0,0.0
0.497627575382355,2.510260247125e-05,3.5062681408125e-05,0.4550574946151101,0.0,-0.499039645119445,0.0,0.0,0.0
0.6979265602047082,0.0,0.0,-0.03415902053515325,0.0,0.0,0.0,0.0,0.0
-0.2206383276333955,0.0,0.08879782703200095,0.018290655103473046,0.0004015661337949,0.8764307545809524,0.0,0.0,0.0
0.0,-0.5443430886450157,0.2577509802708244,0.6538078939979161,1.004049342879256,-0.6850135754082708,0.33497127859876713,0.0,0.0
0.0,0.25940324422390276,-0.3127692058287622,0.6302418334427723,-0.11640081970352097,-0.33124130572910016,0.2833686420377397,0.0,0.0
