EGFR,PI3K_AKT,mTOR,MEK_ERK,PKC,TGFb-SMAD,STAT3,DPD_NC,DPD_LB
0.0,0.008837599091714856,0.06724196618388133,0.23490010263689828,0.0994415877773157,0.2849690769264415,-0.004541594142805518,0.0,0.0
-0.019477613898542617,0.0,-0.07122783031233829,0.21260819208552467,-3.334021432078864e-05,-0.2639924581949479,0.612479994795179,0.0,0.0
-0.06235379871563015,-0.009762087749203998,0.0,0.08899942340266496,0.4403465114783222,-0.2906146598997739,0.14577472584571488,0.0,0.0
0.5299584629604037,0.24531126960992328,0.04531559365647302,0.0,-0.0016319372120077427,-0.09140141022166053,0.3853172493177893,0.0,0.0
0.2465382283809984,0.46906160946805586,0.014042728544785015,0.002476282748022633,0.0,0.27317305612910614,0.08257708931614983,0.0,0.0
0.8791423108651443,0.06320027157453258,-0.0812634889120465,-0.11475590154857515,0.0018028537626520573,0.0,0.058120518771589004,0.0,0.0
-1.1235962316928114,0.4238786379347096,-0.15961608818818857,0.04202827282120785,0.5436944803940543,-0.6100988543484984,0.0,0.0,0.0
0.0,-3.6498670420041095,2.8662137272296384,2.8543453296522725,-3.2170095356686734,2.6853981484078666,9.642296417768426,0.0,0.0
0.0,-0.27223693645121444,1.7816802276409753,8.548457600465028,-1.4996239693148854,-10.207323598381612,3.328484477977696,0.0,0.0
