EGFR,PI3K_AKT,mTOR,MEK_ERK,PKC,TGFb-SMAD,STAT3,DPD_NC,DPD_LB
0.0,0.06392768205594394,-0.0024752242440163013,0.05885748975606433,-0.025789074793228887,0.651258361446374,2.3828917968914285e-05,0.0,0.0
0.1406366792008548,0.0,-0.14064858428424085,-0.9364724459987418,0.0,0.25693230661097144,0.7528911826335809,0.0,0.0
-0.137697327601739,0.2766074738223426,0.0,0.12783649529223245,0.7138783393256585,0.0,0.0,0.0,0.0
0.1454945275376218,-0.005375404110167182,0.008765344570341272,0.0,0.0,0.4235890553911515,0.24800841484805794,0.0,0.0
0.40072815115406385,0.8780965998893225,0.0,0.0,0.0,0.0,0.0,0.0,0.0
0.5841680119389948,0.0,0.0,0.16447730276588843,0.0,0.0,0.111884343695161,0.0,0.0
0.6257342792941927,0.0,0.0,0.27558733002340874,0.0,0.14765614187212,0.0,0.0,0.0
0.0,0.0037200212671282575,0.021535812891779645,0.018157955575492647,0.12881042889631375,0.1564831034372157,0.3296311501278856,0.0,0.0
0.0,-0.08551180694337686,-0.05935536252668884,-0.17394008478043171,-0.061851824291815446,-1.2166988025345151,0.36290559290459695,0.0,0.0
