EGFR,PI3K_AKT,mTOR,MEK_ERK,PKC,TGFb-SMAD,STAT3,DPD_NC,DPD_LB
0.0,0.1293030149698199,0.11393094175110696,0.25081015438603654,-0.053149199247897565,-0.2116449578904899,-0.007194950965946743,0.0,0.0
0.8772208195373555,0.0,-0.17991449187994688,-0.11676748300709357,0.0,-1.127256760911928,0.16034699259342386,0.0,0.0
0.14839709608479573,0.15097698235036086,0.0,0.44789800489053144,0.5324909747038044,0.0,0.3220291204973105,0.0,0.0
1.0900918472328234,0.10049194333459768,0.08683975639465401,0.0,0.0,-1.1452329839442474,0.18895665347567256,0.0,0.0
0.44098529809124487,0.219045911607728,0.0,0.0,0.0,0.0,0.0,0.0,0.0
0.0,0.0,0.0,-0.03585333854115214,0.07879085501603471,0.0,0.0,0.0,0.0
-1.13368153583221,0.39119118871658687,0.038360619117177995,0.002752758375916407,-0.01621793965303472,-0.5588673356098257,0.0,0.0,0.0
0.0,-0.04428492177512579,0.4501660005250897,0.2367706252057827,0.30344496422061484,-0.6191741640780795,-0.2546321371994299,0.0,0.0
0.0,9.734494072382043,2.3728557965170483,-6.206044908529471,-11.804504775047686,34.82951531331428,-11.091871995080462,0.0,0.0
