EGFR,PI3K_AKT,mTOR,MEK_ERK,PKC,TGFb-SMAD,STAT3,DPD_NC,DPD_LB
0.0,0.03978974852754075,0.0814836834272017,0.2156271762211315,-0.02141310249807905,0.3857409152712165,0.000822393228498845,0.0,0.0
0.1256737193231894,0.0,-0.09096735540004705,0.2390661955524827,-5.8387882065925e-05,-0.4539629577344933,0.5868110274581904,0.0,0.0
0.05576660328193474,0.20044600255276324,0.0,-0.013719624329709898,0.482398544994759,-0.5091967752206406,0.010130290972269501,0.0,0.0
0.5813816202175186,0.13178744823279626,-0.1366508538613922,0.0,-0.0028558901210135497,0.025259715535536797,0.4093789325307489,0.0,0.0
0.2632403750507849,0.45017001332975504,-0.0002806663545155,1.067056786857965e-06,0.0,0.47805284822593574,-0.000211044714999275,0.0,0.0
0.8290474672441178,0.0,-0.142353017950769,-0.07302188611689575,0.0028307726459262,0.0,0.10171090785028075,0.0,0.0
-0.29024834738828725,0.6343951165853138,-0.27932815432933,-0.1534197168595325,0.0,-1.2293129186687928,0.0,0.0,0.0
0.0,0.6571291522442613,0.2547099644493595,0.4510260630089672,0.04143387555919448,-0.018926323237768244,-0.32296388338425475,0.0,0.0
0.0,-0.5904619152121433,2.999909758380124,14.529181618696777,-2.698168420912719,-16.99957450167683,5.405646822681899,0.0,0.0
