EGFR,PI3K_AKT,mTOR,MEK_ERK,PKC,TGFb-SMAD,STAT3,DPD_NC,DPD_LB
0.0,0.03820995071621082,-0.035972215848931996,0.01483189889709275,0.0552756185280297,0.5746752195312932,0.0,0.0,0.0
1.1841052359507986,0.0,0.12922860287747884,0.11440367987051236,0.0,-0.6177139468206645,0.36738726998897975,0.0,0.0
0.0,0.0,0.0,0.0,0.340930339117316,0.0,0.0,0.0,0.0
0.9790056176396322,0.230622435036501,0.6660677554011322,0.0,0.0,-0.1616657822780968,0.10788537768640433,0.0,0.0
0.494373143319736,0.0,0.0,0.0,0.0,0.0,0.0,0.0,0.0
0.7116895745951485,0.0,0.0,-0.07131664975579075,0.0,0.0,0.23947151410783024,0.0,0.0
0.4674398183342222,0.0,0.0,0.04381075457219475,0.0,0.21170049221876158,0.0,0.0,0.0
0.0,0.16046447433511693,-0.1477724305043645,0.07834569800055274,0.195170531362738,0.4996249451366187,-0.1515015728951402,0.0,0.0
0.0,0.3558617536170128,0.3032574519628025,0.420554946429357,0.13190595470646624,-0.42188908708674544,-0.29976742397098727,0.0,0.0
