EGFR,PI3K_AKT,mTOR,MEK_ERK,PKC,TGFb-SMAD,STAT3,DPD_NC,DPD_LB
0.0,0.14622448183140124,-0.000340180386604225,0.531014045300573,-0.003448685242316375,-0.30174032024072406,0.0,0.0,0.0
0.5229561652379622,0.0,0.40534886337388887,-0.2951693952565312,0.19616291337874753,-0.18958890407632978,-0.08911641072187676,0.0,0.0
0.0,0.07542561059971355,0.0,0.3892756897919424,0.21861585466946898,-0.8835462344283075,0.0,0.0,0.0
0.5799859980484836,0.0037145481715626194,0.08613428516829105,0.0,0.0,0.08602895507179098,0.1423656165058591,0.0,0.0
-0.6010167339125436,0.12496164022413175,0.0,0.32524255666858,0.0,0.0,0.0,0.0,0.0
0.43520109773263443,0.0,-0.14245482589772626,-0.022104458354498036,0.0,0.0,0.0,0.0,0.0
-0.019973982989548826,0.0,0.1097519181624175,0.11663871398306358,0.0,0.46894707182140205,0.0,0.0,0.0
0.0,0.3185378274503379,5.099009457573951,1.7365908135266568,-1.0021758978078066,3.1183528894772574,2.372293216085257,0.0,0.0
0.0,0.03019984393545135,0.15372717012750545,3.3483973321252303,-0.0814446923718398,-5.2051570661661435,3.355635488277891,0.0,0.0
