EGFR,PI3K_AKT,mTOR,MEK_ERK,PKC,TGFb-SMAD,STAT3,DPD_NC,DPD_LB
0.0,0.15347527977966474,-0.07538231573152866,-0.042331442203705744,-0.1587363383891694,0.6196206324544005,0.0,0.0,0.0
0.5246255214084672,0.0,-0.045913487682185575,-0.21010844445782273,0.0,-0.15573582127381627,0.12377000564343275,0.0,0.0
0.0,0.17825806705911576,0.0,0.08528880654124325,0.6001602900637788,0.0,0.0,0.0,0.0
0.9629786710792813,0.012405414121888003,0.12170929094916774,0.0,0.0,-0.12469201490726738,-0.17985581344334645,0.0,0.0
0.2532152761398275,0.09443684977892625,0.0,0.07248091517129075,0.0,0.0,0.0800220527123725,0.0,0.0
0.160941435467537,0.0,0.0,0.09787279268837025,0.0,0.0,0.29222465774714,0.0,0.0
0.35439549262435577,0.0,0.0,0.02986809580706375,0.0,0.0,0.0,0.0,0.0
0.0,-4.925259727798598,-2.061979317697345,4.245193744468434,6.216783296870865,-20.709910494987554,10.477668604568255,0.0,0.0
0.0,0.8380035406739332,0.7259786797326335,0.49158055336399403,-0.9312429377799152,-0.8335810568159296,-0.11500995401382647,0.0,0.0
