EGFR,PI3K_AKT,mTOR,MEK_ERK,PKC,TGFb-SMAD,STAT3,DPD_NC,DPD_LB
0.0,-0.0038594939665429285,-0.08581123012603228,0.5586687957915798,0.04222227686928114,0.29758609156379917,0.0,0.0,0.0
1.0899565468299617,0.0,0.01564002163721415,-0.9930627865959104,-0.15886813729093427,0.528827033771167,0.20605487113136847,0.0,0.0
-0.06397617503947729,0.2751071650841483,0.0,0.5573589126892078,0.32875188540035444,0.0,0.0,0.0,0.0
0.1713549128469047,-0.0006492942093425429,0.0,0.0,0.0,0.6933863547101368,0.14944533271155633,0.0,0.0
0.034555814319829285,0.10008370116908341,0.0,0.32786754462213474,0.0,0.16455385073678283,0.21239583583543284,0.0,0.0
0.36937960126617286,0.0,0.0,0.1752915517012496,0.0,0.0,0.12255943259728386,0.0,0.0
0.31519853563573996,0.0,0.0,0.16948400112653114,0.0,0.14988524771496572,0.0,0.0,0.0
0.0,-3.5127548286137613,-0.9638082216871603,6.862880449789585,-0.6648564251121833,-13.37247062312606,3.736677419883725,0.0,0.0
0.0,0.6811813060222808,0.06603176553886128,-0.2599872993675198,0.5671439551928675,-4.498070083514384,2.6107352872517273,0.0,0.0
