EGFR,PI3K_AKT,mTOR,MEK_ERK,PKC,TGFb-SMAD,STAT3,DPD_NC,DPD_LB
0.0,0.0331455623552195,0.020166822767698274,0.20480019752129175,-0.3151961508117127,0.3750515740736843,1.007887994229275e-05,0.0,0.0
0.6482688842892909,0.0,-0.12456843614415157,0.024443362077337476,0.004209984581513382,-0.19008419072405552,0.4555006461548618,0.0,0.0
0.0,0.3721046150560935,0.0,0.37478636012398175,0.21716402429111925,-0.514044567064421,0.14233410672608576,0.0,0.0
0.7544463812934032,0.027025021726066852,-0.059604029198822926,0.0,0.002285520826681125,-0.2676617551572413,0.42733103011168677,0.0,0.0
0.41916467770556853,0.11532503612407,0.0934472575181385,0.0,0.0,0.0,0.249102604331587,0.0,0.0
0.735757565534696,-0.26428037002606475,0.0,-0.34514919828979096,0.0,0.0,0.1247305634052155,0.0,0.0
-0.15148700538632426,0.0,0.16943401320790125,0.41993014167971576,0.29839221129386995,0.0,0.0,0.0,0.0
0.0,-0.000179186176101225,-0.23046955742403102,-0.03453820052260815,-0.010482778086556246,0.6449608690028047,0.343150637062204,0.0,0.0
0.0,0.5990630228329387,-0.680845802073829,-0.09532100512640973,0.5345858137867878,-3.374765692797942,-0.3068891202180852,0.0,0.0
