EGFR,PI3K_AKT,mTOR,MEK_ERK,PKC,TGFb-SMAD,STAT3,DPD_NC,DPD_LB
0.0,0.3701897853202584,0.04986717133930171,0.2361795414540737,-0.3336662601864309,0.45394708652309484,0.0,0.0,0.0
0.7713440401273429,0.0,-0.06321023798249623,-0.2599574466218467,0.0,-0.4323146728548286,0.5533369518039566,0.0,0.0
-0.23220848778133057,1.496743912060111,0.0,0.857299220889814,0.7278085705308737,0.66766352641472,0.0,0.0,0.0
0.5712042941592942,0.310103075228273,0.0069377040482221115,0.0,0.0,-0.3326642045126006,0.3408590280088057,0.0,0.0
0.7493240585273008,0.05585162294214443,0.0,0.09277593158138243,0.0,0.0,-0.08431452780434057,0.0,0.0
0.13654545180794259,0.0,0.0,-0.04193104944275043,0.0,0.0,0.14135256323904857,0.0,0.0
0.03235216008362229,0.0,0.0,-0.04401158597892486,0.0,0.10237523156927315,0.0,0.0,0.0
0.0,0.10562074910417785,0.05669004953614428,0.13962596549548723,0.02658041639861673,-0.40839988921747544,0.5527673514744363,0.0,0.0
0.0,-0.07580738070142723,0.27043921356079503,0.691579808326644,0.23388920992772128,-3.082013302540266,1.1769376241155942,0.0,0.0
