EGFR,PI3K_AKT,mTOR,MEK_ERK,PKC,TGFb-SMAD,STAT3,DPD_NC,DPD_LB
0.0,-0.3184654536829875,0.28836256486808,0.35780586982787577,0.1944690112909095,0.5800435781298845,0.23452591863007075,0.0,0.0
0.195659549245821,0.0,0.0003892615127709,0.023950016917356515,0.0,0.000458498653850475,0.13742117234444562,0.0,0.0
0.0,-0.12876883549500626,0.0,0.04547008202063975,0.760953297272102,0.0,0.0,0.0,0.0
0.0470220948979295,0.1950957273328725,0.04643846893377275,0.0,0.0,0.4555232211780495,0.1131941892605835,0.0,0.0
0.2213870761268125,0.345914609990573,0.0,0.0,0.0,0.164926732666479,0.0,0.0,0.0
0.534654043395724,-0.09279751974254075,0.0,0.0459217728216415,0.0,0.0,0.37617771501802655,0.0,0.0
0.16909975194908525,0.0,-0.1410888765234815,-0.036039537373000495,0.12786676543210426,0.134151635857056,0.0,0.0,0.0
0.0,-0.9418233815366701,0.3664806553121075,0.09613160897656023,1.0374218423326238,1.602259918797408,0.9473553242520942,0.0,0.0
0.0,-1.980291441831719,2.9839413043619376,-0.5807407218159578,1.8268127008060948,2.497023860773498,6.095279102233962,0.0,0.0
