EGFR,PI3K_AKT,mTOR,MEK_ERK,PKC,TGFb-SMAD,STAT3,DPD_NC,DPD_LB
0.0,0.13603350501353695,0.016057673877175726,-0.0027027963121146747,-0.15883733489026514,0.6473261774145153,0.0,0.0,0.0
0.146211655901201,0.0,-0.11968562730887475,-0.0478999397582501,0.0,0.2934943619347431,0.1454741831607273,0.0,0.0
0.0,-0.062570662824807,0.0,0.0,0.6099932637155705,-0.13146840250866074,0.0,0.0,0.0
0.46680250663742906,0.027232251930606074,0.0012857891155255749,0.0,0.0,0.3908424042748739,0.019285116769402727,0.0,0.0
0.34490819447341703,0.1782760412387815,0.0,0.0,0.0,0.3183846287099825,0.0,0.0,0.0
0.9333481509338822,0.0,0.0,-0.00170433135318801,0.0,0.0,0.0,0.0,0.0
0.634189961601404,0.0,0.0,-0.1298192402975045,0.0,0.237811628215533,0.0,0.0,0.0
0.0,-0.7807754899996728,-0.24336861363746898,1.051220306898609,0.6617173094519175,-0.4695000037120575,-0.2918625157074397,0.0,0.0
0.0,0.0720022484464583,0.015261017105668875,0.12637721925037626,-0.18628899334842852,0.7094351958129588,0.04561467545365061,0.0,0.0
