EGFR,PI3K_AKT,mTOR,MEK_ERK,PKC,TGFb-SMAD,STAT3,DPD_NC,DPD_LB
0.0,-0.027330466224562998,0.06133167414994723,0.40243092545859616,-0.08326186225741306,0.22741528479038037,0.0,0.0,0.0
0.880156195952334,0.0,-0.4592344838611438,-0.1389652695068562,0.0,-0.21867527714238794,0.7725480233829953,0.0,0.0
0.0,0.13437222587443345,0.0,0.20200075297493772,0.5040767020903393,0.0,0.0,0.0,0.0
0.43722267615444677,0.12157778749310325,0.00730887192358326,0.0,0.0,-0.24628329294114534,0.45213459831545544,0.0,0.0
0.42517987815349184,0.019335144168101143,0.0,0.0,0.0,0.0,0.0,0.0,0.0
0.538708658184253,0.0,0.0,-0.22784619019390015,0.0,0.0,0.0,0.0,0.0
0.6869999873866967,0.04030952709920443,0.0,-0.5254272430882537,0.0,0.124381910578237,0.0,0.0,0.0
0.0,-0.24540957683177958,0.34746009331109357,0.3905287725951747,0.40167547406128473,-0.05639973293979682,0.40636627250894686,0.0,0.0
0.0,0.030540393278057573,-0.14040554023621316,0.03794349062368894,0.14516614582109216,0.1277141762864494,-0.035629121430564285,0.0,0.0
