EGFR,PI3K_AKT,mTOR,MEK_ERK,PKC,TGFb-SMAD,STAT3,DPD_NC,DPD_LB
0.0,0.07245439603612175,-0.18583385384820775,0.8189843799951932,-0.37692812960570177,-0.15617513845372022,0.0,0.0,0.0
0.27005871490920375,0.0,0.0877140963922505,-0.045715098284015286,0.0,0.03789012741532527,0.40378392874954705,0.0,0.0
0.0,0.24542591395842075,0.0,0.5717948271779025,1.3365032554272365,-0.5813261959976335,0.0,0.0,0.0
0.2746026257123897,0.0,0.06781504072486025,0.0,0.0,0.01466721348314956,0.33541246332271313,0.0,0.0
0.127076928782032,0.0,0.10747050440797574,0.0,0.0,0.0,0.0,0.0,0.0
0.1712540780924915,0.0,-0.1442336452298105,-0.0030483818763012427,0.0,0.0,0.0,0.0,0.0
0.24089036083500376,0.0,0.0,0.0,0.0,0.0,0.0,0.0,0.0
0.0,-0.11314530212354175,0.015030814185067243,0.77945097321314,0.3758050823242043,-0.6459632405737488,0.32404630605850726,0.0,0.0
0.0,0.21766254336913926,-0.16831319160833444,-0.04987687327727533,-0.31963958976138374,-0.3001245898127297,0.9441992061632435,0.0,0.0
