EGFR,PI3K_AKT,mTOR,MEK_ERK,PKC,TGFb-SMAD,STAT3,DPD_NC,DPD_LB
0.0,0.13881527680261804,0.059261987138493316,0.328514716189977,0.0272692145294157,0.5328777686560375,0.000740096773551,0.0,0.0
0.8005008573164782,0.0,0.072123954072813,0.007474230204773653,0.0009205356962259,-1.1201301521736653,0.564132593356244,0.0,0.0
0.0,-0.00729997433426724,0.0,0.2569025561071095,0.6577887628091358,0.0,0.0,0.0,0.0
1.3957779720957237,-0.008224507545437076,0.12718621699284285,0.0,0.0,-1.1180566510315533,0.15125083360932481,0.0,0.0
-0.005148979815605997,0.0,0.0915634587941065,0.0,0.0,0.0,0.0,0.0,0.0
0.1833224673668595,0.0,0.0,0.0,0.0,0.0,0.0,0.0,0.0
0.315380697783999,0.0,0.0,-0.22354878927785876,0.15120815606366,0.0,0.0,0.0,0.0
0.0,0.28474866286726774,0.142300992384147,0.009325284718160493,0.171227636946188,0.9389622619654062,-0.343403477449079,0.0,0.0
0.0,0.8325131175501879,0.23657898537308739,0.7511483304944303,-1.0150954489851045,0.11371937685458926,0.924803791316771,0.0,0.0
