EGFR,PI3K_AKT,mTOR,MEK_ERK,PKC,TGFb-SMAD,STAT3,DPD_NC,DPD_LB
0.0,-0.041320211666230115,-0.08122115371077013,0.03549721603626263,0.14462873409776547,0.4371944404181206,0.002475673452915786,0.0,0.0
1.1104938270254532,0.0,0.1859183433685212,0.06167637134072877,0.0002960954756293857,-0.7399868830649928,0.2989573419374705,0.0,0.0
4.921587262727143e-05,0.056097033994959286,0.0,0.04371046711286643,0.34157327020901257,-0.001958241732268457,3.6912404344999996e-05,0.0,0.0
1.0473959555548902,0.12940145464548952,0.38513798587397935,0.0,0.0007937305258189142,-0.6858187338319706,0.3831692072383704,0.0,0.0
0.385480183996052,0.09204327850218956,0.0,0.0,0.0,0.0,0.0,0.0,0.0
0.5051498529427487,0.0,0.0,-0.04075237128902328,0.0,0.0,0.4307118698233251,0.0,0.0
0.32047446406660374,0.0,0.0,0.025034716898397,0.09533462517025544,0.3326334551307009,0.0,0.0,0.0
0.0,0.09474195316973298,-0.08241448821475168,0.03084090467154304,0.20577248835141956,0.6240231452874498,-0.18480664704667651,0.0,0.0
0.0,0.08135170150973701,-0.2578660721075111,0.5975987460272851,0.4587257243642752,-1.9488880792516088,0.28517484686351774,0.0,0.0
