EGFR,PI3K_AKT,mTOR,MEK_ERK,PKC,TGFb-SMAD,STAT3,DPD_NC,DPD_LB
0.0,-0.07785672537058724,0.001017144871762825,0.490159250022741,-0.09218388577735841,0.03171421566244768,0.0,0.0,0.0
0.5078286551806478,0.0,-0.7092844176693494,-0.03774330173637286,0.0,-0.10084169882538199,0.9381022245823165,0.0,0.0
0.0,0.17068236446597776,0.0,0.28884457136455327,0.6279413069481787,0.0,0.0,0.0,0.0
0.3087307648663741,0.16591036381354074,0.1587066705935802,0.0,0.0,-0.21044377634874895,0.7404059276786552,0.0,0.0
0.4738968074335932,0.033836502294177,0.0,0.0,0.0,0.0,0.0,0.0,0.0
0.5950459849823547,0.0,0.0,-0.312345537495054,0.0,0.0,0.0,0.0,0.0
0.6969797169107075,0.0,0.0,-0.6437230621810246,0.0,0.21766834351191475,0.0,0.0,0.0
0.0,-0.11458769864550175,0.29241553406181525,0.27369769261806326,-0.100440007592423,0.2478281662810973,0.44052400691389676,0.0,0.0
0.0,0.0,0.0,0.1366011221439605,0.19134643805379126,0.1221461447061035,0.0354129993551405,0.0,0.0
