EGFR,PI3K_AKT,mTOR,MEK_ERK,PKC,TGFb-SMAD,STAT3,DPD_NC,DPD_LB
0.0,0.07886191381188633,0.00217335409633445,0.2685548558133307,0.0447721663283675,0.32913245280454273,0.0,0.0,0.0
0.03752471594973737,0.0,0.05328304594389345,0.20264498903920483,0.0,-0.037360600360618876,0.12632764864795726,0.0,0.0
0.0,0.494299735523009,0.0,0.2350286410471726,0.15297128881261726,0.0,0.0,0.0,0.0
-0.07845917771519292,0.000888828716338375,0.00258703761682035,0.0,0.0,0.605662725173686,0.40577559215096903,0.0,0.0
0.30832212502432776,0.0,0.12520081877693126,0.0,0.0,0.0,0.346168015895165,0.0,0.0
0.6463436326904053,0.0,0.0,0.18261150155668948,0.0,0.0,0.0,0.0,0.0
0.4103321442801107,0.0,0.0,0.5753579600064244,0.0,0.0,0.0,0.0,0.0
0.0,-0.5285218643272083,0.1075192531076115,-0.15897125954503266,0.7730638157957143,0.6710785172375732,0.5930010905154838,0.0,0.0
0.0,0.7489117094368759,-0.09166112727451188,-0.5743343017494907,-0.3634233662201215,-0.19137310963057502,0.1206144859222607,0.0,0.0
