EGFR,PI3K_AKT,mTOR,MEK_ERK,PKC,TGFb-SMAD,STAT3,DPD_NC,DPD_LB
0.0,0.2276878564733835,-0.13858523419404933,1.0181221568055763,-0.06715037014821325,0.20098223619285674,0.0,0.0,0.0
0.5350631110065847,0.0,0.07271114980022628,-0.10315313834703574,0.0,-0.4213322478831833,-0.40014184262296126,0.0,0.0
-0.46792675628746533,0.9441424140076872,0.0,0.9927551420622001,1.0620500526476861,-0.03628349636428325,-0.23772865210178848,0.0,0.0
0.289125417014341,0.06789082492310375,0.13350115487111425,0.0,0.0,-0.15505679515970044,0.11133500002112817,0.0,0.0
0.351394753414279,0.014118821466174726,0.0,0.00776377529828215,0.0,0.2759334455747202,-0.008452918916990425,0.0,0.0
0.07979762684523725,-0.0034641900721019,-0.0723809427825665,0.0827110140200224,0.13949693573630303,0.0,0.4559622047248789,0.0,0.0
-0.03360925859835535,-0.009840513600292176,-0.04303615189201725,0.12304359803146651,0.1321999339368245,0.33045157228017197,0.0,0.0,0.0
0.0,0.045630944213930505,0.0,0.0686635101996598,0.109446288887746,0.2664448179047298,0.09815071407735254,0.0,0.0
0.0,3.3948270391542303,0.005365794976960381,2.6667035798533414,-1.922728394512154,-0.3717312399905516,0.15236994005108825,0.0,0.0
