EGFR,PI3K_AKT,mTOR,MEK_ERK,PKC,TGFb-SMAD,STAT3,DPD_NC,DPD_LB
0.0,0.05522843202039311,0.01231272577739376,0.13292582692876626,0.11021838772112191,0.31770057787445694,0.0,0.0,0.0
0.24885775615972097,0.0,0.03651974459250725,0.03295686486431757,-1.03581213462765e-05,0.06615913763248657,0.3782078272435978,0.0,0.0
0.0,1.0564969717967858,0.0,0.0,0.3028275678005758,0.0,-0.2577099548395571,0.0,0.0
1.2288372851963227,-0.1898941913778405,0.03561170118617296,0.0,0.1188115499301448,-0.3617227515825992,0.4541983966402817,0.0,0.0
1.1774077768141518,0.0,0.08779184944531371,0.0,0.0,0.0,0.0,0.0,0.0
0.3035068293360804,0.0,0.0,-0.06562294601578457,0.0,0.0,0.0,0.0,0.0
0.336982796324041,0.0,0.00136289504071271,-0.06456732284719072,0.0,0.2347104705043643,0.0,0.0,0.0
0.0,0.0914554874815915,0.2749567813306433,0.06060423104965367,0.11921230430111886,0.09267119144891163,0.284406143753649,0.0,0.0
0.0,-2.03399080597687,2.837459701033361,1.3146198918800984,-4.427688697757049,-2.5629102289685015,-5.194156581819509,0.0,0.0
