EGFR,PI3K_AKT,mTOR,MEK_ERK,PKC,TGFb-SMAD,STAT3,DPD_NC,DPD_LB
0.0,0.27540559405735726,0.041824965561191675,-0.005652878128481628,-0.3478655641357323,1.1502909252210012,0.0,0.0,0.0
-0.017491178776250532,0.0,-0.624089107537444,-0.08667368211724388,0.005149708926824925,0.37672563775510504,0.9103205691085474,0.0,0.0
-0.1809984087696665,0.237924933174793,0.0,0.071977005714215,0.12084519357406957,-0.03105549615370125,0.0,0.0,0.0
0.11081473324330873,0.0869089409678375,-0.4383335083658098,0.0,0.000693495070395825,0.22824785760792127,0.36801593138989586,0.0,0.0
0.2420571240144065,0.2933223670421352,0.0,0.05961068498243675,0.0,0.0,0.0,0.0,0.0
0.2406914568000855,0.0,0.0,0.05594237647423275,0.0,0.0,0.161781634377612,0.0,0.0
0.18475845893178675,0.0,0.0,-0.18645858548850108,0.0936427500277215,0.40561694104734175,0.0,0.0,0.0
0.0,-0.100266670880777,0.046971337649237,0.372308602359066,-0.006977788409574262,0.10277717823516325,0.536703838645029,0.0,0.0
0.0,421.09956264362893,141.6714226552571,487.1003557317617,-769.6916717745717,744.1364649500418,66.54711712229252,0.0,0.0
