EGFR,PI3K_AKT,mTOR,MEK_ERK,PKC,TGFb-SMAD,STAT3,DPD_NC,DPD_LB
0.0,0.24155193565978608,0.06219499670078976,0.004548897204105217,-0.34329688083272664,0.8108237890937425,0.0,0.0,0.0
0.5447363406709487,0.0,-0.39614700030948224,0.202193399748059,0.19073881394366426,-0.19465254631464668,0.7465952129654185,0.0,0.0
-0.10342766215409514,0.1939755934079764,0.0,0.04112971755098,0.23672396775027402,-0.017745997802115002,0.0,0.0,0.0
0.3296001107685917,0.07519213805491494,-0.32445946243572654,0.0,0.007427132435478557,-0.1586835849647003,0.44331927036652136,0.0,0.0
0.3688801766055701,0.28952330879268545,0.0,0.08927123954658471,0.0,0.0,0.0,0.0,0.0
0.26755687787779187,0.0,0.0,-0.0006404024786151398,0.0,0.0,0.09244664821577829,0.0,0.0
0.14333686722755115,0.0,-0.11710071179186957,-0.2776184072230545,0.11032209106021343,0.23178110916990957,0.0,0.0,0.0
0.0,-0.053849481130394554,0.1602189818284447,0.28997458523669567,0.23412731321266,0.337083188881859,0.12869340975824087,0.0,0.0
0.0,241.1997512311084,81.25416748032418,278.4170524299513,-440.0002104013959,423.75193245675644,36.86433943705318,0.0,0.0
