EGFR,PI3K_AKT,mTOR,MEK_ERK,PKC,TGFb-SMAD,STAT3,DPD_NC,DPD_LB
0.0,0.151625750024988,0.03683948655330775,0.6506671718357587,0.0515087830783425,0.40033415821903223,0.0,0.0,0.0
0.5358791656723102,0.0,-0.10865720588133718,-0.569437075090125,0.0,0.13419051117730285,-0.18009818972422026,0.0,0.0
0.0,0.16192155991497476,0.0,0.150421027650087,0.6545594119977718,-0.7557480377852674,0.0,0.0,0.0
0.16241759067902908,0.26788729595475125,-0.005902257127334775,0.0,0.0,0.09701555510246967,0.16140939042115712,0.0,0.0
0.3953841516497875,0.320974780813599,0.0,0.0,0.0,0.0,0.132361308384335,0.0,0.0
0.17329421440691975,0.0,-0.095408347953136,0.07212802485140025,0.0,0.0,0.5363866356108673,0.0,0.0
0.24650193505227025,0.0,0.0,0.06572675796082175,0.0,0.39046901423431274,0.0,0.0,0.0
0.0,0.03812598956086502,-0.008608391474271747,0.2542450387179,0.3120104836913362,-0.5580909818921975,7.279844041848279,0.0,0.0
0.0,-0.7841318957620443,-0.6674337871620531,1.2288959641246775,0.159997839712714,-7.372553667446743,12.016223418881763,0.0,0.0
