EGFR,PI3K_AKT,mTOR,MEK_ERK,PKC,TGFb-SMAD,STAT3,DPD_NC,DPD_LB
0.0,-0.0029647192381031143,0.09434216823368415,0.19280303183361086,-0.0057123742905435,0.4467041539688954,0.0,0.0,0.0
1.1877156208407358,0.0,-0.10892929524178355,-0.3778081674652822,0.3865452235614429,-0.5113749077703702,-0.1966950011868907,0.0,0.0
0.0,0.201450022127661,0.0,0.20382681737893885,0.5022359266255783,0.0,0.0,0.0,0.0
0.9122746142172649,0.13309747120823756,0.05324875870147793,0.0,0.11854548002274644,-0.3817500563158943,0.24801356326188526,0.0,0.0
0.6934679281816096,0.18906683771761884,0.10125284495644371,0.0,0.0,0.0,0.1308499870706103,0.0,0.0
0.8889083953754774,0.0,0.0,-0.23033849510168342,0.0,0.0,0.0,0.0,0.0
0.4758857787792477,0.0,0.0,0.02946472923517943,0.0,0.14272403343080614,0.0,0.0,0.0
0.0,0.039830260346347145,0.009760727268976971,0.03171216285304671,0.25029419009762344,0.20436178131031799,0.10286962943257308,0.0,0.0
0.0,-0.584421165080485,0.854173938514406,1.4294956824519942,0.24747467437497253,0.608256877439927,-1.7499683127824057,0.0,0.0
