EGFR,PI3K_AKT,mTOR,MEK_ERK,PKC,TGFb-SMAD,STAT3,DPD_NC,DPD_LB
0.0,-0.20733723622406502,-0.0776021618871633,0.494228999749324,-0.2051308409567129,0.5098136100463975,0.0,0.0,0.0
-0.15208602870181914,0.0,0.0900901644954469,0.18387491233840814,0.0,-0.41322244463109653,0.5842068233967277,0.0,0.0
0.0,0.0,0.0,0.12449041289574225,0.5521180472945323,0.0,0.0,0.0,0.0
0.5896635605566612,0.10335109135509467,0.26007180958200915,0.0,0.0,-0.13790798636159993,0.24701470869264197,0.0,0.0
0.290046178761061,0.27426544966677274,0.0,0.0,0.0,0.0,0.2242956047543535,0.0,0.0
0.17355801698261003,0.0,0.0,-0.13770459265420676,0.0,0.0,0.0,0.0,0.0
0.465496585890845,0.0,0.0,-0.22496105593051874,0.2420575505013015,0.5730511796363975,0.0,0.0,0.0
0.0,0.0,0.0,0.10343225300585301,0.166795662256251,0.171294145522318,0.0,0.0,0.0
0.0,-0.14085676790560775,0.0553139119919225,0.14765194126888664,-0.3478513013410904,-0.40040450595257376,-0.05387441959744875,0.0,0.0
