EGFR,PI3K_AKT,mTOR,MEK_ERK,PKC,TGFb-SMAD,STAT3,DPD_NC,DPD_LB
0.0,-0.1263578524106237,-0.05578546265606258,0.7001004708238325,0.2796746390162349,-0.033221901927451315,-1.0035363325364887e-05,0.0,0.0
0.12559583153373474,0.0,0.34371839861160475,0.07118219905114884,-0.0005578210401838571,0.2878602477621014,0.2857584781947307,0.0,0.0
0.1390733280161869,-0.0010270371348169362,0.0,0.1344580576710333,0.05749003370843881,-0.22541335148027344,-0.07530311572930244,0.0,0.0
0.5658962222709567,0.20750008854373173,0.32786017932970823,0.0,0.0,0.1520643047867656,0.1661199905866737,0.0,0.0
0.3572115732356531,0.4224549082524826,0.020313455764716,0.023456471877383856,0.0,0.283561619496625,0.027259891734499574,0.0,0.0
0.32876330451012825,0.15467025256520284,-0.023626091797413467,-0.13657765623898516,0.14043281170568486,0.0,0.05658878242326147,0.0,0.0
-0.7117080104343546,0.42965966105203457,0.13165157153616572,0.1345983380590712,-0.6864216597477029,1.5283965867523772,0.0,0.0,0.0
0.0,7.774009257838974,1.0346359709837392,-7.593685781675928,2.4702930038210837,-7.2769345265295176,-0.5247116984545614,0.0,0.0
0.0,-0.07761306515846612,-0.11913471217276841,0.4146919426209469,0.39379408017727213,-0.19562588608908443,-0.033659289117407135,0.0,0.0
