EGFR,PI3K_AKT,mTOR,MEK_ERK,PKC,TGFb-SMAD,STAT3,DPD_NC,DPD_LB
0.0,0.22305288854015742,-0.0524041338557298,0.7382162520233679,-0.4290990470051314,0.14107358684899246,0.0007401954572149714,0.0,0.0
0.8127998923495149,0.0,0.1506636787558683,-0.10846879530996731,0.37469016426480145,-0.5436379669720941,-0.21187356456346598,0.0,0.0
-0.037225126569264966,0.25614584040815913,0.0,-0.3564216029559321,0.7875863589197591,-0.12750814059228158,0.07300236442284887,0.0,0.0
0.31608734850280956,0.06464001285752383,0.019169767840712542,0.0,-0.003579306288265243,0.022539822404691007,0.12378071095247652,0.0,0.0
0.2915456466598914,0.089345401065189,0.046407964405877855,0.0,0.0,0.0,0.0,0.0,0.0
-0.012743992725632996,0.0,0.0,0.21441164684055686,0.0,0.0,0.0,0.0,0.0
-0.22026597550069624,0.063778360808976,0.026177072578187716,0.5778719635249628,0.01875229940340057,0.0,0.0,0.0,0.0
0.0,0.01118030099121847,0.06806876062034974,0.042557730749652314,-0.06810006570574399,0.3361177960428433,0.0013441161710857432,0.0,0.0
0.0,1.2289872899293417,0.8804600295087122,2.0500835726819155,0.05070974999962135,0.8764790951915666,0.09932698219578384,0.0,0.0
