EGFR,PI3K_AKT,mTOR,MEK_ERK,PKC,TGFb-SMAD,STAT3,DPD_NC,DPD_LB
0.0,0.003057808146024329,-0.08578723164361166,0.07863482906317172,-0.005232823731505465,0.7680696767319366,0.0,0.0,0.0
-0.037544514229168886,0.0,-0.256693954873002,0.34565619326784863,0.398424379067945,-0.5548333651960738,0.10818596540838213,0.0,0.0
0.0,0.271103642287206,0.0,-0.2102218324098893,0.1348719389442817,0.3855565802209643,0.0,0.0,0.0
0.20006233425015196,0.1985525395617061,0.05093444445650512,0.0,0.0,0.37881784226521503,0.08681350597591542,0.0,0.0
0.15547537151317886,0.37101572107149616,0.16114106012092858,0.0,0.0,0.0,0.2846809443943389,0.0,0.0
0.4178053894310226,0.0,0.0,0.04983089519740771,0.0,0.0,0.0,0.0,0.0
0.2919996038614653,0.0,0.0,-0.020023911011354995,0.06777090125816414,0.1966179920923457,0.0,0.0,0.0
0.0,-0.09413790492742402,0.24902232443922828,0.6565580299928181,0.2567663537849095,-0.28697306698331243,-0.11223697417295982,0.0,0.0
0.0,2.751495455382485,-1.7298477194395212,-7.140281484309377,-4.250743385709256,13.463262255138696,-6.171912024574602,0.0,0.0
