EGFR,PI3K_AKT,mTOR,MEK_ERK,PKC,TGFb-SMAD,STAT3,DPD_NC,DPD_LB
0.0,-0.001716505832891725,0.0323389666851825,0.13484368558106333,0.00558369650387995,0.44241464141869075,4.17006064456e-05,0.0,0.0
0.14334209508725762,0.0,-0.1141930012212487,-0.7085858317047585,0.0,-0.09222468000012174,0.6433168252575701,0.0,0.0
0.0,0.0765888315508715,0.0,0.2803023623482525,0.988266934249503,0.0,0.0,0.0,0.0
0.22117808601825653,1.849757181943155e-05,0.015241159394137501,0.0,0.0,0.37366493523321986,0.26673067715119836,0.0,0.0
0.4253111305958748,0.9045197641932947,0.0,0.0,0.0,0.0,0.0,0.0,0.0
0.526115426227026,0.0,0.0,0.28783527984030477,0.0,0.0,0.0,0.0,0.0
0.5743152353175058,0.0,0.0,0.48227782754096526,0.0,0.0,0.0,0.0,0.0
0.0,0.010108355722591,0.00322668709733955,0.14897602995193646,0.20159022384131176,0.1818656236700145,0.20015304876095769,0.0,0.0
0.0,-0.04993476059034074,-0.0067385167844422,-0.092267474957609,-0.0847361294309575,-0.7788226014021297,0.10937582302881099,0.0,0.0
