EGFR,PI3K_AKT,mTOR,MEK_ERK,PKC,TGFb-SMAD,STAT3,DPD_NC,DPD_LB
0.0,-0.02029865437435325,-0.173412613739819,1.3019773004587258,0.028602309401540953,-0.11916841531273258,-7.914476068985468e-05,0.0,0.0
1.1759452078194985,0.0,0.24051723337844777,-1.4365615961469138,0.0009337459340483,0.2419460748426594,0.259328022839421,0.0,0.0
0.03368865338869725,0.141209784925783,0.0,0.5342720936713234,0.9149613763743195,-0.3495682578330275,0.0,0.0,0.0
0.1912908024385494,0.16925557018614618,0.039417668828221876,0.0,0.0,0.3911481827927108,0.2024999772520395,0.0,0.0
-0.02743553426144374,0.3274402850638223,0.0,0.160844807195125,0.0,0.0,0.38560337204689,0.0,0.0
-0.07713149727861575,0.0,0.0,0.4448606328950955,0.0,0.0,0.5383722752544525,0.0,0.0
-0.2556855243230023,0.0,0.0,0.4360583913212012,0.0,0.6126661061607288,0.0,0.0,0.0
0.0,0.21625049277725422,-0.657467433869415,0.013924649392644425,-0.20740516561192215,1.5307774162197363,0.806863203417031,0.0,0.0
0.0,1.1867223777416525,0.2596792772882591,0.5027965425341975,-0.27118211034036943,-2.7028520580313353,-1.420854812471946,0.0,0.0
