EGFR,PI3K_AKT,mTOR,MEK_ERK,PKC,TGFb-SMAD,STAT3,DPD_NC,DPD_LB
0.0,0.19476581971328957,-0.036213214608898495,0.1143744589241407,-0.38395969142452324,0.44520192406669545,0.0,0.0,0.0
0.016262473318647715,0.0,-0.03473024002023226,0.04192790029342086,0.0,0.03267889480042533,0.3536381243031602,0.0,0.0
0.0,-0.06442038561381899,0.0,0.10830549794950357,0.5352032749044484,-0.024241951756567855,0.0,0.0,0.0
0.8150050897169457,0.13641233044260034,0.014938164422885715,0.0,0.0,0.2726279899259639,0.04156618161193665,0.0,0.0
0.4785924541604952,0.110200531360037,0.0,0.0,0.0,0.0,0.11127125952309501,0.0,0.0
0.22077305440172554,0.0,0.0,0.060217274274232006,0.0,0.0,0.5978957276880829,0.0,0.0
0.3116402819709863,0.0,0.0,-0.07496297234932528,0.06725132605640685,0.35999163809725415,0.0,0.0,0.0
0.0,0.038954238362468495,-0.04182037090267128,0.20269351003326005,-0.07532085541648186,0.353798785849163,0.12841183097451914,0.0,0.0
0.0,-1.532248311549172,0.2889629720132484,2.9873054110799786,3.14958002984224,-1.9170659566488861,0.20019732626565703,0.0,0.0
