EGFR,PI3K_AKT,mTOR,MEK_ERK,PKC,TGFb-SMAD,STAT3,DPD_NC,DPD_LB
0.0,-0.026376119581656286,0.006682033072706143,0.030562838757529198,-0.16177272424898015,0.1565106340537366,0.0,0.0,0.0
-0.13166562706091128,0.0,0.009095475574625728,-0.020296450058568706,0.0,0.22708672909285146,0.0073339878149698634,0.0,0.0
0.0,1.3398931085160073,0.0,0.31873446875276645,0.08293139879027986,0.0,0.0,0.0,0.0
-0.2149567724867572,0.04844614666180215,0.05517611334711997,0.0,0.0,0.9275623061758395,-0.012663683712199614,0.0,0.0
0.14952909698619857,0.0,0.0,0.0,0.0,0.0,0.34467121189862715,0.0,0.0
0.4388374520359556,0.0,0.0,0.036153461251842565,0.0,0.0,0.11035685274851943,0.0,0.0
0.28614503780805817,0.0,0.0,-0.08040194838409742,0.11761976342353571,0.3297992892599457,0.0,0.0,0.0
0.0,0.27212755331376454,0.07763568774320642,0.028802183049974266,0.09034216240065128,0.8125914071928102,0.11762417338022936,0.0,0.0
0.0,-16.381479757045046,0.02323479805954159,-12.316497116945664,-6.725803512282714,-60.985736944576765,42.64503436243581,0.0,0.0
