EGFR,PI3K_AKT,mTOR,MEK_ERK,PKC,TGFb-SMAD,STAT3,DPD_NC,DPD_LB
0.0,0.26732953602480114,-0.0962674239913992,1.1749710095823822,-0.11295194989013584,-0.041465439753676246,0.0,0.0,0.0
0.7070519039740074,0.0,0.06635242055665873,-0.5988298615783949,0.007616288508648815,-0.13067833658297176,-0.03149810249114277,0.0,0.0
-0.2673867178785516,1.0870704065209027,0.0,0.5080622968706244,0.7348495877423533,-0.01962903611349327,-0.2465053687349184,0.0,0.0
0.32731264180571346,-0.00773360992524614,0.08604197598848594,0.0,0.0073108601511041715,-0.034297818237325924,0.18278026711486825,0.0,0.0
0.5034052672700485,0.2963499706206681,0.002332128585004757,-0.1708450757764002,0.0,0.15767625461412585,-0.06433572361437796,0.0,0.0
-0.029158510537419437,-0.0019795371840582287,-0.04136053873289514,0.3167462611943986,0.07971253470645888,0.0,0.5837585368132164,0.0,0.0
-0.057060105878884416,-0.005623150628738386,-0.02459208679543843,0.0705122513721602,0.07554281939247114,0.5316042444415646,0.0,0.0,0.0
0.0,0.3166612684838972,-0.032039625727075284,0.034617391536059174,0.04611358741030229,0.08410544055606474,0.5720993081883492,0.0,0.0
0.0,4.365414606543447,0.15810172856629892,2.770370988621981,-2.2789680955150913,0.17314085140739957,0.12155749284421903,0.0,0.0
