EGFR,PI3K_AKT,mTOR,MEK_ERK,PKC,TGFb-SMAD,STAT3,DPD_NC,DPD_LB
0.0,0.2126678012244455,-0.022738304207228024,0.20952090142233223,-0.16159333579657978,0.4343532817577927,0.0,0.0,0.0
0.3255555721107253,0.0,0.0,0.023540351075305277,0.0,0.04332626503391307,0.21132906637953502,0.0,0.0
0.0,0.886188641865903,0.0,0.11128162702996625,0.4864227640848907,0.0,0.0,0.0,0.0
0.8140262320064136,0.2329542180123737,0.014630313460961726,0.0,0.0,-0.6680333854193677,0.193730623238923,0.0,0.0
-0.22890053729215676,0.0,0.0,0.0,0.0,0.0,0.762927774402665,0.0,0.0
0.3056356855032195,0.0,0.0,-0.03736831213107475,0.0,0.0,0.036013609365586,0.0,0.0
0.09345118399168025,0.0,0.0,0.136563926817642,0.12978297853372875,0.0,0.0,0.0,0.0
0.0,0.023758692074762697,0.0,0.2239358070036251,0.002446341612411425,-0.007924622941796624,0.3317854626297839,0.0,0.0
0.0,4.717842671702431,-0.35064324854494,-0.48057919598601173,-0.9532467280198532,-4.584523911015867,-0.3469238290381502,0.0,0.0
