EGFR,PI3K_AKT,mTOR,MEK_ERK,PKC,TGFb-SMAD,STAT3,DPD_NC,DPD_LB
0.0,0.4082927960082808,0.05274690669572905,0.6697863182776551,-0.3688367860123079,0.272977757586784,0.0003438026856175286,0.0,0.0
0.1992447240412057,0.0,0.006719115879129349,-0.18995484728247894,0.007449458926941441,0.07762778668209111,0.5242688877769313,0.0,0.0
0.34644928159632593,-0.8461952782124316,0.0,0.5903038916396051,1.6716693182025952,-0.05268657802189992,-1.3061566718471316,0.0,0.0
0.7361304562223067,-0.1197511125289044,0.0017821380361608848,0.0,0.0012335549937027713,0.09134756195833546,-0.11587042978464457,0.0,0.0
0.32905735462333247,0.17614152004874156,-0.0001909835708942,0.0,0.0,0.0,0.1748947142018114,0.0,0.0
0.14992232758944793,0.0,-0.0022147108477592716,0.013771457184260328,0.0,0.0,0.7673517538485527,0.0,0.0
0.2514428553120867,0.0,0.0,-0.09377039681203428,0.0,0.26175228236596426,0.0,0.0,0.0
0.0,0.6301387450952465,1.024564706054506,-1.136315028853392,2.3060307195159493,-3.9745893781574044,-0.3224006715041629,0.0,0.0
0.0,0.4515383411532782,-0.2679829021202699,0.44908415915553146,-0.3715757780344184,-0.45797050121573774,0.47035633726923043,0.0,0.0
