EGFR,PI3K_AKT,mTOR,MEK_ERK,PKC,TGFb-SMAD,STAT3,DPD_NC,DPD_LB
0.0,0.19628384411507227,0.02589803389797046,0.5048597004804493,-0.00318003233958957,0.4457286252075394,0.0,0.0,0.0
0.43864967753520995,0.0,-0.10093589215103085,-0.3292546518457171,0.0,0.09928533738347022,-0.06573933950846758,0.0,0.0
0.09351888497479587,0.07355784748417557,0.0,-0.083274216157056,0.6636833572741707,-0.4318560215915814,-0.08927364112722944,0.0,0.0
0.21582017306920637,0.18206122815681614,-0.0033727183584770144,0.0,0.0,0.16321511383353696,0.21740946363419286,0.0,0.0
0.29449129971864874,0.37616554131535823,0.0,0.0,0.0,0.0,0.07563503336247714,0.0,0.0
0.189285490381543,-0.06997699711755372,-0.05451905597322058,0.07554951430713672,0.0,0.0,0.5600183791588843,0.0,0.0
0.14085824860129728,0.0,0.0,0.15275343643836412,0.0,0.5107436424945532,0.0,0.0,0.0
0.0,-0.30336014952931395,-0.060045489278953146,0.8709953040531685,1.0318773542385233,-1.5987411073815871,5.110160252620623,0.0,0.0
0.0,0.543241396723486,-0.38139073552117325,1.3151849718130142,0.3518265648124504,-2.7738293431925745,5.484687014446822,0.0,0.0
