EGFR,PI3K_AKT,mTOR,MEK_ERK,PKC,TGFb-SMAD,STAT3,DPD_NC,DPD_LB
0.0,0.2773017671443051,-0.014006653416404113,0.24827116130355398,-0.1403935853792415,0.5232064339937755,0.0,0.0,0.0
0.1862092611464266,0.0,-0.020283568043791573,0.02217264569564217,0.0,0.023904966071903528,0.17516042269756543,0.0,0.0
0.0,1.0035275341326118,0.0,0.13915631411080714,0.26932994151870543,0.0,0.0,0.0,0.0
0.9494230257978701,0.5462319670136913,0.041445247068519084,0.0,0.0,-0.5886624423055403,-0.1267222701671916,0.0,0.0
-0.13080030702408957,0.0,0.0,0.0,0.0,0.0,0.4359587282300943,0.0,0.0
0.284287609238444,0.0,0.0,-0.0719731373403417,0.0,0.0,0.02057920535176343,0.0,0.0
0.09469809020945742,0.0,0.0,0.07803652961008115,0.07416170201927356,0.0,0.0,0.0,0.0
0.0,0.04735253195849297,0.0,0.12796331828778576,0.0013979094928065286,0.1889488377752562,0.1895916929313051,0.0,0.0
0.0,7.194693775773132,-0.24497633728783344,-0.14078053427134954,-1.7946934740103775,-3.1056947523294753,-0.9529384186446956,0.0,0.0
