EGFR,PI3K_AKT,mTOR,MEK_ERK,PKC,TGFb-SMAD,STAT3,DPD_NC,DPD_LB
0.0,0.023507735761890775,-0.006850940037178025,0.6473432646355812,-0.19258273582999766,0.43218771402144696,0.0,0.0,0.0
1.1477695652070263,0.0,-0.421555892553839,-0.4226295851237555,0.37600658927630165,-0.795299541926905,0.38475845936198233,0.0,0.0
-0.2876253985369814,0.1124952317686612,0.0,0.2878091322002515,0.40047441288220403,-0.203090211727742,3.744658325055e-05,0.0,0.0
0.12724097666654777,0.3086450328999069,0.3183414281016358,0.0,0.004119054035492751,0.027339713239661268,-0.11132717684519705,0.0,0.0
0.60110615954709,0.146655471905588,0.0,0.22539568115806374,0.0,0.0,0.0,0.0,0.0
0.17299979529500525,0.0,0.0,-0.05926807816863725,-0.14473266819857425,0.0,0.0,0.0,0.0
0.211902475369681,0.30421018842761427,0.28081097809641375,-0.6206322252702817,0.0,0.0,0.0,0.0,0.0
0.0,-0.8564542989146335,-2.1878658581301345,1.01407793325898,1.7911996860037718,0.1285307676630546,0.8773897021000763,0.0,0.0
0.0,0.5075528654116932,0.17321517977391818,0.2841171271311702,-0.7575102626254993,0.3518944296914708,-0.0674868175298569,0.0,0.0
