EGFR,PI3K_AKT,mTOR,MEK_ERK,PKC,TGFb-SMAD,STAT3,DPD_NC,DPD_LB
0.0,-0.00140265690944945,0.00206188821573855,0.36701543150752625,-0.129372324071125,0.20659323222707884,0.0,0.0,0.0
2.8266197879892028,0.0,0.4759204804013847,-0.9089554190588007,0.0,1.0184401740681732,-1.1200087451523502,0.0,0.0
0.0,0.30206278005112197,0.0,-0.03468202433179475,0.411567520670946,0.0,0.0,0.0,0.0
1.0277759675102438,0.10389989965746216,0.36859943743378143,0.0,0.0,-0.26029112327565673,-0.2847796216885916,0.0,0.0
0.1327902635795235,0.0,0.391503824709024,0.129311089970895,0.0,-0.5503442715304445,0.0,0.0,0.0
0.0166710383031953,0.0,0.0,0.0363043285624015,-0.0876085627299165,0.0,0.0,0.0,0.0
0.1958532672036675,0.0,0.0,-0.089267588390105,0.0,0.0,0.0,0.0,0.0
0.0,0.017712707663445577,0.005011147746644623,0.10407476620290655,0.08743752359990893,-0.09013058224680702,0.5092110439159087,0.0,0.0
0.0,0.03690753648296875,0.5683862777662653,0.7436756478916875,0.04304267661781144,-0.952731009475266,-3.2234836289341047,0.0,0.0
