EGFR,PI3K_AKT,mTOR,MEK_ERK,PKC,TGFb-SMAD,STAT3,DPD_NC,DPD_LB
0.0,-0.03237324174371125,0.0,0.24960688548377924,0.0,0.42409446015577873,0.0,0.0,0.0
0.06515322322223165,0.0,0.0382891035239871,-0.029259023501659674,0.0,0.23283111736518755,0.5078184080826365,0.0,0.0
-0.0850617344230105,-0.20812722369619302,0.0,0.02914956176722725,0.6005589858066049,0.0,0.0,0.0,0.0
0.6559014931264052,0.032356395982367524,0.0,0.0,0.0,-0.187387470690372,0.2285139459555961,0.0,0.0
0.6949556138433053,0.0,0.0,0.0,0.0,0.0,0.0,0.0,0.0
0.7339064540569553,0.0240415285926201,0.0,-0.1709915685349128,0.0,0.0,0.514441622340749,0.0,0.0
0.9354878353004742,0.0,0.0,-0.22258171753151645,0.0,0.2843044497258465,0.0,0.0,0.0
0.0,-0.047626942311432,0.0,0.0,0.04011230566218125,0.3341704173987142,0.22651594250119525,0.0,0.0
0.0,-5.901102360679365,-1.0045834830956673,2.590090568686676,-0.033993120930531306,17.080167347140133,-10.131679008320745,0.0,0.0
