EGFR,PI3K_AKT,mTOR,MEK_ERK,PKC,TGFb-SMAD,STAT3,DPD_NC,DPD_LB
0.0,0.017687788372144617,0.0418922174228581,0.38853718381286895,-0.06429251053727027,0.28982466195575085,0.0,0.0,0.0
1.9586336745946442,0.0,0.3845153888554967,-0.2412417664116099,0.0,0.9983523109271524,-1.8772076080305524,0.0,0.0
0.0,0.36520329926204326,0.0,0.002599578412996858,0.42325846449413174,0.05468139631206714,0.0,0.0,0.0
0.936753553188561,0.1264442313789382,0.15131576590610396,0.0,0.0,-0.40443616590549397,-0.2866855311261694,0.0,0.0
0.6289927977877264,0.052073560951149435,0.22371647126229943,0.07389205141194,0.0,-0.31448244087453975,-0.24495229325581286,0.0,0.0
0.3974823156373173,0.0,0.0,-0.05389607780904072,-0.050062035845666576,0.0,0.0,0.0,0.0
0.3120395423882343,0.0,0.0,-0.06027246506169929,0.0,0.12914557267623872,0.0,0.0,0.0
0.0,0.016537731729753685,0.013954070802093413,0.09318541781292931,0.04996429919994796,-0.1218495797837953,0.5585420903481441,0.0,0.0
0.0,0.06394194200852171,0.14138851910055603,0.46887335375652084,-0.1667538307653935,-0.5326372862571087,-2.356004371688314,0.0,0.0
