EGFR,PI3K_AKT,mTOR,MEK_ERK,PKC,TGFb-SMAD,STAT3,DPD_NC,DPD_LB
0.0,0.18809189711338176,-0.044904383961082,0.08869959848729815,-0.35015957961270827,0.48757771777117165,0.0,0.0,0.0
0.08869849719477425,0.0,-0.00321608376813165,-0.011983009264896425,0.0,0.05638590125353308,0.35356138468612086,0.0,0.0
0.0,-0.11474237186600077,0.0,0.15386887958138426,0.574165127809305,0.0,0.0,0.0,0.0
0.6867516078401565,0.18362853005918664,-0.05941545563325975,0.0,0.0,0.3730994011227182,0.04828364733448065,0.0,0.0
0.6414995900032252,0.19285092988006475,0.0,0.0,0.0,0.0,0.19472470416541626,0.0,0.0
0.23729739368015448,0.0,0.0,0.04712370548247125,0.0,0.0,0.7923839161885302,0.0,0.0
0.33636147337517097,0.0,0.0,-0.0276665696906925,0.117689820598712,0.4113548802146725,0.0,0.0,0.0
0.0,0.08722640590121175,0.1103695862060835,0.30714400673394,0.04597023069211299,0.32151642137894526,0.10036440493945374,0.0,0.0
0.0,0.11624302782718574,0.44390845231156895,2.7326237686010293,0.78176024858147,-2.9191133242383294,-2.049675074085275,0.0,0.0
