EGFR,PI3K_AKT,mTOR,MEK_ERK,PKC,TGFb-SMAD,STAT3,DPD_NC,DPD_LB
0.0,0.09906077109830057,-0.09494548816400392,0.04866521613001814,0.0,0.3010041506710417,0.0,0.0,0.0
0.06487864603169474,0.0,0.008257131049329843,-0.0031595219403553715,0.0,0.14549176006920056,0.06064601255084534,0.0,0.0
0.0,0.22582336738981942,0.0,0.07075079858277986,0.1672849332718887,-0.140615325481914,0.0,0.0,0.0
0.4007119061181713,0.014179139976188871,-0.05176617244572664,0.0,0.0,0.2364868522639547,0.43133215401683406,0.0,0.0
-0.12471479325491329,0.056116660918292,0.12105936671920185,0.0,0.0,0.0,0.10235410275573,0.0,0.0
-0.04709321538123229,0.0,0.0,0.033482349309281574,0.0,0.0,0.10115536097714399,0.0,0.0
0.0,0.0,0.1552738899966057,0.04098219565395343,0.0,0.3229431835680015,0.0,0.0,0.0
0.0,0.16763343841717887,0.1684275514591754,0.013674082631973172,0.00043840251270868574,0.14200584739544456,-0.03286689220706799,0.0,0.0
0.0,0.15059330214648817,0.09823621769587142,0.11657653361683099,-0.21178802517320075,1.0409334185869799,0.007869107485415772,0.0,0.0
