EGFR,PI3K_AKT,mTOR,MEK_ERK,PKC,TGFb-SMAD,STAT3,DPD_NC,DPD_LB
0.0,0.16706622723972775,0.1022611465034565,0.1660537191707961,-0.17218955079326195,0.12942022393260622,1.36543262037211e-05,0.0,0.0
0.799304407503125,0.0,-0.336225296010484,0.9877816344353737,0.0,-0.5529794313645647,-0.8289396928069974,0.0,0.0
0.373036828489802,-0.04195380681025623,0.0,-0.34320485173452525,1.2059859831130562,1.050582723424315,0.0,0.0,0.0
0.33712678092377646,0.23659777760812106,0.07645907031008942,0.0,-8.268010440205e-05,0.021842629548708546,0.40643850013524024,0.0,0.0
-0.19980953367626955,0.0,-0.06634248733535876,0.39173127178882,0.0,0.0,0.0,0.0,0.0
0.39554966898857147,0.0,-0.04799427660308775,0.059372351521881,0.0,0.0,0.0,0.0,0.0
0.04459279116439424,0.0,0.0,0.2028116127417155,0.0,0.5727888638168,0.0,0.0,0.0
0.0,0.03837099372337928,0.051078606397048476,0.2753540356211865,0.18554511251572303,-0.08048570428394655,0.11833310606652395,0.0,0.0
0.0,0.5138011555824687,-0.19124688715949173,-1.292792111331318,0.2549958659093048,0.5433727236197192,1.3572747304587387,0.0,0.0
