EGFR,PI3K_AKT,mTOR,MEK_ERK,PKC,TGFb-SMAD,STAT3,DPD_NC,DPD_LB
0.0,0.23955768715309775,-0.033242150417098444,0.4186215200064297,-0.30722927653797455,0.2829203208031596,0.0008643535550095287,0.0,0.0
0.19303530980989173,0.0,0.008894606988671843,-0.15818605459420712,0.0,0.09042390029574118,0.018525745842542057,0.0,0.0
0.009074346982620914,-0.03958343461186552,0.0,0.009287488793746032,0.49388932729970186,-0.27584818054151744,-0.23583310837497296,0.0,0.0
0.41824072007174096,-0.09275885694006296,-0.0761884032254867,0.0,0.00015806383286075715,0.3064073964055468,0.34375156260422696,0.0,0.0
0.31303243387754254,0.23516097102360214,0.0,0.0,0.0,0.305682870393174,0.0,0.0,0.0
0.03044137037934929,-0.05715818161095814,0.0,0.11297129955698401,0.0,0.0,0.6671496159064102,0.0,0.0
-0.2654448786670093,0.0,0.0,0.21268223937230227,0.19606875756130573,0.44358376983025594,0.0,0.0,0.0
0.0,0.009394761013067299,-0.000347824011144426,0.13550130615840358,0.09415544106615839,0.3523148030214393,0.18109485141132936,0.0,0.0
0.0,1.0081311184462671,-0.15845211906718856,0.18773461259777777,-1.327019611599649,0.009536390291388102,0.689131002948865,0.0,0.0
