EGFR,PI3K_AKT,mTOR,MEK_ERK,PKC,TGFb-SMAD,STAT3,DPD_NC,DPD_LB
0.0,0.08033645378742907,0.12662293690434273,0.5421541604684785,-8.062898304207408e-05,0.12516801943695804,0.0,0.0,0.0
0.49106134676066,0.0,-0.12092371320024736,0.18915110913311875,0.0,-0.2956750377131041,0.22203608791209556,0.0,0.0
0.0,0.107453929695671,0.0,0.23997593744977597,0.5928897269192958,0.0,0.000437448075512225,0.0,0.0
0.930131334125115,0.2102660962400549,0.11360564412626213,0.0,0.000230844406916875,-0.05006128875693877,-0.10397731845066432,0.0,0.0
1.0857221783820485,0.0,0.0,0.317820625312485,0.0,0.0,0.0,0.0,0.0
1.2627701745575275,0.0,0.0,-0.591423329151617,0.0,0.0,0.0,0.0,0.0
1.328457694464467,0.342782160239075,-0.118992348055981,-0.9332910714364471,0.0,1.1042323321063325,0.0,0.0,0.0
0.0,-0.7292532974394971,-0.8960870587896957,0.1704775004979125,-1.6544521618424608,-0.23500775244174266,1.3844264581415302,0.0,0.0
0.0,-7.006845800989481,7.644397249447487,7.359560469237037,-5.641924998953439,-16.419899838315143,0.26244773179418024,0.0,0.0
