EGFR,PI3K_AKT,mTOR,MEK_ERK,PKC,TGFb-SMAD,STAT3,DPD_NC,DPD_LB
0.0,0.05710052829357334,-0.13765950686248657,0.3946553216637551,0.19207028476542787,-0.033529304763611045,-0.00012003209354417142,0.0,0.0
0.5244066051741723,0.0,0.4293829854130708,-0.156199635482172,0.1887665776194927,0.3251307788051854,0.16577357795620756,0.0,0.0
0.006909841948028272,0.16149956331850612,0.0,-0.048178843496293144,0.21523246170874857,-0.1665739345217435,-0.1659257060474344,0.0,0.0
0.7639325504757802,0.08121754041807501,0.24933554821387968,0.0,7.99926917370857e-05,-0.06416861787603205,0.04469178159307779,0.0,0.0
0.3855246569698715,0.15739755204354972,0.1431513860373496,0.0747410625667337,0.0,0.06826157625570242,0.0,0.0,0.0
0.4441262074203683,0.0,-0.07083793719626086,-0.1298371547586827,0.0,0.0,0.4240711761358664,0.0,0.0
0.10673369436187456,0.0,0.0,0.012447685193840858,0.0,0.6049746641264481,0.0,0.0,0.0
0.0,0.020799574752403575,0.0871097285470228,0.28896535465741574,0.3750895742602572,0.05995787782835698,0.3195053419363289,0.0,0.0
0.0,3.573162537220099,3.3842485324896217,-0.2716116183103646,-1.3870977974832603,-3.560873868364734,4.810484673194649,0.0,0.0
