EGFR,PI3K_AKT,mTOR,MEK_ERK,PKC,TGFb-SMAD,STAT3,DPD_NC,DPD_LB
0.0,0.019787332523156422,-0.05169804347093415,0.6092671323092065,0.05077491282461375,0.0861923704624894,0.0,0.0,0.0
1.3555547101969252,0.0,-0.14153939907985402,-0.9943174939703259,0.0,-0.311131709072353,-0.3842084800941851,0.0,0.0
0.0,0.6371453831024343,0.0,0.3948485080645097,0.8305079346908865,-0.325387780590875,0.0,0.0,0.0
0.04727968759707463,-0.061507588754699624,-0.0019746676454115,0.0,0.0,0.7785839172801909,0.06660802714862825,0.0,0.0
0.5929238620932951,0.2820288075787895,0.1177670499329275,-0.04625632866403175,0.0,0.38811818538553,0.0,0.0,0.0
0.44349908938411176,0.0,0.0,0.015114831980715684,0.0,0.0,0.2268318193448845,0.0,0.0
0.149572174980942,0.44405640226786,0.0,0.00725066386480885,0.0,0.5269349522714605,0.0,0.0,0.0
0.0,-0.1355016017219575,0.042070132230693204,0.0,0.00853620353437305,0.127482668850528,0.6607533683546235,0.0,0.0
0.0,-0.4828105860091849,-0.422612132069896,13.91013462200738,7.238768740586577,-26.904249727298975,-10.73003988075443,0.0,0.0
