EGFR,PI3K_AKT,mTOR,MEK_ERK,PKC,TGFb-SMAD,STAT3,DPD_NC,DPD_LB
0.0,0.11607259602668785,0.02543535384746113,0.11698969749728035,-0.008696571549208403,0.5480770981248965,0.0,0.0,0.0
0.21838284902973046,0.0,0.0014490048483524237,0.33544965154695283,0.38022693470068714,0.28978834387316654,-1.1284579842137927,0.0,0.0
0.0,0.04988785369436871,0.0,0.07398757202056615,0.20024245490755802,0.0,0.0,0.0,0.0
0.40543769264323587,0.25831999390363436,0.30424166693931626,0.0,0.0,0.09840445624178372,0.3233766691146714,0.0,0.0
0.24694860011342698,0.2440141992136964,0.0,0.0,0.0,0.0,-0.1639099103536,0.0,0.0
0.6099000765700378,0.0,0.0,0.0,0.0,0.0,0.10801136313161515,0.0,0.0
0.30479213998923743,0.0,0.0,0.16555863505793855,0.0,0.16135896342028572,0.0,0.0,0.0
0.0,-0.024897666139629227,-0.027386520320095715,0.12329584361617078,0.1238221373470089,0.30165783642088106,0.27922404735561074,0.0,0.0
0.0,0.918272513173856,1.0928861141234043,1.2833674400375301,-0.34455419063285325,-2.3527570966380305,0.02160246028810001,0.0,0.0
