EGFR,PI3K_AKT,mTOR,MEK_ERK,PKC,TGFb-SMAD,STAT3,DPD_NC,DPD_LB
0.0,0.2997724208777778,0.035049075328941616,0.47370236645610647,0.3687460993150359,0.23351041359546962,0.0,0.0,0.0
0.6126847315949329,0.0,0.024286055466118502,-0.27893287010893725,-0.005562199046062285,-0.3473515812790155,0.13267287852586937,0.0,0.0
0.26971270511802886,0.23027162532123402,0.0,0.05282612601127771,0.8014684463577996,0.0,0.0,0.0,0.0
0.3742717671042937,-0.01588963768982416,0.0834040889707127,0.0,0.0,-0.16572909094874258,0.30627745895679315,0.0,0.0
0.405105830205425,0.0,0.0,-0.14249868604883142,0.0,0.13848778687652286,-0.1494236680915757,0.0,0.0
-0.13819142424080358,0.0,-0.055350450638108,0.15842588980803546,0.0,0.0,0.21810657764757457,0.0,0.0
-0.1482392136718859,0.0,-0.12724876904816687,-0.047243423486324994,-0.48959268408333945,0.30844651865250283,0.0,0.0,0.0
0.0,-0.2180695271620074,-0.1169357673219282,0.2749753326139222,0.3078203975530335,0.0409972364571457,0.2598894487389369,0.0,0.0
0.0,-0.06534150122166173,0.0006279369394464428,0.22143436799818622,-0.23181980964497365,0.27309434791051174,-0.18322779839445844,0.0,0.0
