EGFR,PI3K_AKT,mTOR,MEK_ERK,PKC,TGFb-SMAD,STAT3,DPD_NC,DPD_LB
0.0,0.27185380945724075,0.006043257026724747,0.14469374945693747,-0.390453340712573,0.45727349938969425,0.0,0.0,0.0
1.044676747648194,0.0,-0.1212195366927709,-0.45304619216919456,0.0,-0.8865333423539357,0.5427214772295685,0.0,0.0
-0.4063648536173285,1.7295327290804812,0.0,0.7178470420590187,0.7924187621423048,0.58312451899998,0.0,0.0,0.0
0.603593322668223,0.41922426246594524,0.0456114930157448,0.0,0.0,-0.5103438772972988,0.26259059593352757,0.0,0.0
0.7093819877759805,0.09774034014875276,0.0,0.16235788026741926,0.0,0.0,0.0,0.0,0.0
0.115062109516602,0.0,0.0,-0.07337933652481325,0.0,0.0,0.0,0.0,0.0
0.056616280146339,0.0,0.0,0.0,0.0,0.0,0.0,0.0,0.0
0.0,0.03426038032979225,0.03599033042846699,0.235241734067927,0.000139632100446525,0.0,0.0,0.0,0.0
0.0,-0.13295485327061027,0.2169485118418025,0.5824228841168542,0.23152490337614026,-3.478802490914405,0.22390742277188902,0.0,0.0
