EGFR,PI3K_AKT,mTOR,MEK_ERK,PKC,TGFb-SMAD,STAT3,DPD_NC,DPD_LB
0.0,-0.16478899184132428,0.24727975629806043,0.3561656193727734,0.11868166429428476,0.2546918794762596,0.1340148106457547,0.0,0.0
0.2531054295826427,0.0,0.00022243515015480002,0.01368572395277515,0.0,0.10819207019202841,-0.04577200026683955,0.0,0.0
0.0,0.0450329193071587,0.0,0.06013150377679843,0.25263624557063136,-0.03989481754313743,-0.09435438830000815,0.0,0.0
0.10043016750832198,0.0880694690841864,0.0913886168338707,0.0,0.014259518279292543,0.2684097608430003,0.3195548063442074,0.0,0.0
0.3433758379363429,0.3673978904494336,0.0,0.0,0.0,0.094243847237988,0.14759896339539713,0.0,0.0
0.43888916586506616,-0.05302715413859471,0.0,0.11360634638542587,0.0,0.0,0.36872730187826946,0.0,0.0
0.15712949828167774,0.0,-0.08062221515627514,0.05112654168634399,0.15162823328540556,0.184360161241329,0.0,0.0,0.0
0.0,-0.6272555001284873,0.20941751732120428,0.09255300059335757,0.7614347353125621,1.007702180663116,0.6022689251530059,0.0,0.0
0.0,-1.0615930472930581,2.5331843007690273,-0.43221350567468786,1.1773573992056683,1.0271096241951025,3.7155839027534165,0.0,0.0
