EGFR,PI3K_AKT,mTOR,MEK_ERK,PKC,TGFb-SMAD,STAT3,DPD_NC,DPD_LB
0.0,0.07712122657447375,-0.058574872213569,0.1966725833300525,0.13696625763748477,0.2743838266452357,0.0,0.0,0.0
-0.47652078932429354,0.0,0.04771729394562865,0.08995819024525634,1.329447308533105,-0.016447709549556978,0.0169226340422921,0.0,0.0
-0.560293297788835,-0.667700856288467,0.0,0.3365406694640235,0.769165914267147,-0.965745955727445,0.0,0.0,0.0
0.611455063083865,0.0,0.21630572215009994,0.0,-0.3532800919903975,0.08800920773819199,0.2551928656079878,0.0,0.0
1.2762661390411338,0.0,0.08258426971527325,-0.4880597935928125,0.0,0.0,0.0,0.0,0.0
0.17448726784915725,0.0,-0.07067857818845576,0.097618669421004,0.0,0.0,0.25282788517775,0.0,0.0
0.161766074474426,0.0,0.0,0.17034174152901876,0.0,0.127753561068623,0.0,0.0,0.0
0.0,-0.3029929651552783,-0.26926417794387425,0.26570724776777277,0.6614694440219222,0.0,-0.5294358658753076,0.0,0.0
0.0,-0.43308998320272857,1.0926916732976175,1.8537597099017893,2.7267442883465263,0.0,-1.0404303125681358,0.0,0.0
