EGFR,PI3K_AKT,mTOR,MEK_ERK,PKC,TGFb-SMAD,STAT3,DPD_NC,DPD_LB
0.0,0.044069272328270716,-0.03483870789736333,0.2030722192338897,0.190225568069124,0.2384322628664477,0.0,0.0,0.0
-0.3555491259485439,0.0,-0.031453759705367915,-0.01701198832037181,1.3803898759735043,-0.06816455067783067,0.009670076595595486,0.0,0.0
-0.3201675987364771,-0.6500317831251593,0.0,0.2801079439222039,0.7917555354603815,-1.1102777963764172,0.0,0.0,0.0
0.7295734515549854,0.04861217215192715,0.16888376230101584,0.0,-0.20187433828022713,-0.10654392857732886,-0.0021307702170127057,0.0,0.0
1.3149722926903895,0.0,0.08814275330831471,-0.27889131062446426,0.0,0.0,0.0,0.0,0.0
0.43830049006689725,0.0,-0.08110558060861457,0.019920779506817428,0.0,0.0,0.14447307724442857,0.0,0.0
0.36059967464686116,0.0,0.0,0.09733813801658216,0.0,0.07300203489635601,0.0,0.0,0.0
0.0,-0.31006035860174,-0.45081677717458774,0.3942044846981093,0.833430285968937,-0.01977362327535429,-0.9666588088854529,0.0,0.0
0.0,-0.0631235799255678,0.16947632515587355,3.593132632470327,1.8526735366262777,-3.1577086948567428,-1.2916036962185848,0.0,0.0
