EGFR,PI3K_AKT,mTOR,MEK_ERK,PKC,TGFb-SMAD,STAT3,DPD_NC,DPD_LB
0.0,3.4851249285547288e-06,0.12335524194445857,0.24108266338106002,-0.032939747765167,0.312767873972561,0.0,0.0,0.0
-0.22215047828699244,0.0,0.021830270011706284,0.03335931873564931,0.0,-0.41981391261522105,0.5671798435327898,0.0,0.0
-0.001993848877309757,0.54528150840196,0.0,0.08371869905026157,0.47576260336396897,0.9631360353485314,-0.5140647583855043,0.0,0.0
0.09160827440633766,-0.1540955660546432,0.021724601633237715,0.0,0.0,0.026416293524307414,0.45777081211178583,0.0,0.0
0.27688379052928175,0.0,0.0,0.0,0.0,0.0,0.0,0.0,0.0
0.7678503764209939,0.0,0.0,-0.12041580116822244,0.0,0.0,0.0,0.0,0.0
0.27808010782412884,0.0,0.0,-0.08430868855334131,-0.011866583170584285,0.4361410241173688,0.0,0.0,0.0
0.0,0.017593955593347956,-0.22816083683466445,0.06634373115046957,0.004202037346648986,0.5435957220835135,0.5632887529697527,0.0,0.0
0.0,-0.40543961187303534,0.1831678918093753,0.007708889129906559,-2.647971654719213,-5.050664314180798,3.2409509622115626,0.0,0.0
