EGFR,PI3K_AKT,mTOR,MEK_ERK,PKC,TGFb-SMAD,STAT3,DPD_NC,DPD_LB
0.0,0.24746637361144974,-0.0384271806051658,-0.21338767626572053,0.035861451064996,0.14751823308393522,0.0,0.0,0.0
2.2361247550653474,0.0,-0.33486914029030423,0.4814284860313115,-0.24321357743226624,-0.7776175645150885,0.41529551113024876,0.0,0.0
0.0,-0.13885298725801076,0.0,0.9042253115206798,1.369557638896366,-0.7798379239562274,0.0,0.0,0.0
0.6210479787245432,-0.11872984649382051,0.022480836145152727,0.0,0.0,0.7934672947715085,-0.13506690398788077,0.0,0.0
0.0,0.38566858317330555,0.0,0.0,0.0,0.0,0.491309981899575,0.0,0.0
0.17931775291004043,0.043311851456972,-0.05222355000611925,0.07156411123594225,0.0,0.0,0.3327070776137025,0.0,0.0
0.29397778722804624,0.0,0.0828343942129635,0.25534727441757,0.0,0.15954650326980974,0.0,0.0,0.0
0.0,-0.12054335397883725,0.07481186533796455,0.29679178053593586,0.24475218461163942,-0.06820842743213176,0.3225709479678939,0.0,0.0
0.0,4.032363224800625,-2.044274549571764,1.665242029356276,-3.6044441858401126,-23.06781588820899,25.403899333451772,0.0,0.0
