EGFR,PI3K_AKT,mTOR,MEK_ERK,PKC,TGFb-SMAD,STAT3,DPD_NC,DPD_LB
0.0,0.1276091803879525,0.0,0.34462729074562676,-0.14735144487506424,0.13782617581626608,0.0,0.0,0.0
1.842553597451575,0.0,-0.07305804260981726,-1.017408320418797,0.4908644615700768,-0.34360396699786805,0.05515918479801376,0.0,0.0
-0.18446099117817452,0.2586708013690112,0.0,0.24120294785347374,0.24096125896139559,0.0,0.0,0.0,0.0
0.406122377935466,0.21621769924781525,0.041627050716647,0.0,0.0,0.20143272822097036,0.22374387315814676,0.0,0.0
0.5865861001182933,0.2750012685334585,0.10363979576891726,0.0,0.0,0.0,0.0,0.0,0.0
0.357204085076484,0.0,0.0,-0.09454152089218325,0.0,0.0,0.0,0.0,0.0
1.0087275036757999,0.0,0.0,-0.5481451884768147,0.0,0.0,0.0,0.0,0.0
0.0,-0.037653048119471275,-0.03100182743750525,0.22530808688371876,-0.1709778159692479,-0.012474432352543474,0.007472054304035011,0.0,0.0
0.0,0.38194726855722744,0.0,0.47143411099920723,-0.5340665901230423,-0.1895819315514925,0.67267979869175,0.0,0.0
