EGFR,PI3K_AKT,mTOR,MEK_ERK,PKC,TGFb-SMAD,STAT3,DPD_NC,DPD_LB
0.0,0.05048474393028453,0.038229375382619744,0.10902785027600172,-0.07623383209954072,0.2744528125605767,0.0072146738147048995,0.0,0.0
0.48319035379375824,0.0,-0.16538705507407175,-0.029318306146987827,0.0013524633340937001,-0.2946277245691772,-0.006475628680782232,0.0,0.0
0.0,0.11059303123977271,0.0,0.1860203910938333,0.21219556570326473,0.0,0.0,0.0,0.0
1.0475443526508232,-0.04011813679114797,0.10339069085687705,0.0,0.0025512168609332286,-0.09026839516319056,-0.05054279984335458,0.0,0.0
0.18790592397670944,0.12043104722141298,0.11748056008962128,-0.06808427648920971,0.0,0.10358307981551515,0.21042396297728858,0.0,0.0
0.042008443460848276,0.0,0.14949335826171858,0.031758141360232146,0.0,0.0,0.3597838537409372,0.0,0.0
-0.026384124436403002,0.07233415170363357,-0.045738463538945714,-0.12641518435255314,0.06228457870167043,0.19558867937151758,0.0,0.0,0.0
0.0,0.057536104353948646,-0.08636203252051407,0.18710048580400793,0.09831215508799855,0.47657667011683774,0.17684620376762808,0.0,0.0
0.0,0.5327450653438294,0.10513402093001627,0.45431236246154444,-1.0363312999556678,0.1292740912540167,-0.1398374196371317,0.0,0.0
