EGFR,PI3K_AKT,mTOR,MEK_ERK,PKC,TGFb-SMAD,STAT3,DPD_NC,DPD_LB
0.0,0.20594535873551048,0.0354410115459692,0.07374836735472551,-0.19860017431919896,0.7101920897859118,0.0,0.0,0.0
0.28277621385794854,0.0,-0.23680187360454275,0.46172142338845423,0.0,0.7527121368287333,-1.4700942432191655,0.0,0.0
0.0,0.0,0.0,0.0,0.3504242960882265,0.0,0.0,0.0,0.0
0.1656953377785195,0.26697531355022425,0.015553173341881875,0.0,0.0,0.5337746269490817,0.14678801915759657,0.0,0.0
0.2798311887544245,0.21617685105222925,0.0,0.0,0.0,0.0,-0.2868423431188,0.0,0.0
0.5243351486224634,0.0,0.0,0.0,0.0,0.0,0.0,0.0,0.0
0.14892193264741574,0.0,0.0,0.12785634048954725,0.0,0.0,0.0,0.0,0.0
0.0,-0.02688167209161135,0.0,0.12321727546282875,0.07159628277132957,0.34516904984291097,0.16763191034390043,0.0,0.0
0.0,1.2514395219315988,-0.03907469528003066,0.42256018499436615,-1.5284962613841062,-1.7555323133070546,0.32828295509958005,0.0,0.0
