EGFR,PI3K_AKT,mTOR,MEK_ERK,PKC,TGFb-SMAD,STAT3,DPD_NC,DPD_LB
0.0,0.6685995536229488,0.19374016063606558,0.2044997202594045,0.16762516196328414,0.5653081130037014,0.0,0.0,0.0
-0.1117128645160251,0.0,0.10501490243511642,0.03393666000370918,-0.002048101219145825,0.21044787437197082,0.006764393919628256,0.0,0.0
0.0,-0.004832008882921512,0.0,0.03834054456659,0.474663441584976,-0.000388875316197225,0.03916537233981975,0.0,0.0
0.13573607910542893,0.8048604181369325,0.000425454993488725,0.0,0.001539954830612525,0.0075102179773367745,-0.003388838652106325,0.0,0.0
0.09125910189257574,0.47600440232753,0.0,0.164498538675774,0.0,0.0,0.0,0.0,0.0
0.22347280677929202,0.0,0.0,-0.05245108905572125,0.0,0.0,0.21481135546101876,0.0,0.0
-0.10223204518361124,0.3076149105600825,0.0,-0.17568147365732115,0.0,0.7920415723396861,0.0,0.0,0.0
0.0,0.4512802724438445,0.15187370669644662,-0.14046029062686216,0.011553085323240174,0.33331824830429824,-0.569895175620788,0.0,0.0
0.0,-0.4968028151876112,-0.23457366340105573,0.7022259099417895,-0.3024814483515118,0.4700405399458195,0.08556542010045248,0.0,0.0
