EGFR,PI3K_AKT,mTOR,MEK_ERK,PKC,TGFb-SMAD,STAT3,DPD_NC,DPD_LB
0.0,0.0010655356982933128,0.026860145354515075,0.26728626093704516,0.0012512064608431344,0.3298930891386695,0.0017680267496768284,0.0,0.0
-0.05141766151845433,0.0,-0.11031637549478858,0.38075100464223344,0.0,0.1377146997317526,0.25028662742313706,0.0,0.0
0.0,0.3609865641647313,0.0,0.8344377980315433,-0.6631698106441132,-0.6924995978000146,-0.47706956143438145,0.0,0.0
1.2554724506754855,0.4943495077235903,0.09077868849104882,0.0,0.028671386104169857,-0.029971705079559853,-0.4729098725874407,0.0,0.0
-0.6356100008619237,1.318053464563987,0.67271284964522,0.34586736441654714,0.0,0.30843272630937424,0.0,0.0,0.0
0.5238101037043336,0.10571575221080728,0.0,-0.1451980836781827,0.0,0.0,0.4219374706985021,0.0,0.0
1.0115862739105104,0.03239004908730457,0.0,-0.23448044183429687,0.0,0.16246650256725756,0.0,0.0,0.0
0.0,0.29209330532859973,0.0,0.0,0.04476399212108685,0.14907203791921925,0.2383021021015347,0.0,0.0
0.0,9.786816750468143,1.0794708728019586,-0.6574910252018134,-0.40730181775821656,-5.970285657824211,-0.598059241305702,0.0,0.0
