EGFR,PI3K_AKT,mTOR,MEK_ERK,PKC,TGFb-SMAD,STAT3,DPD_NC,DPD_LB
0.0,0.0031550872636544286,-0.016079898461703428,0.25849289349676025,-0.03203412064711043,0.37672493357974357,0.0,0.0,0.0
-0.11492551918768609,0.0,0.02187948772799263,0.018239396276749625,0.0,0.13643117578115663,0.5578575619679488,0.0,0.0
-0.5127500356211759,-0.030049219613533462,0.0,0.19847363903682128,0.4762092479839364,0.0,0.0,0.0,0.0
0.603558675745813,0.018489369132781448,0.026080820304318797,0.0,0.0,-0.10707855468021257,0.13057939768891205,0.0,0.0
0.5568450150161859,0.1335615206929483,0.0,0.0,0.0,0.0,0.0,0.0,0.0
0.7378961622605898,0.013738016338640056,0.0,-0.17694462711091888,0.0,0.0,0.5375139143204992,0.0,0.0
0.6563553175239113,0.0,0.0,-0.19498591403666196,0.0,0.4411435458564886,0.0,0.0,0.0
0.0,-0.15426669056783687,-0.043370292936895,0.046865481572216,0.022921317521246428,0.5629669894228039,0.05672763237741139,0.0,0.0
0.0,-3.4361320900211347,0.17009553468958452,0.4518573744841193,-0.5009246478494223,19.28874926837011,-14.48398995715431,0.0,0.0
