EGFR,PI3K_AKT,mTOR,MEK_ERK,PKC,TGFb-SMAD,STAT3,DPD_NC,DPD_LB
0.0,0.1534234190454731,-0.006949908986237472,0.307591243027027,-0.05868108011168294,0.40969838641897927,0.0004229124420291429,0.0,0.0
0.7445968842817343,0.0,0.055270203804112426,-0.04009335453468935,0.0005260203978433714,-0.7243157870974138,0.4015734589858669,0.0,0.0
0.00018356653053844285,0.07030102583387272,0.0,0.5550766872890256,0.857688164637837,-0.49403591869462576,-0.0015086905406410858,0.0,0.0
1.3154076475825893,-0.08258570103173693,0.09226826398159406,0.0,-0.0002631273284897857,-0.7317016530289664,0.1609933133364609,0.0,0.0
0.14126298212531088,0.05906160762873371,0.05232197645377514,0.0,0.0,0.0,0.0,0.0,0.0
0.24596773424168686,0.0,-0.05386519572122457,0.0,0.0,0.0,0.1132331617588697,0.0,0.0
0.13451517424855144,0.0,-0.03591768722418314,-0.15566671895536058,0.08640466060780572,0.16205931958412573,0.0,0.0,0.0
0.0,0.18722998455877507,0.16975263425096257,0.09879046715377686,-0.04701637372168804,1.014790741848601,-0.40304550851200727,0.0,0.0
0.0,0.6859909912159458,0.06127768944881458,0.5980147118322743,-1.1005931184334155,-0.05056889453690113,0.8377137696098157,0.0,0.0
