EGFR,PI3K_AKT,mTOR,MEK_ERK,PKC,TGFb-SMAD,STAT3,DPD_NC,DPD_LB
0.0,0.14702349725091438,0.07632169018829207,0.35937795696157243,0.21607147144294098,0.20017414829492747,-0.01226018161449636,0.0,0.0
0.5466211472562479,0.0,0.11105206961270524,-0.171027892102348,0.008408394317997359,0.07416051847917296,0.1513763185014426,0.0,0.0
0.9263546499397013,2.204269569711131,0.0,-0.654444889962208,0.16628036682962527,0.84077733667414,-0.765077108634176,0.0,0.0
2.1742644147408727,-0.3428297497945855,-0.2882608944128066,0.0,0.0018149221085452427,-1.3332150730667638,0.2556741745271326,0.0,0.0
0.5200539913112651,-0.05287716954915359,-0.07041216237866758,-0.6120286939342325,0.0,0.10487576532610286,-0.17502543796483014,0.0,0.0
0.7117384394969832,-0.19121655929424056,0.006166131621959457,-0.22593377166573275,0.0015544110363596858,0.0,0.05245375017738171,0.0,0.0
-0.13390997810694175,0.507462152311045,0.002806956509076457,-0.14021165769018173,0.16424403010202576,0.10921892415205854,0.0,0.0,0.0
0.0,0.08052339946459242,0.0014543062335137088,0.032114010405808434,0.24063335591998886,-0.3246723074651988,-0.32858358605719784,0.0,0.0
0.0,2.0699253766385013,0.20581073712826128,0.5149221950094452,-1.2339759871801326,-0.4806797230003701,-0.9153265543047995,0.0,0.0
