EGFR,PI3K_AKT,mTOR,MEK_ERK,PKC,TGFb-SMAD,STAT3,DPD_NC,DPD_LB
0.0,0.052172246479599775,-0.0970387663915128,0.3379142577786837,-0.1748038649550387,0.05369985095589043,5.759359967024428e-06,0.0,0.0
0.10710227426409949,0.0,-0.2445443635570285,0.34054464894309866,-0.15052729343528096,-0.43134764021476457,0.1780125396157493,0.0,0.0
0.0,0.36195905076200985,0.0,0.21988534238174642,0.18422071776986002,-0.09701823728036343,0.081333775272049,0.0,0.0
0.6997884362236546,0.09392110612889304,0.01675531304318136,0.0,0.03634457575857493,-0.1942674379685256,0.3933933704025166,0.0,0.0
0.4243608408057574,0.18899451045513344,0.09446155155150529,0.0,0.0,0.06750422320744472,0.14234434533233545,0.0,0.0
0.48356831053165283,-0.15101735430060842,-0.06388759332770043,-0.09928465612273214,0.066371490341311,0.0,0.07127460766012314,0.0,0.0
-0.11795433848461356,0.0,0.09681943611880071,0.3722723886752149,0.34669675101111025,0.0,0.0,0.0,0.0
0.0,-0.02772999214481927,-0.04168989048764486,0.21556096205174718,-0.0061243196429556146,0.5890679874919762,0.16909305695298846,0.0,0.0
0.0,18.491684171422488,-6.852141635590563,1.8534087729568414,-46.83098898071226,-28.102478028090875,19.798276087794196,0.0,0.0
