EGFR,PI3K_AKT,mTOR,MEK_ERK,PKC,TGFb-SMAD,STAT3,DPD_NC,DPD_LB
0.0,-0.006754114441450125,0.0,0.4936008840296525,0.073888984521242,0.2557793879569444,0.0,0.0,0.0
0.8301534123741879,0.0,0.024582906907082508,-0.6115308697118782,-0.278019240259135,0.2391418891088595,0.24002199696119159,0.0,0.0
0.0,0.38136400890514155,0.0,0.48752168771527493,0.419668545522066,0.0,0.0,0.0,0.0
0.28500992321997337,-0.00113626486634945,0.0,0.0,0.0,0.6216574776673754,0.1108881815048496,0.0,0.0
-0.014800266645819016,0.17514647704589598,0.0,0.5737682030887358,0.0,0.0,0.3716927127120075,0.0,0.0
0.5147766315780196,0.0,0.0,0.1511994511899245,0.0,0.0,0.0,0.0,0.0
0.4090363568090227,0.0,0.0,0.16468860853297776,0.0,0.0,0.0,0.0,0.0
0.0,-0.2920491994485755,0.1952998629910545,2.7982024813355304,-0.02090681965271335,0.45791993537099374,-0.7873288735058075,0.0,0.0
0.0,0.47800902630801223,-0.3669601735819925,-0.7968619099748097,1.7263431923150536,-6.4920485140826525,4.483564079577165,0.0,0.0
