EGFR,PI3K_AKT,mTOR,MEK_ERK,PKC,TGFb-SMAD,STAT3,DPD_NC,DPD_LB
0.0,0.03177785905946209,0.20931277482537095,0.35636449041251705,-0.10447244155631394,0.3624588286330045,0.0,0.0,0.0
0.49043942416265457,0.0,-0.401022214765645,0.3670486320401682,0.46520903453981977,-1.2062881825156766,0.49498117630677013,0.0,0.0
0.9294466921441329,0.1444809416462494,0.0,-0.5414928581565341,0.3239040906899402,-0.8987395829799206,-0.56475249493311,0.0,0.0
0.6217265552085267,0.6271289775812819,-0.18496034770965247,0.0,0.00021485606332221428,-0.014382936496542589,0.1387388815633018,0.0,0.0
-0.022072771468518142,0.27974044958857924,0.10802431455345145,0.10946899118446214,0.0,0.0010364317533186286,0.2978635565808873,0.0,0.0
-0.2473533337554574,0.0,-0.3336645843307134,0.3334788162142723,0.0,0.0,0.13541087293414342,0.0,0.0
1.1025747975477442,0.06614998099831276,-0.00032600379652366365,-0.30337446485582803,0.0008055908180125,0.19986620903192634,0.0,0.0,0.0
0.0,-0.030760536196290395,-0.3402071051472097,0.45142739168552287,0.8704976812491136,-2.228455962533137,1.5869020810776135,0.0,0.0
0.0,0.030189353040200047,-0.6135689582897836,1.0189534702506733,-0.27237412103281394,-1.1414341029967987,0.1262396900867038,0.0,0.0
