EGFR,PI3K_AKT,mTOR,MEK_ERK,PKC,TGFb-SMAD,STAT3,DPD_NC,DPD_LB
0.0,0.07053224153735962,0.04964732140748977,-0.20421051524562156,0.05301536428446923,0.37392757027803947,0.0,0.0,0.0
1.4208717614542237,0.0,-0.19146114115274185,0.33320994233184276,-0.25979450565192536,0.24556321358974814,-0.43239059072651187,0.0,0.0
0.0,-0.009886927865956716,0.0,0.810041926832638,0.819600639281317,-0.8135884245975399,0.0,0.0,0.0
0.5438199162508347,0.011699678386946858,0.019222772810714658,0.0,0.0,0.3164655994437983,0.12669068698347735,0.0,0.0
0.20049149869288527,0.3024741207485569,0.04185044462902786,0.0,0.0,0.42298978149622435,0.0,0.0,0.0
0.13420542814569472,0.0,0.0,0.1315110615162194,0.0,0.0,0.3924878105406978,0.0,0.0
0.21550863593460212,0.0,0.0,0.3013150874078803,0.0,0.4112292958300355,0.0,0.0,0.0
0.0,-0.04055011503205391,-0.05895823139456064,0.225623966924866,0.12560633689501904,0.1343507773927583,0.3669375185835619,0.0,0.0
0.0,-0.27598866185266385,6.697691489736612,3.517678840656642,6.235419535250704,5.917696500872374,2.1568936046324976,0.0,0.0
