EGFR,PI3K_AKT,mTOR,MEK_ERK,PKC,TGFb-SMAD,STAT3,DPD_NC,DPD_LB
0.0,0.23374618361680682,-0.04143994271997478,0.3976883238445515,-0.3945723582408498,0.1758265410479091,-0.00167218067206145,0.0,0.0
0.00139250618665805,0.0,0.00722247001856645,-0.008047152328927725,0.0,0.12851148005663876,-0.01982544652040465,0.0,0.0
-6.3349132693475e-05,-0.12220310704383938,0.0,-0.0744127017210927,0.44789829567996853,-0.025542729669468474,-0.4092425460421872,0.0,0.0
0.4581686600720942,-0.08767999399329632,-0.07017467918100755,0.0,0.000276611707506325,0.239276240523718,0.3897365377454902,0.0,0.0
0.339257693040959,0.13961304039629774,0.0,0.0,0.0,0.4329084057731925,0.0,0.0,0.0
0.20928351902867526,0.0,0.0,0.10027792754172525,0.0,0.0,0.3971681372869625,0.0,0.0
-0.3770400078798795,0.0,0.0,0.15817425572298827,0.0,0.4578629631852492,0.0,0.0,0.0
0.0,0.016234296296833175,-0.0003088372010875954,0.16314782980804127,0.1085109082066667,-0.00579794195185025,0.3063658420255263,0.0,0.0
0.0,1.1313986279978965,-0.16455865333981973,0.24726063029724074,-1.4044433527576976,-0.47325547325582024,1.0559577071404829,0.0,0.0
