EGFR,PI3K_AKT,mTOR,MEK_ERK,PKC,TGFb-SMAD,STAT3,DPD_NC,DPD_LB
0.0,0.212414083009845,0.10786053074692423,0.44529695099515926,0.2734978858742505,0.27257211754712707,-0.040397830400511155,0.0,0.0
0.5763113366771772,0.0,-0.05315377347049155,-0.17764846303776474,0.04665048684717968,0.16705332269207274,0.12480967429799504,0.0,0.0
0.6435744391481506,2.233318159490227,0.0,-0.07851111716298897,0.20889231561887334,-0.3148266702629199,0.012684773506584625,0.0,0.0
2.314529429529835,-0.49203550066157126,-0.29466566879833284,0.0,0.005654700255830675,-1.868809081474321,0.512432412741209,0.0,0.0
1.1925362715273788,-0.09253504671101878,-0.12322128416266828,-1.071050214384907,0.0,-0.083189808778095,-0.09781530707452275,0.0,0.0
0.6473855889021297,0.006067467957281525,0.01079073033842905,-0.2240612883859418,0.00272021931362945,0.0,0.09179406281041799,0.0,0.0
-0.9683113774123988,0.8880587665443287,0.0049121738908838,0.2206265907794815,0.011244337819657575,0.60793711133651,0.0,0.0,0.0
0.0,0.24228696143864925,-0.177628271529702,-0.019668259715449474,-0.16707649277518938,-0.21776731866440974,-0.04589444128101548,0.0,0.0
0.0,2.7010796143581364,0.519306256509919,0.7909317806872103,-1.3604778315294503,-1.4311315212149789,-1.4941272685232878,0.0,0.0
