EGFR,PI3K_AKT,mTOR,MEK_ERK,PKC,TGFb-SMAD,STAT3,DPD_NC,DPD_LB
0.0,0.12546765524231773,0.033711859255441325,0.00023029834792615,0.0,0.57788920415975,0.0,0.0,0.0
0.2650453738084892,0.0,-0.11150802046105075,0.0,0.0,-0.004980086523262248,0.4204403051808312,0.0,0.0
0.0,0.345339776069166,0.0,0.07552339592878674,0.24475986606140607,0.0,0.0,0.0,0.0
0.814809751419216,0.3395103849473107,0.05879020647567993,0.0,0.0,-0.29457824861325166,-0.025114953451736872,0.0,0.0
1.5096818394469698,-0.6145885354648475,0.139140283264897,0.0,0.0,0.0,0.0,0.0,0.0
0.9886097059551786,0.0,0.0,0.0,0.0,0.0,0.0,0.0,0.0
0.5591343062586422,0.0,0.0,0.28976593749601226,0.0,0.0,0.0,0.0,0.0
0.0,0.048504494541981275,0.20664163403021524,0.08949504515224967,-0.022277091120365595,0.05787330648679574,0.5026583668052497,0.0,0.0
0.0,-0.258815391336353,-0.22811910684172781,0.23178678654393725,-0.16174301004731104,-0.25811616767583123,-0.5513294661490825,0.0,0.0
