EGFR,PI3K_AKT,mTOR,MEK_ERK,PKC,TGFb-SMAD,STAT3,DPD_NC,DPD_LB
0.0,0.030780567331023783,-0.005221136453179171,0.6503218591597726,0.03867077220974712,0.1308294983398535,0.0,0.0,0.0
1.3873403368759072,0.0,-0.23963233281202045,-1.231122312554635,0.0,0.11620714103761029,0.016804605547647216,0.0,0.0
0.0,1.0108904288543767,0.0,0.4881400879162919,0.7283348720091062,-0.5168869796666685,-0.41078720107556144,0.0,0.0
0.24641367245185955,-0.10994974162239037,-0.05860700567471986,0.0,0.0,0.7275667214941672,0.13865539540574873,0.0,0.0
0.390540295001217,0.3142857348526214,0.06729545710453,-0.026432187808018145,0.0,0.22178182022030285,0.0,0.0,0.0
0.3864064156794554,0.0,0.0,0.008637046846123249,0.0,0.0,0.316301085369334,0.0,0.0
0.141407930801174,0.25374651558163425,0.0,0.004143236494176485,0.0,0.3011056870122632,0.0,0.0,0.0
0.0,-0.07737675132101607,0.02403334696472845,7.133517449338572e-05,0.004894826848914286,-0.05444684312806364,0.7905399669189034,0.0,0.0
0.0,-0.27589176343381994,-0.080276949735182,8.368957041992621,6.374539177957796,-10.736827309489966,-4.827881038830625,0.0,0.0
