EGFR,PI3K_AKT,mTOR,MEK_ERK,PKC,TGFb-SMAD,STAT3,DPD_NC,DPD_LB
0.0,0.23421230773894075,-0.0215903083980851,0.6474014739942345,-0.37897928555414523,0.46399321427743956,0.0,0.0,0.0
0.8045467209778735,0.0,0.058481265991440275,-0.16668360453535802,0.0,-1.0161501885963617,0.089993354119349,0.0,0.0
0.0056613594446538,0.15417753925663497,0.0,-0.23899406635076798,0.9935966937752655,0.0,0.0,0.0,0.0
0.13188536236331574,0.0975116137025775,0.01187536080121285,0.0,0.00087886044454395,-0.20082269982032075,0.011185054210053174,0.0,0.0
0.1761081535416425,0.15635445186408076,0.0,0.0,0.0,0.0,0.0,0.0,0.0
0.12109201136330724,0.0,0.0,-0.109067320667258,0.0,0.0,0.0,0.0,0.0
0.08024861275021403,0.111612131415708,0.0458098770118285,0.5378193564098606,0.032816523955951,0.0,0.0,0.0,0.0
0.0,0.0021167619833966,-0.00254066346837945,-0.0024410550475202,-0.003907412002857725,0.1952926374782405,0.09645102804614433,0.0,0.0
0.0,-0.24750836803814202,2.4347614092317365,4.470614430346515,1.8167037609293775,1.8470577504767198,-6.934733303239851,0.0,0.0
