EGFR,PI3K_AKT,mTOR,MEK_ERK,PKC,TGFb-SMAD,STAT3,DPD_NC,DPD_LB
0.0,-0.0461582092678985,0.01169355787723575,0.0534849678256761,-0.14726742655615377,0.261561585175482,0.0,0.0,0.0
-0.23041484735659476,0.0,0.015917082255595023,0.09841941821048825,0.0,0.42888383791231754,-0.03862094103493399,0.0,0.0
0.0,1.6106385169337778,0.0,0.5577853203173413,0.0500723845273755,0.0,0.0,0.0,0.0
-0.1540604513291254,0.08478075665815377,0.0219015576009187,0.0,0.0,1.229662622979575,-0.1937519982442631,0.0,0.0
0.2616759197258475,0.0,0.0,0.0,0.0,0.0,0.6031746208225975,0.0,0.0
0.16799353232480824,0.0,0.0,0.0,0.0,0.0,0.193124492309909,0.0,0.0
0.23583216040818675,0.0,0.0,0.0,0.08546277981033025,0.2790153204408225,0.0,0.0,0.0
0.0,-0.23724869043901475,0.08358835733386025,0.0750617239107445,-0.018388319002890008,0.5780633951209728,0.4531574822959873,0.0,0.0
0.0,0.557212607529793,0.15767528886105253,-0.47773714459452354,-2.0469793060822647,1.9058176069043158,-0.23661829443010274,0.0,0.0
