EGFR,PI3K_AKT,mTOR,MEK_ERK,PKC,TGFb-SMAD,STAT3,DPD_NC,DPD_LB
0.0,-0.117418421988359,0.0,0.47809567656684826,-0.04277408552158025,0.3320706345284332,0.0,0.0,0.0
-0.006291013970568998,0.0,0.0,0.2690589325636589,0.0,0.0,-0.0053051750520364,0.0,0.0
0.0,0.0,0.0,-0.131167098746166,0.6515328338006993,0.0,-0.67453048891371,0.0,0.0
0.35440528712276076,0.019181019252733224,-0.0014084677484098,0.0,0.0,0.0,0.388659319906995,0.0,0.0
0.23083749641438178,0.0,0.0,0.0,0.0,0.0,0.0,0.0,0.0
0.519559231895087,0.0,0.0,0.1295446611122155,0.0,0.0,0.0,0.0,0.0
0.38077193721144975,0.0,0.0,0.173894666137976,0.0,0.0,0.0,0.0,0.0
0.0,0.05229494628206999,-0.14924892379265575,1.747330768903551,0.3198649956077487,-0.1939567226190545,-1.4120890801087393,0.0,0.0
0.0,-0.22740213582636,-0.23672699520020046,0.9459315793963882,0.2525425477903176,0.62457301542202,0.8280749280410025,0.0,0.0
