EGFR,PI3K_AKT,mTOR,MEK_ERK,PKC,TGFb-SMAD,STAT3,DPD_NC,DPD_LB
0.0,0.16039399441075228,0.052068079247245755,0.23737428371133323,-0.09402361391009632,0.11051383197850616,0.0045952471757791285,0.0,0.0
0.7367095278514592,0.0,-0.3039502416788159,-0.08337654557524574,0.0,-0.7984069017450484,0.43355400466827276,0.0,0.0
0.0,0.06501473747615828,0.0,-0.013517415474283001,0.1579107340157393,0.0,0.0,0.0,0.0
1.2277504274494075,-0.041155298654811254,-0.24153581288948772,0.0,0.109836773877019,-0.03090631420614612,0.2754004705494615,0.0,0.0
0.685535989311491,0.0,0.0,-0.07193158561229515,0.0,0.0,0.0,0.0,0.0
0.24038089317021613,0.0,0.0,0.06581246878248444,0.0,0.0,0.09714208034174414,0.0,0.0
0.7400397999890422,0.0,0.0,-0.29539986360799386,0.0,0.3164820518821157,0.0,0.0,0.0
0.0,-0.046760273170722275,-0.01649628518729613,-0.051855366401372165,-0.014745637052677322,0.6138859732105864,0.44812486919341804,0.0,0.0
0.0,0.29282790777557544,-0.007270872345392611,0.25642893747551443,-0.5216924903012268,0.05357215281106061,0.6840494280466779,0.0,0.0
