EGFR,PI3K_AKT,mTOR,MEK_ERK,PKC,TGFb-SMAD,STAT3,DPD_NC,DPD_LB
0.0,0.05332133801971387,0.056919835678586946,0.10671127312320376,-0.02285111267456454,0.5345028059795472,0.0,0.0,0.0
-0.0005065657632541488,0.0,-0.1476536275320517,-0.12393897980879207,0.0,0.5343795711552674,0.05827777011227272,0.0,0.0
0.14686005172768285,-0.03597396291472394,0.0,-0.029536084879172857,0.45712845224756443,-0.07238858649182874,0.0,0.0,0.0
0.5169843650723467,0.07833321478381002,0.11107507492236005,0.0,0.0,0.08530769953961936,0.16493759771298352,0.0,0.0
0.22818074766015428,0.25085213188727373,0.0,0.0,0.0,0.18193407354856145,0.0,0.0,0.0
0.6296453080028221,0.0,0.1433246249343257,0.03235261653051113,0.0,0.0,0.0,0.0,0.0
0.7275198381170311,0.0,0.0,-0.26011396184079416,0.0,0.22084367021390713,0.0,0.0,0.0
0.0,-0.7815449699693466,-0.46848905494080284,0.779338375242759,1.5019519866334772,-0.17355501499872425,-0.6325775717025273,0.0,0.0
0.0,0.1328989429006666,0.17391764717896852,0.067228881328595,-0.17056308929718772,0.5958862165502307,-0.2559879564606768,0.0,0.0
