EGFR,PI3K_AKT,mTOR,MEK_ERK,PKC,TGFb-SMAD,STAT3,DPD_NC,DPD_LB
0.0,0.039060524566974765,-0.0008562601780142714,0.9434604374623198,-0.040887672155790415,-0.28709196012817856,0.0,0.0,0.0
0.41828204039821265,0.0,0.27024319597412944,-0.4145727053230322,0.6248249774260743,-0.010897637910515108,-0.08881643279965108,0.0,0.0
0.0,0.250525571824137,0.0,0.526331156157693,0.32141394974883347,-0.5048835625304614,0.0,0.0,0.0
0.44590673087016686,0.004562775276223082,0.04898237538008578,0.0,5.6761041990099997e-05,0.04911416540552064,0.09793062668079257,0.0,0.0
-0.10656999510340755,0.07140665155664672,0.0,0.18585288952490284,0.0,0.0,0.0,0.0,0.0
0.25021197604813744,0.0,-0.08140275765584358,-0.013599773598018703,0.0,0.0,0.13715560917479028,0.0,0.0
-0.18418677975510492,0.0,0.06271538180709571,0.2983927435960541,0.0,0.26796975532651546,0.0,0.0,0.0
0.0,0.2564676183933948,2.744529865688668,0.7214615972011267,-0.41721759655919083,1.6897510599356251,1.3554531989007752,0.0,0.0
0.0,0.223808811906207,0.5316106839299238,3.92010805503602,-0.044976829603055914,-5.107770092138744,2.5202716686125135,0.0,0.0
