EGFR,PI3K_AKT,mTOR,MEK_ERK,PKC,TGFb-SMAD,STAT3,DPD_NC,DPD_LB
0.0,-0.03629820257760861,-0.036077677476779604,0.1178336546799592,0.009335031640518144,0.07646035282955313,0.03686309572319469,0.0,0.0
-0.02448838623790944,0.0,-0.012450482394196773,0.015507852087075584,-1.6463573453414286e-05,-0.004016573296891154,0.006981458861395201,0.0,0.0
-0.2305322546931394,-0.09555611914409885,0.0,0.43937708313954343,1.0126538759085855,-0.28974380122378535,-0.00013437301921944285,0.0,0.0
0.6977965928176996,0.21741480181147507,0.03741895621799028,0.0,0.0,0.42940212159992325,0.12376615035844694,0.0,0.0
0.10139090647190703,0.20706093825482727,0.0,0.10965998778488714,0.0,0.35651228943684427,0.0,0.0,0.0
0.5277717465657185,0.0008481008264262286,-0.02767419938587586,-0.014199681317230749,-0.00030620618244484287,0.0,0.0,0.0,0.0
0.1763917847569402,0.313533411504896,-0.08320304148975853,0.05860830816171176,-0.5451418347958346,0.6786260930913185,0.0,0.0,0.0
0.0,0.5525597284934843,0.08481462336594868,0.0747006188586016,0.11875654554807505,0.06067930253394952,-0.12325691126114877,0.0,0.0
0.0,2.113011164274385,0.14725633778474467,0.19177119627593228,-2.6770132940263176,0.28226589657382944,-0.4961115184869297,0.0,0.0
