EGFR,PI3K_AKT,mTOR,MEK_ERK,PKC,TGFb-SMAD,STAT3,DPD_NC,DPD_LB
0.0,0.05042078281603548,-0.04073406056216141,0.15163038665476133,-0.04250354680231193,0.497297860363292,0.0002569303008399,0.0,0.0
0.6211045504651906,0.0,-0.1538831658067275,-0.25547135637282486,0.0,-0.6795336729988426,0.13118691801446372,0.0,0.0
-0.5801317285282942,-0.02084730343485757,0.0,0.47725696426486885,0.48305237600252543,0.0,0.20844312363609,0.0,0.0
1.3188299124698524,-0.016887483453938725,0.2122791220592503,0.0,0.0,-0.3540739090822436,-0.287519008849774,0.0,0.0
0.3212635216942277,0.19699692900428997,2.0035817947499998e-05,0.2600328540657772,0.0,-0.28516551149682573,0.0,0.0,0.0
0.6661629799713332,0.0,0.0,-0.03950786394627286,0.0,0.0,0.07059906792319671,0.0,0.0
-0.38972532215920896,0.0,0.05074161544685769,0.010451802916270311,0.24811760313235837,0.5237134485336343,0.0,0.0,0.0
0.0,-0.34513561916805785,0.18028758237750866,0.397506815072258,0.6397448107618339,-0.4275973299507819,0.23461543420677664,0.0,0.0
0.0,0.29652587165817845,-0.23397038383549942,0.36821348879484467,-0.10741684765449364,-0.5634959801488935,0.02201755397131985,0.0,0.0
