EGFR,PI3K_AKT,mTOR,MEK_ERK,PKC,TGFb-SMAD,STAT3,DPD_NC,DPD_LB
0.0,0.166503077388031,0.19800947585730266,0.18593693045380194,-0.182820771615476,0.10938091170698525,-0.0125911641904068,0.0,0.0
0.9702874601547842,0.0,-0.09625779563241076,-0.323732637931397,0.0,-1.1527973978860715,-0.11393845585961775,0.0,0.0
0.0,-0.052392947572545756,0.0,0.46561252333882275,0.7566066461064975,0.0,0.32032085566056,0.0,0.0
1.1726425031889436,0.09365356152385672,0.10788794011013952,0.0,0.0,-1.6131486843447767,0.22575275865104671,0.0,0.0
0.5108159103182452,0.279605650291033,0.0,0.0,0.0,0.0,0.0,0.0,0.0
0.0,0.0,0.0,0.0,0.0,0.0,0.0,0.0,0.0
-1.4128690058167401,0.4630945637271245,0.0671310834550615,0.0534750109644222,-0.5404544621670282,0.0,0.0,0.0,0.0
0.0,-0.027966130382033695,0.6424944766022564,0.14732223589694998,0.16188718326693602,-0.9408110809844641,-0.3595191326596586,0.0,0.0
0.0,16.77269684779645,5.09999321556144,-9.923664084154144,-20.326017907040164,59.91846719042477,-17.08493134411805,0.0,0.0
