EGFR,PI3K_AKT,mTOR,MEK_ERK,PKC,TGFb-SMAD,STAT3,DPD_NC,DPD_LB
0.0,0.2148735355496775,-0.16112314108505962,0.651343433860143,-0.7049998952367518,-0.10079551155868649,0.0001222270221504,0.0,0.0
-0.0071679876584441,0.0,-0.003258142644921,0.030957417953252,0.0515970496937105,-0.018080557160218825,0.0014400070796839,0.0,0.0
-8.509475491405e-05,0.013283895481110704,0.0,0.315949822654634,0.7042269186749852,0.0,0.000468525555784325,0.0,0.0
0.19807370571705651,-0.35862631286024116,-0.03844032379311215,0.0,0.0,-0.0401740023694564,0.379809144210163,0.0,0.0
0.0,0.225539443345552,0.0,0.0,0.0,0.0,0.2069168161387035,0.0,0.0
-0.22762584272691216,0.0,-0.13549886404579425,-0.015874559206411995,0.0,0.0,0.3004243870067025,0.0,0.0
0.7362989801124283,-1.6191141949884003,-0.16662619974373297,-0.7985817774861672,0.533760807738191,-0.4817151976159203,0.0,0.0,0.0
0.0,0.0761128106000408,0.08804169871157275,0.13516073786494107,0.40925559477512247,-0.1615159601699898,0.27601455046181905,0.0,0.0
0.0,0.888363710671345,-0.031474066581973756,0.5031768369286802,-0.37716985227947697,-1.0126728195367898,-0.050766950728488296,0.0,0.0
