EGFR,PI3K_AKT,mTOR,MEK_ERK,PKC,TGFb-SMAD,STAT3,DPD_NC,DPD_LB
0.0,-0.026169383202255654,0.052720766273288915,0.1671394463987654,-0.040984686239116934,0.7808686038563104,0.005584767737811114,0.0,0.0
-0.008845438289264302,0.0,0.11141666736156583,0.04498864609917814,0.005636360227366272,0.00610037053828129,0.3824945633145512,0.0,0.0
1.2810826809775246,-0.414145987522066,0.0,-0.407869168040074,0.11120717783645288,-0.2562245940628406,-0.1553206500174134,0.0,0.0
0.35413423768875896,0.1762740951733018,0.3704939385048723,0.0,-0.0031176047562264,-0.4440268468909414,0.4514383575727291,0.0,0.0
0.47198025928612786,0.3694013216382323,0.0,0.0,0.0,0.0,0.0,0.0,0.0
0.6557626306620508,0.0,0.0,-0.07681808758935957,0.0,0.0,0.04581083255105014,0.0,0.0
-0.007859913694879912,0.4902467215442024,-0.6047155819205806,0.2296733594729077,-0.3701937326148214,1.1880814680331828,0.0,0.0,0.0
0.0,13.732161665246815,-10.991055436700103,0.9421039054007682,2.059275775340896,7.3467268729277375,-7.139081635214688,0.0,0.0
0.0,0.6175836133894912,0.9450847271296029,1.0890151236094539,4.418026778628269,-0.2048198646442965,-0.8666180509986688,0.0,0.0
