EGFR,PI3K_AKT,mTOR,MEK_ERK,PKC,TGFb-SMAD,STAT3,DPD_NC,DPD_LB
0.0,0.0596746673557505,0.030058523499510176,0.06429648104674425,0.0,0.35350856227524835,0.0,0.0,0.0
0.09770982814045452,0.0,0.009090417736107175,-0.004977288695836475,0.0,0.19919365187281252,-0.019460328465940223,0.0,0.0
0.0,0.275716660039293,0.0,0.12381389751986474,0.111868236291393,0.0,0.0,0.0,0.0
0.429504166223188,0.032054290040451676,0.013256373725162748,0.0,0.0,0.30087666986211264,0.501270513550402,0.0,0.0
-0.21825088819609825,0.098204156607011,0.21185389175860325,0.0,0.0,0.0,0.0,0.0,0.0
0.0,0.0,0.0,0.0,0.0,0.0,0.0,0.0,0.0
0.0,0.0,0.1250028518327075,0.0,0.0,0.0,0.0,0.0,0.0
0.0,0.293358517230063,0.294748215053557,0.02392964460595305,0.0,0.3883044099102555,-0.23530966275916923,0.0,0.0
0.0,0.07964588719261124,0.026085116789440504,0.1612701007647495,-0.07699431619148007,0.9447772513146375,-0.015109352598676289,0.0,0.0
