EGFR,PI3K_AKT,mTOR,MEK_ERK,PKC,TGFb-SMAD,STAT3,DPD_NC,DPD_LB
0.0,0.662619599486173,0.22952876004288186,0.2898327220383693,0.12879322453019196,0.29933934262901524,0.0,0.0,0.0
-0.0012258919246303432,0.0,0.16199762959984715,-0.01095481164288167,-0.0011790217546653193,0.028523824274152083,0.07193869601296543,0.0,0.0
0.0,0.27355019138467274,0.0,0.07654262107360472,0.4179632494857418,-0.00022221446639841428,0.022380212765611286,0.0,0.0
0.3985569923428866,0.447563224099837,0.0002431171391364143,0.0,0.0008799741889214429,-0.09737819493730114,0.04935325044074953,0.0,0.0
0.34559741501145885,0.2720025156157314,0.0,0.09399916495758513,0.0,0.0,0.0,0.0,0.0
0.03534503946896001,0.0,0.0,0.016561711743921428,0.07258832310772871,0.0,0.46790105460121534,0.0,0.0
-0.06165080593664201,0.5264444621938614,0.0,-0.14277231950653071,-0.05220589804195871,0.6980490773648594,0.0,0.0,0.0
0.0,0.5545820489304875,0.19376245701417721,-0.1711796615215168,0.05858631512932429,0.43142213792092454,-0.4927728296259216,0.0,0.0
0.0,0.8645294349364469,-0.20636343265302526,0.7226202420924547,-0.6352931127557743,0.08786554089439515,0.11930178099892352,0.0,0.0
