EGFR,PI3K_AKT,mTOR,MEK_ERK,PKC,TGFb-SMAD,STAT3,DPD_NC,DPD_LB
0.0,-0.009143938316152025,-0.10869957375301886,0.1877133791731165,-0.033167795351639245,0.07818580955260392,0.0,0.0,0.0
0.503119516180554,0.0,-0.416309299136079,-0.0669841583932695,0.0,-0.2595998469185402,0.07879085363445126,0.0,0.0
0.0,0.0,0.0,0.18418104432344024,0.2833136875238745,0.0,0.0,0.0,0.0
1.0545120888589885,-0.0553386362860477,-0.004870505968804756,0.0,0.00502770747645085,-0.05784039415412426,0.24075764128183497,0.0,0.0
0.267541743522045,0.10630572180674625,0.0,-0.119147483856117,0.0,0.0,0.368241935210255,0.0,0.0
0.2620744411313928,0.0,0.2616133769580075,-0.0736104821158635,0.0,0.0,0.0,0.0,0.0
-0.18945678327432375,0.12658476548135875,-0.21726820967026175,-0.06287851865531675,0.10899801272792325,0.0,0.0,0.0,0.0
0.0,0.14412067457719693,0.08260016879280482,0.2544995033172433,-0.21927062759388302,0.18869720363060224,0.618108073789044,0.0,0.0
0.0,0.7381957309238157,-0.28334216359703573,0.482778877803821,-1.4904550544969477,0.31604178247071524,-0.147317234168909,0.0,0.0
