EGFR,PI3K_AKT,mTOR,MEK_ERK,PKC,TGFb-SMAD,STAT3,DPD_NC,DPD_LB
0.0,-0.02626597690652125,0.03195249124305447,0.23219550940851869,-0.02551793687561653,0.6888543156673718,0.0,0.0,0.0
-0.5458013295721732,0.0,0.20288129620289028,0.2622384334652687,0.0,-0.04268289728196542,0.579274186603116,0.0,0.0
-0.4512917289339192,0.25412341534667826,0.0,0.635617484125631,0.467720890140483,0.0,0.0,0.0,0.0
0.12569125331744524,0.2513802529938825,0.04651578979261024,0.0,0.0,0.580399357319807,0.5023669257221397,0.0,0.0
0.4940124941719658,0.0,0.0,0.0,0.0,0.4798665230690425,0.0004917160941122,0.0,0.0
0.62317907666294,0.0,0.0,0.18559103142129274,0.0,0.0,0.0,0.0,0.0
0.3279705164519292,0.0,0.0,0.40013360188477853,0.0,0.0,0.0,0.0,0.0
0.0,1.7238776757671215,1.6432450018346918,2.2729115178871755,-1.3469390181349379,3.170194683289142,-2.696681886943449,0.0,0.0
0.0,0.9604663811379995,0.10730882363890203,-0.23558687961250901,-0.18145533138359676,-0.3193081588674347,0.0845614913103603,0.0,0.0
