EGFR,PI3K_AKT,mTOR,MEK_ERK,PKC,TGFb-SMAD,STAT3,DPD_NC,DPD_LB
0.0,0.032682179460985825,-0.0903334266309265,0.21165496638962733,0.07837628853420493,0.7384200834778132,0.0,0.0,0.0
-0.10471534947537975,0.0,-0.08148248976204177,0.09501186437320208,0.35625711693163375,-0.42845404543463744,0.20027245972793228,0.0,0.0
0.0,0.312532775830072,0.0,-0.05487854727053625,-0.017535118950301756,0.6747240153866875,0.0,0.0,0.0
0.043201684906249455,0.17934778095128742,0.17061328938943846,0.0,0.0,0.5608921249400678,-0.02378904426893653,0.0,0.0
0.4208288801790037,0.436625048212298,0.0,0.0,0.0,0.0,0.31565938513824,0.0,0.0
0.494977099801147,0.0,0.0,0.0872040665954635,0.0,0.0,0.0,0.0,0.0
0.5109993067575642,0.0,0.0,-0.03504184426987124,0.0,0.0,0.0,0.0,0.0
0.0,0.0,0.0,0.5655285412366693,0.08347117825190975,0.04383016897246451,0.02752616444697335,0.0,0.0
0.0,4.464697928398395,-1.6385736941532865,-11.44539649802873,-6.902092539092117,21.569906046194408,-10.541170649259124,0.0,0.0
