EGFR,PI3K_AKT,mTOR,MEK_ERK,PKC,TGFb-SMAD,STAT3,DPD_NC,DPD_LB
0.0,0.09878279176633871,0.0353887231683084,0.05840994202073672,0.0017007485464237565,0.12045201752225325,0.0,0.0,0.0
1.91528208979306,0.0,-0.22724887698191618,0.24772639047693149,0.0,0.25345327153251435,-0.10654510436205016,0.0,0.0
-0.12519062168578662,0.07128238848221628,0.0,0.9930418283233079,0.7405244551781622,-0.5199577920967414,0.0,0.0,0.0
-0.05117627558383645,-0.0006091408704712864,0.08957803698960734,0.0,0.0,0.32150263459375267,0.0710663601948315,0.0,0.0
-0.6228376391477779,0.7690555544220581,0.08941182941829572,0.03540696818023557,0.0,0.0,0.0,0.0,0.0
0.03447862991499986,0.0,0.0,0.0,0.0,0.0,0.129786960275032,0.0,0.0
0.04296717280311443,0.0,0.0,0.0,0.0,0.2841334201919553,0.0,0.0,0.0
0.0,0.06828023716990701,-0.0005536944657178,0.11364188692766916,0.05569906180938,0.009413400917421058,0.02616460373818664,0.0,0.0
0.0,0.9762061763150641,3.2122059150949362,0.38600021930097583,-1.5882404959753937,19.391005560287102,-12.11355688057438,0.0,0.0
