EGFR,PI3K_AKT,mTOR,MEK_ERK,PKC,TGFb-SMAD,STAT3,DPD_NC,DPD_LB
0.0,-0.0002189670290872,0.13539005014774466,0.09772254518604928,-0.0366372138602044,0.2641547717676979,0.0,0.0,0.0
0.5203132645936788,0.0,0.10380392113611095,0.0013872240594032526,0.0,0.1850183510631615,0.5059601067318177,0.0,0.0
0.0,0.9171186442578753,0.0,0.0,0.3074624119925302,0.0,-0.450992420969225,0.0,0.0
1.4661729344751704,-0.4849604830655775,0.004707647317493752,0.0,0.20783558911275124,-0.3139741558006845,0.69155758722454,0.0,0.0
1.5540860928065547,0.0,0.0,0.0,0.0,0.0,0.0,0.0,0.0
0.3099765782404875,0.0,0.0,-0.04329431807347675,0.0,0.0,0.0,0.0,0.0
0.49337170438350497,0.0,0.0,-0.03679893574562775,0.0,0.4107433233826375,0.0,0.0,0.0
0.0,-0.0034706894604101253,0.09480612582048413,0.0992166987748951,0.17359868585688526,0.34417413002213176,0.36410820378350417,0.0,0.0
0.0,4.698155814009353,0.6330455735652197,2.2902875210347355,-3.970257985622121,1.8973392835695528,-1.3252102934174783,0.0,0.0
