EGFR,PI3K_AKT,mTOR,MEK_ERK,PKC,TGFb-SMAD,STAT3,DPD_NC,DPD_LB
0.0,0.06619176011505966,-0.04416782882930016,0.15867148544174098,0.047309324668405525,0.014016683873977476,0.05329768617974779,0.0,0.0
-0.3040928037796274,0.0,-0.021187406684772103,0.051244314475408295,0.0,0.20464693395018982,-0.022950126568087995,0.0,0.0
-0.40058053818899947,0.23828644108767075,0.0,0.583075086935291,1.0825357336584749,-0.5070516521416244,0.0,0.0,0.0
0.9440936437502258,0.1609730992396332,0.0801302929643543,0.0,0.0,0.24738242884341713,0.17403010093555943,0.0,0.0
0.12631129512167028,0.03027451266199525,0.0,0.1919049786235525,0.0,0.27911596400479,0.0,0.0,0.0
0.6559246233538353,0.0014841764462459,-0.04842984892528275,-0.1588082450180478,-0.000535860819278475,0.0,0.0,0.0,0.0
-0.25385189367610217,-0.138648352819052,-0.14560532260707743,0.12238417592154811,-0.434786635521863,0.254963931136335,0.0,0.0,0.0
0.0,0.45756380922873274,0.1416026884346955,0.051863830808781625,0.17854271190694246,0.23491243514685423,-0.059341200662897546,0.0,0.0
0.0,0.7278034398386397,0.15153335394198972,0.21458137685918524,-0.9675087059083426,0.40858026768076827,-0.01074211041169855,0.0,0.0
