EGFR,PI3K_AKT,mTOR,MEK_ERK,PKC,TGFb-SMAD,STAT3,DPD_NC,DPD_LB
0.0,0.13030080587155016,0.017427765339836282,-0.015679295116285324,-0.15795934884464133,0.6283408917468075,2.197188005107755e-05,0.0,0.0
0.20580717704827833,0.0,0.026787086607623176,-0.06986745232160024,0.0,-0.4358373458391527,-0.06909895678757096,0.0,0.0
0.0,0.0,0.0,0.1838192427537475,0.7478451599308715,0.0,0.0,0.0,0.0
1.3770130434196726,-0.09256267201578924,0.028390574283064827,0.0,0.0,0.32498303212255525,-0.7332936477164578,0.0,0.0
0.2708321416812133,0.0,0.0,0.0,0.0,0.4311299408522625,0.0,0.0,0.0
0.5832886056053923,0.0,0.0,-0.03773052403012875,0.0,0.0,0.0,0.0,0.0
0.3677765769581848,0.0,0.0,0.0,0.0,0.0,0.0,0.0,0.0
0.0,-0.14282799929104828,0.6250170306917225,-0.940010374620189,-0.4024292030468665,-0.48905449217566505,0.580676890637161,0.0,0.0
0.0,0.4372751240518865,0.26911154910463475,-0.261067524892201,-1.1436481542522825,0.12102213359941948,-0.1471986719832185,0.0,0.0
