EGFR,PI3K_AKT,mTOR,MEK_ERK,PKC,TGFb-SMAD,STAT3,DPD_NC,DPD_LB
0.0,0.24930730523467273,-0.08438147519777149,0.04976599897912072,-0.26201214406298723,0.6694252200006449,0.0,0.0,0.0
0.5670528057925893,0.0,-0.09116482819219796,-0.2519683906268493,0.0,-0.12902953346941914,0.201944146031837,0.0,0.0
-0.03886006724770114,0.19281808161827327,0.0,0.13393549412890743,0.37599667123120056,0.0,0.0,0.0,0.0
0.8552844186980296,-0.009192735274664656,0.07284827906284581,0.0,0.0,-0.033855607332132116,-0.04360700948618233,0.0,0.0
0.200646834150695,0.15468817996084314,0.0,0.041417665812166146,0.0,0.0,0.04572688726421286,0.0,0.0
0.09196653455287829,0.0,0.0,0.05592731010764014,0.0,0.0,0.40392077453540814,0.0,0.0
0.23635626576172789,0.0,0.0,-0.006743295745712143,0.0,0.303023257462109,0.0,0.0,0.0
0.0,-2.8864936251425735,-1.1782738958270542,2.5226400704997296,3.790199832513893,-12.163748533713065,5.861897489878359,0.0,0.0
0.0,0.5929046708447868,0.3239734507300888,0.2836056896295967,-1.1335161178467559,-0.7763722292138026,0.7605706529323092,0.0,0.0
