EGFR,PI3K_AKT,mTOR,MEK_ERK,PKC,TGFb-SMAD,STAT3,DPD_NC,DPD_LB
0.0,-0.015004440923193784,0.018818506470754868,0.18738175094068854,-0.014591383004824177,0.7917323377591481,0.007347709147701329,0.0,0.0
-0.468184756099966,0.0,0.11324944853759203,0.26493023114935293,0.0,0.017424008233313727,0.415922402896301,0.0,0.0
-0.25788098796223957,0.4811554519232894,0.0,0.6171348029939107,0.09828824520433173,0.0,0.0,0.0,0.0
0.14246118718976383,0.14364585885364714,0.05578558246661171,0.0,0.0,0.39366551821714374,0.4596331300419791,0.0,0.0
0.5440921044607385,0.102763673498392,0.0,0.0,0.0,0.27420944175373857,0.00028098062520697144,0.0,0.0
0.7361568313987209,0.0,0.0,0.10605201795502442,0.0,0.0,0.0,0.0,0.0
0.4964186161559527,0.0,0.0,0.22864777250558774,0.0,0.0,0.0,0.0,0.0
0.0,1.1834350432027525,0.7078964286721253,1.9992829396284395,-0.8743649007305908,1.6607957338345543,-1.957437029644023,0.0,0.0
0.0,0.3899594499025471,-0.12651701203176685,0.18044417489750772,0.8918003055448499,-0.7194895606099901,-0.4777399129847634,0.0,0.0
