EGFR,PI3K_AKT,mTOR,MEK_ERK,PKC,TGFb-SMAD,STAT3,DPD_NC,DPD_LB
0.0,0.04506395074964933,0.0012419166264768286,0.28786420369316196,0.02558409504478143,0.4126285030950836,0.0,0.0,0.0
0.03559254257156478,0.0,0.05718578296813369,0.33005249066560277,0.0,-0.07490214346827662,0.19771779711376533,0.0,0.0
0.0,0.261034271307308,0.0,-0.4818535393786396,-0.13969800158573872,0.0,0.6803676815364758,0.0,0.0
-0.023757778882854314,0.0265125311896454,0.0014783072096116285,0.0,0.0,0.5991925865005747,0.3466473572996586,0.0,0.0
0.39223265683470515,0.0,0.18214002265058973,0.0,0.0,0.0,0.19781029479723714,0.0,0.0
0.48198111295579354,0.0,0.0,0.3983709668900045,0.0,0.0,0.0,0.0,0.0
0.31424295605178304,0.0,0.0,0.6733202436599042,0.0,0.0,0.0,0.0,0.0
0.0,-0.04200260557961496,0.09261821730362972,-0.5439577398968444,0.4186742797950557,0.4340019089883703,0.6424009454465762,0.0,0.0
0.0,0.5142782781799008,-0.15363672771246537,0.2913739288975252,-0.20767049498292658,-0.6919225054890286,-0.4037064221598407,0.0,0.0
