EGFR,PI3K_AKT,mTOR,MEK_ERK,PKC,TGFb-SMAD,STAT3,DPD_NC,DPD_LB
0.0,0.05815519491981727,0.011729921648602575,0.6976878962624915,-0.004965718784875749,0.05203489121536732,0.0,0.0,0.0
0.7175793340711085,0.0,-0.052481771939364444,-0.5096508347196652,0.231919154348333,-0.3745595027654772,0.5392108422807297,0.0,0.0
0.20639947631833047,0.508493621010435,0.0,-0.08796712040612502,0.10045197102648375,-0.2403312117173245,0.0,0.0,0.0
0.6962791216053031,0.08452531163195398,0.026665692574359974,0.0,0.01346918529396935,-0.07144843255697042,0.20065865637700667,0.0,0.0
0.258724035501562,0.7453276695064975,0.0,-0.083467995218911,0.0,0.0,0.0,0.0,0.0
-0.022017164715825877,-0.006513633659453,-0.0991254328215115,0.09166455878687732,0.0,0.0,1.053189936751783,0.0,0.0
-0.14047552303460276,0.19975560095426925,0.0,0.1991037732369355,0.0,0.45667671226731876,0.0,0.0,0.0
0.0,0.46228163969999275,-0.3272080477568145,-0.20371543071212664,-0.3553374252405242,0.3700069981160443,0.4689921162108209,0.0,0.0
0.0,0.007165630217929514,-0.3201097901605742,0.18539930724849274,0.367917889464308,-1.1149535020633299,-0.7645400300555616,0.0,0.0
