EGFR,PI3K_AKT,mTOR,MEK_ERK,PKC,TGFb-SMAD,STAT3,DPD_NC,DPD_LB
0.0,0.15211398324251085,0.019403971138915455,-0.35890990865567335,0.08277332662353029,0.11711944735911013,0.0,0.0,0.0
1.5043465972693328,0.0,-0.2737950470841735,0.08828506141902041,0.035312930038637856,-0.04134472078082669,0.13342465811311272,0.0,0.0
-0.6270719304203766,0.17320519452214642,0.0,0.8466931243760634,1.246062611449499,-1.0274879199883065,1.0144537144813015e-05,0.0,0.0
0.4998520535065539,-0.03760836984320272,0.012846802517543823,0.0,0.0,0.5778208854547577,-0.19121242558970036,0.0,0.0
-0.07543022206969986,0.4980566606315727,0.0,0.0,0.0,0.0,0.2807485610854714,0.0,0.0
0.10246728737716596,0.024749629403984,-0.029842028574925288,0.04089377784910986,0.0,0.0,0.485901608525469,0.0,0.0
0.16798730698745498,0.0,0.04733393955026486,0.24589005876948558,0.0,0.3217024121941084,0.0,0.0,0.0
0.0,-0.11027631569488558,0.042749637335979744,0.16959530316339191,0.2087936522305245,-0.050015947399940607,0.3071297424581142,0.0,0.0
0.0,2.3042075570289287,-1.5117925156573064,1.1057109541520707,-2.2003988680346436,-12.44199003049221,12.479824901711869,0.0,0.0
