EGFR,PI3K_AKT,mTOR,MEK_ERK,PKC,TGFb-SMAD,STAT3,DPD_NC,DPD_LB
0.0,0.05786113595821875,0.0660358242139585,0.19531551468451125,0.06817817530822075,1.0342044770703105,0.0,0.0,0.0
0.2779146301511145,0.0,0.069074432005113,0.1005231915451272,0.2727888046771375,0.15388656205318502,-0.06299146093355273,0.0,0.0
0.0,-0.05573510986804575,0.0,0.21061070257575448,1.088708509530969,0.0,0.0,0.0,0.0
1.237094051136581,0.1397737490416842,-0.14522704753554974,0.0,0.0,-0.4158251013358357,-0.4041288602176467,0.0,0.0
0.24002369115938074,0.31557443353417575,0.0,0.0,0.0,0.0,0.0,0.0,0.0
0.5053124789914055,0.0,-0.060039263711989,-0.1286141916657135,0.0,0.0,0.0,0.0,0.0
0.6187591070637535,0.0,0.0,-0.18858590180864124,0.0,0.0,0.0,0.0,0.0
0.0,0.0,0.0,0.05157540360460547,0.15075258977304323,-0.0141719354905912,0.0,0.0,0.0
0.0,0.200507899140148,-0.5946089356291823,0.699913309660024,1.1062094909112026,2.738266384661072,-1.6855889171571803,0.0,0.0
