EGFR,PI3K_AKT,mTOR,MEK_ERK,PKC,TGFb-SMAD,STAT3,DPD_NC,DPD_LB
0.0,0.3865835348498873,0.05709361787234873,0.5712945937233552,-0.314124494201186,0.25084758225504683,0.0,0.0,0.0
0.15007118439810496,0.0,-0.001305794772939425,-0.11486604217731057,0.0022480290744408,0.07221752519457816,0.46775978919402544,0.0,0.0
0.6247351294483651,-0.8060446761994915,0.0,0.6726538435311082,1.789631701881345,-7.39698347827e-05,-1.5399922756261726,0.0,0.0
0.7786975506643513,-0.10205415629625206,-0.025169636071262352,0.0,0.0,0.020538935571614327,-0.16376877844864002,0.0,0.0
0.3272351021272303,0.14924580674142224,0.0,0.0,0.0,0.0,0.0,0.0,0.0
0.13702819432039376,0.0,0.0,0.0,0.0,0.0,0.799229294737035,0.0,0.0
0.189509225080677,0.0,0.0,-0.082044468739429,0.0,0.2946369317866182,0.0,0.0,0.0
0.0,0.1423462745102225,0.41122778545938066,0.4445773687382442,0.10901132570775526,-0.5755637547994052,-0.20797330036204748,0.0,0.0
0.0,0.586108540459467,-0.28722506595374175,0.5655005946226307,-0.1188912977007375,-1.0352921576234486,0.3869209830030812,0.0,0.0
