EGFR,PI3K_AKT,mTOR,MEK_ERK,PKC,TGFb-SMAD,STAT3,DPD_NC,DPD_LB
0.0,0.0052355500892793,0.0009820467525856,0.0008106518029104,-0.00404897422507935,0.5653785649416747,0.0,0.0,0.0
-0.09178792200690426,0.0,0.0327269413949536,0.04970829893986797,0.0,0.3115127086850268,-0.01115697185405135,0.0,0.0
0.0,0.5228719917030465,0.0,0.395685197113757,0.775839494107251,0.0,-0.13995227683407174,0.0,0.0
0.4016020858858021,-0.07196776652280175,0.09465737607296355,0.0,0.001945975724974975,-0.5141263969888722,0.526539588002898,0.0,0.0
0.762336310970583,0.0,0.0,0.0,0.0,0.008114393832648024,0.0,0.0,0.0
1.1172324956792266,0.0,0.0,0.0,0.0,0.0,0.0,0.0,0.0
-0.14139199088425494,0.0,0.0,0.00019204926198898575,0.0,0.9729656777343475,0.0,0.0,0.0
0.0,0.1329641618688075,0.0431433929985,-0.3150614833392911,-0.06872671750580074,0.036691928706846275,0.27969893941596696,0.0,0.0
0.0,-2.070725285062216,-0.9087830593174688,-6.4173869614635315,-1.3339130040639036,-7.6179185108286065,-0.10329630153007602,0.0,0.0
