EGFR,PI3K_AKT,mTOR,MEK_ERK,PKC,TGFb-SMAD,STAT3,DPD_NC,DPD_LB
0.0,0.07295449396565833,0.05729652345682884,0.4367463630666961,0.09761758048195668,0.16217374830267287,0.007301145509840558,0.0,0.0
1.0331069822357646,0.0,-0.09245932402339506,-0.022447265014078423,0.0037012239344131432,-0.3643907547628934,0.2882796094384978,0.0,0.0
-0.0876419526889967,0.25632211543257705,0.0,0.33794189851414985,0.6398276155961804,0.3984029749027299,0.025184451684838273,0.0,0.0
1.0911883914509029,0.049526468217432375,-0.0077504243200492194,0.0,0.11682693167059992,0.14078466673120812,-0.14939667073417245,0.0,0.0
0.8546671805977528,0.048197970171413765,0.10610776854362028,0.1887215665958639,0.0,-0.015993306791236946,-0.06680527432391128,0.0,0.0
0.8876475215970245,0.01698517286923686,0.00018473003451925714,-0.42308112211602106,-0.012365847306607487,0.0,0.030839462635261942,0.0,0.0
-0.01994287952207317,0.37424699066042005,-0.06799562746056056,0.17417992830113788,-0.2838808530812264,1.4500683458244328,0.0,0.0,0.0
0.0,-0.862787306960784,-0.07376550221326512,0.01470588897824857,0.6544343080891853,-1.154163465404163,0.4423261524582734,0.0,0.0
0.0,-3.6968362500672947,4.756073085127068,4.665465839769878,-3.443435824480575,-9.075429631185774,-0.149611916013428,0.0,0.0
