EGFR,PI3K_AKT,mTOR,MEK_ERK,PKC,TGFb-SMAD,STAT3,DPD_NC,DPD_LB
0.0,0.14651171908375843,-0.0006862598671941104,0.02524584501066057,-0.13976420209958448,0.58887940908636,1.2555360029187172e-05,0.0,0.0
0.5533357601248048,0.0,-0.017466783655084757,-0.07879768543842944,0.0,-0.33857733900530435,-0.17532842927377756,0.0,0.0
0.0,0.0002457370221734857,0.0,0.1543832642220823,0.5760973505162633,-0.0005710960187037286,0.0,0.0,0.0
1.378921295778204,0.05728256647583756,0.053834289253523404,0.0,0.0,-0.26139015633218177,-0.5620073565730245,0.0,0.0
0.4738488642050888,0.0,0.0,0.0,0.0,0.24635996620129288,0.0,0.0,0.0
0.5651264185180335,0.0,0.0,-0.05629347437592199,0.0,0.0,0.0,0.0,0.0
0.5069261479872449,0.0,0.0,-0.05402351033381957,0.0,0.0,0.0,0.0,0.0
0.0,-0.8484137226756433,0.1509298712845886,-1.1951789316087351,-1.2105913422720078,-0.1818242787964453,0.8043377233650492,0.0,0.0
0.0,0.27914547941874357,0.135562544615707,-0.37352334494750183,-1.6131894003329026,-0.44333703820073556,0.8980619360446808,0.0,0.0
