EGFR,PI3K_AKT,mTOR,MEK_ERK,PKC,TGFb-SMAD,STAT3,DPD_NC,DPD_LB
0.0,0.195750596680168,0.08124409259935601,0.11864396194739922,-0.23981561463961,0.35911433932575704,0.060718373473562556,0.0,0.0
1.0015981616371976,0.0,-0.2522806779799105,0.7131247626481972,0.3997824992541989,-0.7404069013467812,-0.7551022926898907,0.0,0.0
0.09225359643188845,0.07494274809153614,0.0,-0.11763681085852028,0.9556163911218102,0.2209391606573465,-0.05088757782285117,0.0,0.0
0.5485673214384333,0.22447854834403883,0.06984713847071536,0.0,0.0026294185749933577,0.021979394392560452,0.28805533401478645,0.0,0.0
0.0978637831620077,0.05653574147677629,-0.03790999276306215,0.22384644102218285,0.0,0.0,0.0,0.0,0.0
0.2798647864296436,0.0,-0.02742530091605014,0.03392705801250343,0.0,0.0,0.2650476308333417,0.0,0.0
-0.16337429550891,0.0,0.0,0.16419541931818257,0.0,0.9208818944086342,0.0,0.0,0.0
0.0,0.02592182566349216,0.06642712435292385,0.1946784070132894,0.19625362375142189,0.06444336100401112,0.10165594034535311,0.0,0.0
0.0,0.38343574398883556,-0.14443408168189573,-0.6517254932653334,0.152518122404199,-0.0021118346888284257,1.2054996758119823,0.0,0.0
