EGFR,PI3K_AKT,mTOR,MEK_ERK,PKC,TGFb-SMAD,STAT3,DPD_NC,DPD_LB
0.0,0.11690360266559074,0.04524441627984785,-0.2543651128905175,0.11578603683898075,0.3174432143036755,0.0,0.0,0.0
1.317018209055094,0.0,-0.27143820852893574,0.20503459697727974,0.0,0.8298207415037743,0.29226063744858377,0.0,0.0
0.0,0.10073692154062025,0.0,0.7097988553808354,0.6422015736227802,-1.4237797430456949,0.0,0.0,0.0
0.5607145518527548,0.020474437177157002,0.00625696980405265,0.0,0.0,0.17714321095672012,0.2557729996731155,0.0,0.0
0.5942816639383077,0.090092769943994,0.0,0.0,0.0,0.7402321176183926,0.0,0.0,0.0
0.23485949925496574,0.0,0.0,0.23014435765338398,0.0,0.0,0.514880759366935,0.0,0.0
0.2171848198962175,0.0,0.0,0.3458184560408465,0.0,0.4162564022472445,0.0,0.0,0.0
0.0,-1.3685448491340625e-05,0.043236229903382,0.3928679936550342,0.073398929224208,-0.008308464942739225,0.32020349463042797,0.0,0.0
0.0,0.0,7.258316558656394,5.080044650931825,10.839078245842382,10.070917465901283,5.775564043852694,0.0,0.0
