EGFR,PI3K_AKT,mTOR,MEK_ERK,PKC,TGFb-SMAD,STAT3,DPD_NC,DPD_LB
0.0,0.1621542841701465,0.007005217503580285,0.7682432485762145,-0.26509934740901153,0.28212646645356576,0.0,0.0,0.0
0.8514214077747119,0.0,-0.19573198823925947,-1.3554008775852864,0.19224012832143428,-0.0003728072675481412,-0.1582313830179374,0.0,0.0
0.0,0.4302065961625109,0.0,0.2642908670231344,0.6176109640354083,0.0,0.0,0.0,0.0
0.09637141830556485,0.2488448118670183,0.07651085131638287,0.0,0.0,0.2214546582687545,0.04199920769023452,0.0,0.0
0.15827584701612699,0.0,0.1413149446606663,0.0,0.0,0.0,0.31853278695557,0.0,0.0
0.06182442066506261,0.0,0.0,0.26142448477103986,0.0,0.0,0.3393051280507259,0.0,0.0
-0.08029894231447969,0.0,0.0,0.29276393280031815,0.0,0.4363786460262523,0.0,0.0,0.0
0.0,-0.14291971667528444,-0.04775172589613557,-0.13359368228608084,0.16573763108921108,0.5984194478965209,0.3689142395236823,0.0,0.0
0.0,1.1947171518895552,1.2275976899897334,-0.04986493147991072,-2.530445854085825,-2.8971855075687203,5.7208868906108785,0.0,0.0
