,EGFR,PI3K_AKT,mTOR,MEK_ERK,PKC,TGFb-SMAD,STAT3,DPD_NC,DPD_LB
0,0.0,0.8387096774193549,0.8064516129032258,0.967741935483871,0.8110599078341013,1.0,0.03225806451612903,0.0,0.0
1,1.0,0.0,0.9078341013824884,1.0,0.46082949308755755,0.967741935483871,1.0,0.0,0.0
2,0.3640552995391705,0.9400921658986175,0.0,0.9400921658986175,1.0,0.4009216589861751,0.14285714285714288,0.0,0.0
3,1.0,0.7788018433179723,0.8433179723502304,0.0,0.03686635944700461,1.0,1.0,0.0,0.0
4,0.9170506912442395,0.5253456221198156,0.28571428571428575,0.1751152073732719,0.0,0.14746543778801843,0.2027649769585253,0.0,0.0
5,0.9723502304147466,0.06451612903225806,0.07834101382488479,0.7327188940092166,0.06912442396313363,0.0,0.3870967741935484,0.0,0.0
6,0.9447004608294931,0.11059907834101382,0.03686635944700461,0.8433179723502304,0.152073732718894,0.5069124423963134,0.0,0.0,0.0
7,0.0,0.9354838709677419,0.815668202764977,0.9354838709677419,0.9078341013824884,1.0,1.0,0.0,0.0
8,0.0,1.0,1.0,1.0,1.0,1.0,1.0,0.0,0.0
