,EGFR,PI3K_AKT,mTOR,MEK_ERK,PKC,TGFb-SMAD,STAT3,DPD_NC,DPD_LB
0,0.0,1.0,1.0,1.0,1.0,1.0,0.0,0.0,0.0
1,1.0,0.0,1.0,1.0,0.16666666666666666,1.0,1.0,0.0,0.0
2,0.8333333333333334,1.0,0.0,1.0,1.0,0.8333333333333334,0.6666666666666666,0.0,0.0
3,1.0,1.0,1.0,0.0,0.0,1.0,1.0,0.0,0.0
4,1.0,0.6666666666666666,0.0,0.19047619047619047,0.0,0.35714285714285715,0.35714285714285715,0.0,0.0
5,1.0,0.16666666666666666,0.5238095238095238,1.0,0.0,0.0,0.5476190476190476,0.0,0.0
6,1.0,0.8333333333333334,0.35714285714285715,1.0,0.6904761904761904,1.0,0.0,0.0,0.0
7,0.0,1.0,1.0,1.0,1.0,1.0,1.0,0.0,0.0
8,0.0,1.0,0.8333333333333334,1.0,1.0,1.0,1.0,0.0,0.0
