,EGFR,PI3K_AKT,mTOR,MEK_ERK,PKC,TGFb-SMAD,STAT3,DPD_NC,DPD_LB
0,0.0,0.875,0.875,1.0,0.75,1.0,0.0,0.0,0.0
1,1.0,0.0,1.0,1.0,0.16666666666666666,1.0,1.0,0.0,0.0
2,0.8333333333333334,1.0,0.0,1.0,1.0,0.6666666666666666,0.5,0.0,0.0
3,1.0,1.0,1.0,0.0,0.0,1.0,1.0,0.0,0.0
4,0.8333333333333334,0.4166666666666667,0.0,0.041666666666666664,0.0,0.375,0.08333333333333333,0.0,0.0
5,0.8333333333333334,0.16666666666666666,0.4166666666666667,0.875,0.0,0.0,0.375,0.0,0.0
6,1.0,0.4166666666666667,0.125,0.6666666666666666,0.20833333333333334,0.5416666666666666,0.0,0.0,0.0
7,0.0,1.0,0.8333333333333334,1.0,1.0,1.0,1.0,0.0,0.0
8,0.0,0.8333333333333334,0.8333333333333334,1.0,1.0,1.0,1.0,0.0,0.0
