,EGFR,PI3K_AKT,mTOR,MEK_ERK,PKC,TGFb-SMAD,STAT3,DPD_NC,DPD_LB
0,0.0,0.04346918956362226,0.060972607235374836,0.39482553996580255,0.11667046313251872,0.29845979489774127,0.0013890472902534558,0.0,0.0
1,0.37225065288987996,0.0,-0.01421470794368153,0.06574125569216735,0.0780655430668387,-0.31467705974202514,0.36611111676259966,0.0,0.0
2,0.411553275808541,0.0343565949989956,0.0,-0.055856086766247086,0.395707312611189,-0.2120982022533464,-0.10406951385821213,0.0,0.0
3,0.5895292727806404,0.2149752102393078,0.1057271714053441,0.0,0.018715374294281332,-0.07044855217331886,0.21641587787718577,0.0,0.0
4,0.3855717167062398,0.2648093765197939,0.04141471123442877,0.0302707710594835,0.0,0.1133775979107226,0.03191193253600828,0.0,0.0
5,0.3942951682730145,0.039142616168162024,-0.08228664760729369,-0.04322134357843884,0.021644969693621566,0.0,0.09081284116048005,0.0,0.0
6,-0.15146190857804345,0.2973636653649465,-0.1380417498129757,0.03831033505202861,-0.21426480971917053,0.6774600456576539,0.0,0.0,0.0
7,0.0,2.7907810851270995,-1.2701856855281883,-0.5093546555575323,0.5242186050641066,-0.09773861611234454,0.7112701277290002,0.0,0.0
8,0.0,-0.5773757977448244,1.1251270510624234,2.6596697241190275,-0.10590547761128451,-3.4252564558978427,0.3702678522567395,0.0,0.0
